chatcmpl-8MvNlgd0ltM0D2WY2IpFQGgFxrUJr, 1, 1, 1, 1, 2, 2, 1, 2, 1, 1, 1, 2, 1, 2, 1, 1, 1, 1, 1, 1, 1, 2, 1, 1, 1, 1, 1, 1, 1, 1, 1, 2, 1, 1, 2, 1, 1, 1, 2, 1, 1, 1
chatcmpl-8MvRzQC6obgXrvmlXAFNyH7mFHEty, 1, 1, 2, 1, 2, 2, 1, 3, 1, 2, 2, 3, 2, 2, 1, 2, 2, 2, 1, 1, 2, 3, 1, 3, 1, 2, 2, 1, 3, 1, 2, 2, 3, 2, 2, 1, 2, 2, 2, 1, 1, 2
chatcmpl-8MvV58do1YFciK8529XRmh0miQWhY, 2, 1, 2, 1, 3, 2, 1, 2, 2, 2, 2, 3, 2, 2, 1, 2, 1, 2, 1, 1, 2, 3, 1, 2, 1, 2, 2, 1, 3, 1, 2, 2, 3, 1, 2, 1, 2, 2, 2, 1, 1, 2
chatcmpl-8MvYHFRjx2JDodCx3udAahQvWQMfs, 2, 1, 1, 1, 2, 2, 1, 3, 2, 1, 2, 2, 1, 1, 1, 1, 1, 2, 1, 1, 1, 3, 1, 1, 1, 1, 2, 1, 2, 1, 1, 1, 2, 1, 1, 1, 1, 1, 2, 1, 1, 2
chatcmpl-8MvbWUwh2BtK7UFOugoHpUrvrq4J0, 2, 1, 1, 1, 2, 2, 1, 3, 1, 1, 2, 2, 1, 2, 1, 1, 1, 1, 1, 1, 1, 2, 1, 1, 1, 1, 1, 1, 2, 1, 1, 1, 2, 1, 1, 1, 1, 1, 2, 1, 1, 1
chatcmpl-8MvknCmdepF8WYteTfyzhyY1eQdHq, 2, 1, 2, 1, 2, 2, 1, 3, 1, 2, 2, 1, 1, 1, 1, 1, 1, 2, 1, 1, 1, 2, 1, 1, 1, 1, 2, 1, 2, 1, 1, 2, 2, 1, 2, 1, 1, 1, 2, 1, 1, 1
chatcmpl-8Mvnd9Ne0r0tB9yvkGrBN7PrdAoRh, 2, 1, 2, 1, 2, 2, 1, 3, 3, 2, 2, 3, 2, 2, 1, 3, 2, 2, 1, 2, 2, 3, 1, 3, 1, 3, 2, 2, 3, 2, 2, 3, 3, 2, 2, 2, 3, 3, 3, 3, 1, 2
chatcmpl-8MvqrS7lrK2Fn6QcKMf0r8Ew5ggls, 1, 1, 2, 1, 2, 2, 1, 3, 2, 2, 2, 3, 2, 2, 1, 2, 2, 2, 1, 1, 2, 3, 1, 2, 1, 2, 2, 1, 3, 1, 2, 2, 2, 2, 3, 1, 2, 2, 2, 1, 1, 2
chatcmpl-8MvtdRSyI9IjflmFM9upiwHXoJstP, 2, 1, 1, 1, 2, 2, 1, 3, 2, 1, 2, 2, 1, 2, 1, 1, 1, 2, 1, 1, 1, 2, 1, 1, 1, 2, 2, 2, 2, 1, 1, 2, 2, 1, 2, 1, 1, 1, 2, 2, 1, 2
chatcmpl-8MvwzUGH3QQT2gGT6W4G1CMCasu7o, 1, 1, 1, 1, 2, 2, 1, 3, 1, 1, 2, 1, 1, 2, 1, 1, 1, 2, 1, 1, 1, 2, 1, 1, 1, 1, 2, 1, 3, 1, 1, 2, 2, 1, 3, 1, 1, 1, 2, 1, 1, 3
chatcmpl-8W0YAvQgKJmM1C7UZFRgNRciFViMA, 2, 1, 2, 1, 3, 1, 1, 3, 1, 1, 2, 2, 2, 2, 1, 2, 1, 2, 1, 1, 1, 2, 1, 2, 1, 2, 2, 1, 2, 1, 2, 1, 2, 1, 1, 1, 1, 1, 2, 1, 1, 2
chatcmpl-8W0YpqpeuC3AeNlWNCZYdv3IlCH3j, 1, 1, 1, 1, 2, 2, 1, 3, 1, 2, 2, 2, 2, 2, 1, 1, 1, 2, 1, 1, 2, 2, 1, 1, 1, 2, 2, 1, 2, 1, 2, 2, 2, 1, 2, 1, 2, 1, 2, 1, 1, 2
chatcmpl-8W0ZjGftTBBjq6sNR0uBhJL5eefMC, 2, 1, 1, 1, 2, 2, 1, 3, 1, 2, 2, 3, 1, 2, 1, 2, 1, 2, 1, 1, 2, 3, 1, 2, 1, 1, 2, 1, 2, 1, 2, 3, 2, 1, 2, 1, 2, 1, 2, 3, 1, 2
chatcmpl-8W0ajbmcQQ86g6ccplj0roRPEbUCp, 2, 1, 2, 1, 1, 2, 1, 3, 2, 1, 2, 3, 2, 1, 1, 2, 1, 2, 1, 1, 1, 2, 1, 2, 1, 2, 2, 1, 2, 1, 2, 2, 2, 1, 2, 1, 1, 1, 2, 1, 1, 2
chatcmpl-8W0bRCTA1ZgREHziOhaxb28WTzNnZ, 2, 1, 1, 1, 3, 2, 1, 3, 1, 1, 2, 2, 1, 2, 1, 1, 1, 2, 1, 1, 1, 3, 1, 1, 1, 1, 2, 1, 2, 1, 1, 2, 2, 1, 2, 1, 1, 1, 2, 1, 1, 2
chatcmpl-8W0c0FFXrOVPVinObRDxlX568nrWu, 2, 1, 1, 1, 2, 2, 1, 2, 1, 1, 2, 2, 2, 2, 1, 2, 1, 2, 1, 1, 1, 2, 1, 2, 1, 2, 2, 1, 2, 1, 2, 2, 2, 1, 2, 1, 2, 1, 2, 1, 1, 2
chatcmpl-8W0cYHF3i2FHEkmxlsgFoOOHGixSC, 2, 1, 1, 1, 1, 1, 1, 2, 1, 1, 1, 1, 1, 1, 1, 1, 1, 1, 1, 1, 1, 2, 1, 1, 1, 1, 1, 1, 2, 1, 1, 1, 1, 1, 1, 1, 1, 1, 1, 1, 1, 1
chatcmpl-8W0d2px24lq0r6jW92kkNELgfksn4, 2, 1, 1, 1, 3, 2, 1, 3, 2, 1, 2, 2, 1, 2, 1, 1, 1, 2, 1, 1, 1, 3, 1, 1, 1, 1, 2, 1, 2, 1, 1, 2, 2, 1, 2, 1, 1, 1, 2, 1, 1, 2
chatcmpl-8W0dcd1gMK958LBxTqC19Ry6fXtMe, 2, 1, 1, 1, 3, 2, 1, 3, 3, 2, 2, 3, 3, 2, 1, 2, 1, 3, 1, 1, 2, 3, 1, 2, 1, 3, 2, 3, 3, 1, 2, 3, 3, 1, 3, 1, 3, 2, 2, 2, 1, 2
chatcmpl-8W0ejSLVziWmmsDElArXtvPpRbD0G, 1, 1, 1, 1, 2, 2, 1, 3, 1, 1, 2, 1, 1, 1, 1, 1, 1, 2, 1, 1, 1, 2, 1, 1, 1, 1, 2, 1, 1, 1, 1, 1, 2, 1, 1, 1, 1, 1, 2, 1, 1, 1
chatcmpl-8W0fYor9WrSsa0andqm8mvWMtiitT, 1, 2, 1, 1, 1, 1, 1, 3, 2, 1, 1, 1, 1, 1, 1, 1, 1, 1, 1, 1, 1, 2, 1, 1, 1, 1, 1, 1, 1, 1, 1, 1, 1, 1, 1, 1, 1, 1, 1, 1, 1, 1
chatcmpl-8W0gKoWKEyIVYrG0Brq1GTpMLu5cH, 1, 1, 1, 1, 1, 1, 1, 2, 2, 1, 1, 1, 1, 1, 1, 1, 1, 1, 1, 1, 1, 2, 1, 1, 1, 1, 1, 1, 2, 1, 1, 1, 1, 1, 1, 1, 1, 1, 1, 1, 1, 2
chatcmpl-8W0h3GFdySiVe8Ybn27jAm1We9VaC, 1, 1, 1, 1, 2, 2, 1, 2, 2, 1, 1, 2, 1, 2, 1, 1, 1, 1, 1, 1, 1, 2, 1, 1, 1, 1, 1, 1, 2, 1, 1, 1, 1, 1, 1, 1, 1, 1, 1, 1, 1, 1
chatcmpl-8W0hy8UTSEVKrsTNlQsmhAqLIvQDf, 1, 1, 1, 1, 2, 1, 1, 2, 1, 1, 1, 3, 1, 1, 1, 1, 1, 1, 1, 1, 1, 1, 1, 1, 1, 1, 1, 1, 1, 1, 1, 1, 2, 1, 1, 1, 1, 1, 2, 1, 1, 1
chatcmpl-8W0imwKxKDBAEDnSvQGWZULsUqPu8, 1, 1, 1, 1, 2, 2, 1, 3, 1, 1, 2, 3, 1, 2, 1, 1, 1, 2, 1, 1, 1, 2, 1, 1, 1, 1, 2, 1, 2, 1, 1, 2, 2, 1, 2, 1, 1, 1, 2, 1, 1, 2
chatcmpl-8W0jYEx0l2GFariVPExuseaT8W906, 1, 1, 1, 1, 2, 2, 1, 3, 2, 1, 2, 2, 1, 1, 1, 1, 1, 2, 1, 1, 1, 1, 1, 1, 1, 1, 2, 1, 1, 1, 1, 2, 2, 1, 2, 1, 1, 1, 2, 1, 1, 2
chatcmpl-8W0kO5wafKyBmDngW4tLjDKDbH2wg, 2, 1, 1, 1, 2, 2, 1, 3, 1, 1, 2, 2, 1, 2, 1, 1, 1, 2, 1, 1, 1, 2, 1, 1, 1, 2, 2, 1, 2, 1, 1, 2, 2, 1, 2, 1, 1, 1, 2, 1, 1, 2
chatcmpl-8W0l0cPHNYTdcqV7tAxr3j1apXFJA, 2, 2, 1, 1, 2, 2, 1, 3, 3, 2, 2, 3, 2, 2, 1, 2, 1, 2, 1, 1, 1, 3, 1, 2, 1, 2, 2, 3, 2, 2, 2, 2, 3, 1, 2, 1, 2, 1, 2, 2, 1, 2
chatcmpl-8W0lmUt4EfSoujHClds2eBwzbmZAe, 2, 1, 2, 1, 3, 2, 1, 3, 3, 2, 2, 3, 2, 2, 1, 3, 2, 2, 1, 2, 2, 3, 1, 2, 1, 2, 2, 2, 3, 2, 2, 2, 3, 2, 2, 2, 2, 2, 2, 2, 1, 2
chatcmpl-8W0mdgAn7KLD373Ur9RguZJM8NgN0, 2, 1, 2, 1, 3, 2, 1, 2, 3, 2, 2, 1, 2, 2, 1, 2, 1, 2, 1, 1, 2, 3, 1, 2, 1, 2, 2, 1, 3, 1, 2, 3, 2, 1, 2, 1, 2, 2, 2, 2, 1, 3
chatcmpl-8W0nF7lOl0blcO3A2vCWv00VYqUQY, 1, 2, 2, 1, 3, 2, 1, 2, 1, 2, 2, 3, 2, 2, 1, 1, 1, 2, 1, 1, 2, 2, 1, 2, 1, 2, 2, 1, 2, 1, 2, 2, 2, 1, 2, 1, 2, 1, 2, 1, 1, 2
chatcmpl-8W0ntyEsvJ4t0apxcKHgmZUgkgX9I, 2, 1, 1, 1, 2, 2, 1, 3, 1, 1, 2, 3, 1, 2, 1, 1, 1, 3, 1, 1, 1, 2, 1, 1, 1, 1, 2, 1, 1, 1, 1, 2, 2, 1, 2, 1, 1, 1, 2, 1, 1, 2
chatcmpl-8W0onkV3hMlOvI0ZQ5itcU53wovKD, 2, 1, 1, 1, 3, 2, 1, 3, 2, 2, 3, 4, 1, 1, 1, 3, 1, 2, 1, 2, 2, 3, 1, 3, 1, 1, 2, 2, 3, 2, 3, 2, 3, 1, 2, 2, 2, 2, 2, 2, 1, 2
chatcmpl-8W0pUbE38V1w73saRBsZGEhE5lJhN, 2, 1, 2, 1, 2, 2, 1, 2, 1, 1, 2, 3, 1, 2, 1, 2, 1, 2, 1, 1, 1, 3, 1, 2, 1, 1, 2, 1, 2, 1, 2, 2, 2, 1, 2, 1, 1, 1, 2, 1, 1, 2
chatcmpl-8W0q6VtFtgVnbeStnGbJ94LS81XCS, 1, 1, 1, 1, 2, 2, 1, 2, 1, 2, 2, 2, 1, 1, 1, 1, 1, 2, 1, 1, 1, 3, 1, 1, 1, 1, 1, 1, 1, 1, 1, 1, 2, 1, 1, 1, 1, 1, 2, 1, 1, 1
chatcmpl-8W0qrY6TDroPk0DbiRk0PYOryRHtQ, 2, 1, 1, 1, 3, 2, 1, 3, 3, 2, 2, 3, 2, 2, 1, 1, 1, 2, 1, 2, 1, 3, 1, 1, 1, 2, 2, 1, 3, 2, 2, 2, 3, 1, 2, 1, 2, 1, 2, 2, 1, 2
chatcmpl-8W0rqbplmerJOyNY7rfyWzM0N6m0u, 1, 1, 2, 1, 2, 2, 1, 3, 1, 2, 2, 2, 2, 2, 1, 2, 2, 2, 1, 1, 2, 3, 1, 2, 1, 1, 2, 1, 3, 1, 2, 2, 2, 2, 2, 1, 2, 1, 2, 1, 1, 2
chatcmpl-8W0sSnQINww4Ohi6JWJpodmwGVpQS, 2, 1, 2, 1, 1, 2, 1, 3, 1, 1, 2, 3, 2, 2, 1, 2, 1, 2, 1, 1, 1, 3, 1, 2, 1, 2, 2, 1, 2, 1, 2, 2, 2, 1, 1, 1, 1, 1, 2, 1, 1, 3
chatcmpl-8W0t5UkRee9eyJWY65sVJ3JONpMYU, 2, 1, 2, 1, 2, 2, 1, 3, 2, 2, 2, 2, 2, 2, 1, 3, 2, 2, 1, 2, 3, 2, 1, 2, 1, 3, 2, 2, 3, 2, 3, 3, 2, 3, 2, 2, 2, 3, 2, 2, 1, 2
chatcmpl-8W0twaNnl8BEXYCJGfiOUZi2iEWtk, 3, 2, 2, 1, 2, 2, 1, 3, 2, 2, 2, 3, 3, 2, 1, 3, 3, 2, 2, 2, 3, 3, 1, 3, 2, 3, 3, 3, 3, 2, 3, 2, 3, 3, 2, 3, 3, 3, 3, 3, 2, 2
chatcmpl-8W0vRA9IJsXd7EV4FwYwHYRHkH81f, 1, 1, 1, 1, 2, 2, 1, 2, 2, 1, 2, 2, 1, 2, 1, 2, 1, 2, 1, 1, 1, 2, 1, 2, 1, 1, 2, 1, 2, 1, 2, 2, 2, 1, 2, 1, 1, 1, 2, 1, 1, 2
chatcmpl-8W0w48rZ07KgYb1o0cdpVIJl3Cao4, 1, 1, 1, 1, 2, 2, 1, 3, 1, 2, 2, 2, 1, 1, 1, 1, 1, 1, 1, 1, 2, 3, 1, 1, 1, 1, 1, 1, 2, 1, 1, 2, 1, 1, 2, 1, 1, 1, 2, 1, 1, 2
chatcmpl-8W0wle1lINd0aiQFvTbLUUPfd04gQ, 2, 1, 2, 1, 3, 2, 1, 3, 2, 2, 2, 3, 2, 2, 1, 3, 2, 2, 1, 1, 2, 3, 1, 3, 1, 2, 2, 2, 3, 2, 2, 2, 3, 2, 2, 2, 2, 2, 2, 3, 1, 2
chatcmpl-8W0xSMzX1xPCL5zBmhe7N4zt3Ucgq, 2, 1, 2, 1, 3, 2, 1, 3, 2, 2, 2, 3, 2, 2, 1, 2, 1, 2, 1, 1, 1, 3, 1, 3, 1, 2, 2, 1, 3, 1, 2, 2, 3, 1, 2, 1, 1, 1, 2, 1, 1, 2
chatcmpl-8W0y7GweUjwywli0iwlqcWMX3nXWP, 1, 1, 1, 1, 3, 2, 1, 3, 2, 1, 1, 3, 1, 2, 1, 1, 1, 2, 1, 1, 1, 2, 1, 1, 1, 1, 2, 1, 2, 1, 1, 2, 1, 1, 2, 1, 1, 1, 2, 1, 1, 1
chatcmpl-8W0yr0VAw5Lo21sUJv77iHXcCdtfJ, 2, 1, 1, 1, 2, 2, 1, 3, 1, 1, 2, 2, 2, 2, 1, 1, 2, 2, 1, 1, 1, 2, 1, 2, 1, 2, 2, 1, 2, 1, 2, 2, 2, 2, 2, 1, 1, 1, 2, 1, 1, 2
chatcmpl-8W0zaR9SrqcTYLkSSe1cTmeReVtNr, 2, 1, 2, 1, 3, 2, 1, 3, 1, 2, 2, 3, 2, 2, 1, 2, 1, 2, 1, 1, 1, 2, 1, 2, 1, 2, 2, 2, 3, 1, 2, 2, 3, 1, 2, 1, 2, 2, 2, 1, 1, 2
chatcmpl-8W10L7K95JYtBSI6CYZO7yQ2Z2QlE, 2, 1, 1, 1, 2, 2, 1, 2, 2, 1, 2, 3, 1, 2, 1, 1, 1, 2, 1, 1, 1, 2, 1, 1, 1, 1, 2, 1, 3, 1, 2, 3, 3, 1, 2, 1, 2, 1, 2, 1, 1, 2
chatcmpl-8W10v2YfnvBV415OyT8cEuaCt7IAF, 2, 1, 2, 1, 2, 2, 1, 3, 2, 1, 3, 3, 2, 1, 1, 2, 2, 2, 1, 1, 2, 3, 1, 2, 1, 2, 3, 3, 2, 1, 2, 2, 3, 2, 2, 1, 2, 1, 2, 2, 1, 2
chatcmpl-8W12La4DhvZPbR02ii0gB51eshOWs, 2, 1, 1, 1, 2, 1, 1, 3, 2, 1, 2, 2, 1, 1, 1, 1, 1, 2, 1, 1, 1, 2, 1, 1, 1, 1, 2, 1, 1, 1, 1, 2, 2, 1, 1, 1, 1, 1, 2, 1, 1, 1
chatcmpl-8W12uAtG3J6aBQ4dZQWYbO6gGP4Qj, 2, 3, 2, 1, 1, 2, 1, 3, 2, 1, 2, 2, 2, 2, 1, 2, 1, 2, 1, 1, 1, 2, 1, 2, 1, 2, 1, 1, 2, 1, 2, 1, 2, 1, 2, 1, 1, 1, 2, 1, 1, 2
chatcmpl-8W13WxcOACO4wK8BTnVUcxTJT5Dqf, 1, 2, 2, 1, 2, 2, 1, 3, 2, 2, 2, 2, 2, 2, 1, 3, 2, 2, 1, 2, 2, 3, 1, 2, 1, 2, 2, 2, 3, 2, 2, 2, 2, 2, 2, 2, 2, 2, 2, 2, 1, 2
chatcmpl-8W14ZFl06ZToBQJ0OdVgGCm1ldYqx, 2, 1, 1, 1, 2, 2, 1, 2, 1, 2, 2, 2, 1, 2, 1, 1, 1, 2, 1, 1, 1, 2, 1, 1, 1, 1, 2, 1, 1, 1, 1, 1, 2, 1, 2, 1, 1, 1, 2, 1, 1, 1
chatcmpl-8W15BVg9mITV938nCbgLmOrJeZd6b, 2, 1, 1, 1, 2, 1, 1, 2, 1, 1, 2, 2, 1, 2, 1, 1, 1, 1, 1, 1, 1, 2, 1, 1, 1, 1, 1, 1, 2, 1, 1, 2, 1, 1, 1, 1, 1, 1, 1, 1, 1, 1
chatcmpl-8W15uFJOQgWEjIhtei4U8fDKtrpza, 2, 1, 1, 1, 2, 2, 1, 2, 1, 2, 2, 2, 2, 2, 1, 2, 1, 2, 1, 1, 1, 2, 1, 2, 1, 2, 2, 1, 2, 1, 2, 2, 2, 1, 2, 1, 2, 1, 2, 2, 1, 2
chatcmpl-8W16nTR0WOJvkBJAfBUpuDBva5dMv, 1, 1, 1, 1, 3, 2, 1, 2, 2, 1, 2, 3, 1, 1, 1, 1, 1, 2, 1, 1, 1, 2, 1, 1, 1, 1, 1, 1, 1, 1, 1, 2, 2, 1, 2, 1, 1, 1, 2, 1, 1, 2
chatcmpl-8W17isfrRR7dlXdYKr65vPmMaILH7, 2, 1, 1, 1, 3, 2, 1, 3, 2, 2, 2, 4, 2, 2, 1, 2, 2, 2, 1, 1, 2, 3, 1, 2, 1, 2, 2, 1, 2, 1, 2, 2, 3, 2, 2, 1, 2, 2, 2, 2, 1, 2
chatcmpl-8W18UkO3reQb2bLneZbbY4813F1u7, 2, 1, 1, 1, 2, 1, 1, 3, 1, 2, 1, 2, 1, 2, 1, 1, 1, 1, 1, 1, 1, 2, 1, 1, 1, 1, 2, 1, 1, 1, 1, 1, 2, 1, 1, 1, 1, 1, 2, 1, 1, 1
chatcmpl-8W1HGAAKY15nrppUkY7v9QrQZe67w, 2, 1, 1, 1, 2, 2, 1, 2, 1, 1, 2, 2, 1, 1, 1, 1, 1, 2, 1, 1, 1, 2, 1, 1, 1, 1, 2, 1, 3, 1, 1, 2, 2, 1, 2, 1, 1, 1, 2, 1, 1, 1
chatcmpl-8W1Hqm76sVVMV5WIqsDQoJdJ4aVNL, 1, 1, 1, 1, 2, 2, 1, 2, 1, 1, 1, 1, 1, 1, 1, 1, 1, 1, 1, 1, 1, 2, 1, 1, 1, 1, 1, 1, 1, 1, 1, 1, 1, 1, 1, 1, 1, 1, 1, 1, 1, 1
chatcmpl-8W1IhwIwW22R3AhTr27jLedZZO1qr, 2, 1, 1, 1, 2, 2, 1, 3, 1, 2, 2, 3, 1, 1, 1, 1, 1, 2, 1, 1, 2, 2, 1, 1, 1, 1, 2, 1, 2, 1, 1, 1, 2, 1, 1, 1, 1, 1, 2, 1, 1, 1
chatcmpl-8W1K1LeoKRs3Fev9zRDLstZZ3zxuk, 2, 2, 2, 1, 2, 2, 1, 3, 2, 2, 2, 2, 2, 2, 1, 2, 2, 2, 1, 2, 2, 3, 1, 2, 1, 2, 2, 2, 2, 2, 2, 2, 2, 2, 2, 2, 2, 2, 2, 2, 1, 2
chatcmpl-8W1LAtkKXZAwf1HLUr9RaMJcZSVds, 1, 1, 1, 1, 3, 2, 1, 3, 1, 1, 2, 3, 1, 2, 1, 1, 1, 1, 1, 1, 1, 2, 1, 1, 1, 1, 2, 1, 3, 1, 1, 1, 1, 1, 1, 1, 1, 1, 2, 1, 1, 2
chatcmpl-8W1Lywck2W0DgqpWo5H99JMhCIM68, 2, 1, 1, 1, 2, 2, 1, 2, 2, 1, 2, 2, 2, 2, 1, 2, 1, 2, 1, 1, 1, 2, 1, 2, 1, 2, 2, 1, 2, 1, 2, 2, 2, 1, 2, 1, 1, 1, 2, 1, 1, 2
chatcmpl-8W1MeQlLnZeTeIselv6jhAypHEhDm, 2, 2, 1, 1, 3, 2, 1, 3, 2, 3, 2, 3, 2, 2, 1, 2, 1, 2, 2, 1, 2, 3, 1, 2, 1, 2, 2, 2, 3, 2, 2, 3, 3, 2, 3, 1, 2, 2, 2, 2, 2, 2
chatcmpl-8W1NH2MuWzsD77wiZgZ3ku0mXbcef, 1, 1, 1, 1, 2, 2, 1, 2, 1, 2, 1, 2, 1, 1, 1, 1, 1, 2, 1, 1, 1, 2, 1, 1, 1, 1, 1, 1, 1, 1, 1, 1, 1, 1, 1, 1, 1, 1, 1, 1, 1, 1
chatcmpl-8W1Nw1iMHs6rFMoFCy79y4JlWQNqR, 2, 1, 1, 1, 2, 3, 1, 3, 2, 1, 2, 2, 1, 2, 1, 2, 1, 2, 1, 1, 1, 3, 1, 2, 1, 1, 2, 2, 3, 1, 2, 2, 2, 1, 2, 1, 1, 1, 2, 1, 1, 2
chatcmpl-8W1OgAoO8Qlwy04g0VdBRKMrfF9Lp, 1, 1, 2, 1, 2, 2, 1, 3, 2, 2, 2, 2, 2, 2, 1, 2, 1, 2, 1, 1, 2, 2, 1, 2, 1, 2, 2, 1, 2, 1, 2, 2, 2, 1, 2, 1, 2, 2, 2, 1, 1, 2
chatcmpl-8W1PXHcV1PnGWaDgdVCkqFlKsHUbn, 1, 2, 1, 1, 2, 2, 1, 3, 1, 1, 2, 2, 1, 1, 1, 2, 1, 2, 1, 1, 2, 3, 1, 1, 1, 1, 2, 1, 3, 1, 2, 2, 2, 1, 2, 1, 2, 1, 2, 2, 1, 2
chatcmpl-8W1QNxxFiro4slTuBsY5T0nfr6zFa, 2, 1, 1, 1, 3, 2, 1, 3, 2, 2, 2, 3, 2, 2, 1, 2, 2, 2, 1, 2, 2, 3, 1, 2, 1, 2, 2, 2, 3, 2, 2, 2, 3, 2, 2, 2, 2, 2, 2, 2, 1, 2
chatcmpl-8W1RS1irDGzBpG2vUbU6LgWdXzPQ1, 2, 1, 2, 1, 3, 2, 1, 3, 3, 2, 2, 3, 2, 2, 1, 2, 2, 2, 1, 1, 2, 3, 1, 2, 1, 2, 2, 2, 3, 1, 2, 1, 3, 2, 1, 1, 2, 2, 2, 3, 1, 2
chatcmpl-8W1S9e1UdrJEbz79M0J3avMkp06GQ, 2, 1, 1, 1, 2, 2, 1, 3, 2, 1, 2, 2, 2, 2, 1, 2, 1, 2, 1, 1, 1, 2, 1, 2, 1, 2, 2, 1, 2, 1, 2, 1, 2, 1, 2, 1, 1, 1, 2, 1, 1, 2
chatcmpl-8W1Sk8JTDpJFWStvNmwJkqgsLC1Yb, 1, 1, 1, 1, 2, 2, 1, 2, 1, 2, 2, 2, 1, 1, 1, 1, 1, 2, 1, 1, 2, 2, 1, 2, 1, 1, 2, 1, 2, 2, 1, 1, 2, 1, 1, 1, 2, 1, 1, 1, 1, 2
chatcmpl-8W1TbJRJUBBCjgROJN95etoxNpigC, 2, 1, 2, 1, 3, 2, 1, 3, 1, 2, 2, 3, 2, 1, 1, 3, 2, 2, 1, 1, 2, 3, 1, 2, 1, 2, 2, 1, 3, 1, 2, 2, 3, 2, 2, 1, 2, 2, 2, 2, 1, 2
chatcmpl-8W1UFVyGD9wSUiSvd1znw6hhIVWpx, 1, 1, 1, 1, 2, 2, 1, 3, 1, 1, 1, 2, 1, 2, 1, 1, 1, 2, 1, 1, 1, 2, 1, 1, 1, 1, 2, 1, 1, 1, 1, 1, 2, 1, 2, 1, 1, 1, 2, 1, 1, 1
chatcmpl-8W1V6jy4YM1cliwhuVEO6YuzcFWcp, 1, 1, 2, 1, 2, 2, 1, 3, 1, 2, 2, 3, 2, 2, 1, 3, 2, 2, 1, 1, 2, 3, 1, 2, 1, 2, 2, 1, 3, 1, 2, 2, 3, 2, 2, 1, 2, 2, 2, 2, 1, 2
chatcmpl-8W1WBg3wdZHp2Xl9JoMFjTkRt8wSn, 2, 1, 1, 1, 2, 2, 1, 3, 1, 1, 2, 2, 1, 1, 1, 1, 1, 1, 1, 1, 1, 2, 1, 1, 1, 1, 2, 1, 2, 1, 1, 2, 1, 1, 1, 1, 1, 1, 2, 1, 1, 1
chatcmpl-8W1X5Jq2vJevaDW2zihaF0jXfVWKM, 2, 1, 2, 1, 3, 2, 1, 3, 1, 2, 2, 3, 2, 2, 1, 3, 2, 2, 1, 1, 2, 3, 1, 3, 2, 3, 2, 3, 3, 2, 3, 2, 3, 3, 2, 1, 3, 3, 3, 2, 1, 2
chatcmpl-8W1Xo7H1wsj27knk5YgvN1vkkWQo4, 2, 1, 2, 1, 3, 2, 1, 3, 2, 2, 2, 3, 2, 2, 1, 2, 2, 2, 1, 1, 2, 3, 1, 2, 1, 2, 2, 1, 1, 1, 2, 2, 3, 2, 2, 1, 1, 2, 2, 1, 1, 3
chatcmpl-8W1YPxhnmEDLVynhrXE57SlfE9Iwo, 1, 1, 1, 1, 2, 2, 1, 2, 2, 1, 2, 2, 2, 2, 1, 1, 1, 2, 1, 1, 1, 2, 1, 1, 1, 1, 1, 1, 1, 1, 1, 2, 2, 1, 2, 1, 1, 1, 1, 1, 1, 2
chatcmpl-8W1Z9kjqUP3lntLrMVy84dGqkB5uc, 2, 1, 2, 1, 2, 2, 1, 3, 2, 2, 2, 2, 2, 2, 1, 3, 1, 2, 1, 2, 2, 3, 1, 2, 2, 2, 2, 2, 3, 2, 2, 2, 3, 2, 2, 2, 2, 2, 2, 3, 1, 2
chatcmpl-8W1aHV6Y8CnOwrD5IONqen5uKZj4m, 1, 1, 1, 1, 2, 2, 1, 2, 2, 1, 1, 2, 2, 2, 1, 1, 1, 2, 1, 1, 1, 2, 1, 2, 1, 1, 2, 1, 2, 1, 1, 2, 1, 1, 2, 1, 1, 1, 2, 1, 1, 2
chatcmpl-8W1b4LAGZi0HoJcUpZP6JSVABudfR, 2, 1, 2, 1, 2, 2, 1, 3, 2, 2, 2, 3, 2, 2, 1, 2, 2, 2, 2, 1, 2, 3, 1, 2, 1, 2, 2, 2, 2, 1, 3, 2, 3, 2, 2, 1, 2, 2, 2, 2, 1, 3
chatcmpl-8W1cNqpJfN8rQYtNOuXFhi7jVf5fV, 1, 1, 2, 1, 2, 2, 1, 2, 1, 2, 2, 3, 2, 1, 1, 2, 1, 2, 1, 1, 2, 2, 1, 2, 1, 2, 2, 1, 2, 1, 2, 2, 2, 1, 2, 1, 1, 2, 2, 1, 1, 2
chatcmpl-8W1dAMbP07VGSRZ6DZBT2h7yAp1F0, 2, 1, 1, 1, 1, 1, 1, 2, 2, 2, 2, 2, 1, 2, 1, 1, 1, 1, 1, 1, 1, 2, 1, 1, 1, 1, 2, 1, 1, 1, 1, 1, 2, 1, 1, 1, 1, 1, 1, 1, 1, 1
chatcmpl-8W1djyKi46WyhcozwyQdU5FPxTXfe, 2, 1, 1, 1, 2, 2, 1, 2, 1, 1, 2, 2, 1, 2, 1, 1, 1, 2, 1, 1, 1, 2, 1, 1, 1, 1, 2, 1, 2, 1, 1, 1, 2, 1, 2, 1, 1, 1, 2, 1, 1, 1
chatcmpl-8W1eMiSqRqekdoJnW1gZFDb6xCDpN, 2, 1, 2, 1, 3, 2, 1, 3, 2, 2, 2, 2, 2, 2, 1, 3, 2, 2, 1, 2, 2, 3, 1, 2, 1, 2, 2, 2, 2, 2, 2, 2, 2, 2, 2, 2, 2, 2, 2, 2, 1, 2
chatcmpl-8W1fQZkFSMggaqJma13T2KxuPQ6Mp, 2, 1, 2, 1, 2, 2, 1, 3, 1, 1, 2, 3, 2, 2, 1, 2, 1, 2, 1, 2, 1, 2, 1, 2, 1, 3, 2, 2, 1, 2, 2, 2, 3, 1, 2, 2, 2, 1, 2, 2, 1, 2
chatcmpl-8W1gPeNTmRlYNMjtyW2Z3l4IGwwNL, 2, 1, 1, 1, 3, 2, 1, 3, 2, 1, 3, 2, 1, 2, 1, 1, 1, 2, 1, 1, 1, 3, 1, 2, 1, 1, 3, 1, 2, 1, 2, 2, 3, 1, 2, 1, 1, 1, 2, 1, 1, 2
chatcmpl-8W1gx8jfL9swHotpl8ezW99b8CmLG, 2, 1, 2, 1, 3, 2, 1, 3, 2, 1, 2, 3, 1, 2, 1, 2, 1, 2, 1, 1, 1, 3, 1, 2, 1, 1, 2, 1, 3, 1, 2, 2, 3, 1, 2, 1, 1, 1, 2, 1, 1, 2
chatcmpl-8W1hZ52khAYft0ccgYqX6JvSpDdsV, 1, 1, 2, 1, 2, 2, 1, 3, 1, 2, 2, 2, 2, 2, 1, 2, 2, 2, 1, 1, 2, 2, 1, 2, 1, 2, 2, 2, 2, 1, 2, 2, 2, 2, 2, 1, 2, 1, 2, 2, 1, 2
chatcmpl-8W1iYcxibqrrhwDR4sAPDtr5w9DVX, 1, 1, 2, 1, 2, 2, 1, 2, 1, 2, 2, 2, 1, 1, 1, 1, 1, 2, 1, 1, 2, 2, 1, 1, 1, 1, 2, 1, 2, 1, 1, 2, 2, 1, 2, 1, 1, 1, 2, 1, 1, 2
chatcmpl-8W1jQjHtLKYQGHmoaCJgyT4bN8BRP, 1, 1, 1, 1, 2, 2, 1, 2, 1, 2, 1, 3, 1, 1, 1, 1, 1, 2, 1, 1, 2, 2, 1, 1, 1, 1, 2, 1, 1, 1, 1, 1, 2, 1, 1, 1, 1, 1, 2, 1, 1, 2
chatcmpl-8W1kCJpVJTPV9zQ28VONdXVrZH1yY, 2, 1, 1, 1, 2, 2, 1, 3, 1, 1, 2, 2, 1, 2, 1, 1, 1, 2, 1, 1, 1, 2, 1, 1, 1, 1, 2, 1, 2, 1, 1, 2, 1, 1, 2, 1, 1, 1, 2, 1, 1, 1
chatcmpl-8W1krnyxwJRT8ZydOsUVjGYUjhHoN, 2, 1, 2, 1, 3, 2, 1, 3, 2, 2, 2, 3, 2, 2, 1, 1, 2, 3, 1, 2, 2, 3, 1, 2, 1, 2, 3, 1, 3, 1, 2, 3, 3, 2, 3, 1, 2, 2, 2, 1, 1, 2
chatcmpl-8W1lozZbS7GTois0d6UiZttpcjKob, 2, 1, 1, 1, 1, 1, 1, 3, 1, 1, 1, 2, 1, 1, 1, 1, 1, 1, 1, 1, 1, 2, 1, 1, 1, 1, 1, 1, 1, 1, 1, 1, 1, 1, 1, 1, 1, 1, 1, 1, 1, 1
chatcmpl-8W1mS4BDhQCjXn3HP7fBIL6QDbHnA, 2, 1, 3, 1, 2, 2, 1, 4, 3, 3, 2, 3, 2, 2, 1, 4, 3, 2, 1, 2, 3, 3, 1, 3, 1, 3, 2, 2, 3, 2, 3, 2, 3, 3, 2, 2, 3, 3, 3, 3, 1, 3
chatcmpl-8W1nBTwNHq0soJbbsW8W87Gv6CFYf, 1, 1, 2, 1, 2, 2, 1, 3, 2, 1, 2, 3, 2, 2, 1, 2, 2, 2, 2, 1, 1, 2, 1, 2, 1, 2, 2, 2, 3, 2, 2, 2, 2, 2, 2, 1, 1, 1, 2, 2, 1, 3
chatcmpl-8W1o49ZihrCTAsBrbQXkD4GLHtRkQ, 2, 1, 1, 1, 2, 2, 1, 3, 2, 1, 2, 2, 1, 2, 1, 1, 1, 2, 1, 1, 1, 2, 1, 1, 1, 1, 1, 1, 2, 1, 1, 2, 2, 1, 2, 1, 1, 1, 2, 1, 1, 2
chatcmpl-8W1oei9LPpFgsafZhl9cmuis9pM5e, 1, 1, 1, 1, 2, 1, 1, 2, 2, 1, 2, 1, 1, 1, 1, 1, 1, 1, 1, 1, 1, 2, 1, 1, 1, 1, 1, 1, 1, 1, 1, 1, 1, 1, 1, 1, 1, 1, 1, 1, 1, 1
chatcmpl-8W1pHxHeQjbXChU1H7T8L1sI9Q0EL, 2, 1, 2, 1, 2, 1, 1, 3, 2, 1, 2, 2, 3, 2, 1, 3, 2, 2, 1, 1, 2, 2, 1, 3, 1, 3, 2, 2, 3, 2, 3, 2, 3, 3, 2, 3, 3, 3, 2, 2, 1, 2
chatcmpl-8W1qOSykyLmlBUcCB9na2RK0o43Pz, 2, 1, 2, 1, 2, 2, 1, 3, 2, 2, 2, 3, 2, 2, 1, 2, 2, 2, 1, 1, 2, 3, 1, 2, 1, 2, 2, 2, 3, 2, 2, 2, 3, 2, 2, 2, 2, 2, 2, 2, 1, 2
chatcmpl-8W1rQGmcNYDfyGZ4Q5wn9Uuy402NI, 1, 2, 2, 1, 2, 2, 1, 3, 2, 2, 2, 2, 2, 2, 1, 1, 1, 2, 1, 1, 1, 2, 1, 2, 1, 1, 1, 1, 2, 1, 2, 2, 2, 1, 1, 1, 1, 1, 2, 1, 1, 2
chatcmpl-8W1sMJpoijTrf5OKHnzw9xsMeSQrb, 1, 1, 1, 1, 1, 1, 1, 2, 1, 1, 1, 2, 1, 1, 1, 1, 1, 1, 1, 1, 1, 2, 1, 1, 1, 1, 1, 1, 1, 1, 1, 1, 1, 1, 1, 1, 1, 1, 1, 1, 1, 1
chatcmpl-8W1tCPe5Nn1ilB2XUpMPddVY5lp0n, 2, 1, 1, 1, 3, 2, 1, 3, 2, 2, 2, 3, 1, 2, 1, 1, 1, 2, 1, 1, 1, 2, 1, 2, 1, 1, 2, 1, 2, 1, 2, 2, 2, 1, 2, 1, 1, 1, 2, 2, 1, 2
chatcmpl-8W1toUDMVjHjbkcvKD2fnMZFK8wPp, 2, 1, 1, 1, 2, 2, 1, 3, 2, 2, 2, 3, 2, 2, 1, 2, 2, 2, 2, 1, 2, 2, 1, 2, 1, 2, 2, 2, 2, 1, 3, 2, 3, 2, 2, 1, 3, 2, 2, 2, 1, 2
chatcmpl-8W1ufeBOW292mVj8PuphyFyBmRy46, 2, 1, 2, 1, 3, 2, 1, 3, 2, 3, 2, 2, 2, 2, 1, 2, 1, 2, 1, 1, 3, 2, 1, 2, 1, 3, 2, 2, 2, 2, 2, 2, 3, 1, 2, 1, 2, 2, 2, 2, 1, 2
chatcmpl-8W2PkqB1nXsXA8zYSD91eEPrcNHXz, 1, 2, 2, 1, 2, 1, 1, 3, 1, 2, 1, 2, 1, 2, 1, 1, 1, 1, 1, 1, 1, 2, 1, 1, 1, 1, 1, 1, 2, 1, 1, 2, 1, 1, 1, 1, 2, 1, 1, 1, 1, 1
chatcmpl-8W2QaAaFcdwGpDbJDsr7udSjGCb3y, 2, 2, 1, 1, 2, 2, 1, 3, 1, 1, 2, 2, 1, 1, 1, 1, 1, 2, 1, 1, 1, 2, 1, 1, 1, 1, 2, 1, 2, 1, 1, 2, 1, 1, 2, 1, 1, 1, 2, 1, 1, 2
chatcmpl-8W2RLqKHCOZxb2E2oEsMzLdTfStcA, 2, 1, 1, 1, 2, 2, 1, 3, 2, 1, 2, 2, 1, 2, 1, 2, 2, 1, 1, 1, 1, 2, 1, 2, 1, 1, 2, 1, 3, 1, 2, 2, 2, 2, 2, 1, 1, 1, 1, 1, 1, 2
chatcmpl-8W2RyY6L3HvU3ylsrlAqY15SDekrt, 2, 1, 2, 1, 2, 2, 1, 3, 3, 2, 2, 2, 2, 2, 1, 2, 2, 2, 1, 2, 2, 3, 1, 2, 2, 2, 2, 3, 3, 2, 2, 3, 3, 2, 3, 2, 2, 2, 2, 3, 1, 2
chatcmpl-8W2T8dnMpkPgeqHR6lVXf0dzlpp2w, 1, 2, 1, 1, 3, 1, 1, 2, 2, 1, 1, 2, 1, 1, 1, 1, 1, 1, 1, 1, 1, 2, 1, 1, 1, 1, 1, 1, 1, 1, 1, 1, 1, 1, 1, 1, 1, 1, 2, 1, 1, 1
chatcmpl-8W2UzUdM8EDctBFmxSGyGyYXHoJ4C, 1, 1, 1, 1, 2, 2, 1, 2, 2, 1, 2, 2, 1, 2, 1, 1, 1, 1, 1, 1, 1, 2, 1, 1, 1, 1, 1, 1, 1, 1, 1, 1, 1, 1, 1, 1, 1, 1, 1, 1, 1, 1
chatcmpl-8W2VtjN2CYpXh5oxMfLNMJ87Xoiyd, 2, 1, 2, 1, 3, 2, 1, 3, 2, 2, 2, 2, 2, 2, 1, 2, 2, 1, 1, 1, 2, 2, 1, 2, 1, 2, 2, 1, 2, 2, 2, 2, 2, 2, 2, 1, 2, 1, 2, 2, 1, 2
chatcmpl-8W2X0d3pc2arYB05sicDLcglcW2DQ, 1, 2, 2, 1, 3, 2, 1, 3, 2, 2, 2, 2, 2, 2, 1, 2, 1, 1, 1, 1, 2, 2, 1, 2, 1, 2, 2, 1, 3, 1, 2, 2, 3, 2, 2, 1, 2, 1, 2, 1, 1, 2
chatcmpl-8W2XjOH47quiByBIppBpmag37ltRt, 2, 1, 1, 1, 2, 2, 1, 3, 2, 2, 2, 2, 2, 2, 1, 2, 1, 2, 2, 1, 1, 3, 1, 2, 1, 2, 2, 1, 2, 1, 2, 2, 2, 1, 2, 1, 1, 1, 2, 2, 1, 2
chatcmpl-8W2YPcWhN8UNQAbhh9yEQP4JCKAdL, 2, 1, 1, 1, 2, 1, 1, 3, 2, 1, 1, 2, 1, 2, 1, 1, 1, 2, 1, 1, 1, 2, 1, 1, 1, 1, 1, 1, 1, 1, 1, 2, 2, 1, 2, 1, 1, 1, 2, 1, 1, 2
chatcmpl-8W2YwFznXuXmOe8L0qhPuwcf3Jmdd, 2, 1, 2, 1, 2, 1, 1, 3, 2, 2, 2, 2, 1, 1, 1, 2, 2, 2, 1, 1, 2, 3, 1, 2, 1, 1, 2, 1, 1, 1, 1, 2, 2, 2, 2, 1, 2, 1, 2, 1, 1, 2
chatcmpl-8W2ZZY9oBLPF5qfnTNuzyW2zB9ZXs, 2, 1, 2, 1, 2, 2, 1, 3, 2, 2, 2, 2, 1, 2, 1, 2, 1, 2, 1, 1, 2, 3, 1, 2, 2, 1, 2, 1, 2, 1, 2, 2, 3, 1, 2, 1, 2, 1, 2, 1, 1, 2
chatcmpl-8W2aEzAk1YT0gMzjRlnRYVbTCyazT, 2, 1, 1, 1, 2, 2, 1, 2, 3, 2, 2, 3, 1, 2, 1, 2, 1, 2, 1, 1, 1, 2, 1, 2, 1, 1, 2, 1, 2, 1, 2, 2, 2, 1, 2, 1, 1, 1, 2, 1, 1, 2
chatcmpl-8W2avRUuxYe83SjM6UKaoE92JNcGY, 2, 1, 2, 1, 3, 2, 1, 3, 3, 2, 2, 3, 2, 2, 1, 3, 2, 2, 1, 2, 2, 3, 1, 3, 2, 3, 2, 3, 3, 2, 3, 3, 3, 2, 3, 2, 3, 3, 2, 3, 2, 3
chatcmpl-8W2c3vpnXvaaYHOc0i8WcikWnanx8, 1, 1, 1, 1, 2, 2, 1, 3, 1, 2, 2, 2, 1, 2, 1, 1, 1, 1, 1, 1, 1, 2, 1, 1, 1, 1, 1, 1, 1, 1, 1, 2, 2, 1, 2, 1, 1, 1, 2, 1, 1, 2
chatcmpl-8W2cmetkAgEOmfMR7TrpTauea7yLL, 1, 1, 1, 1, 2, 2, 1, 3, 1, 2, 1, 2, 1, 2, 1, 1, 1, 2, 1, 1, 1, 2, 1, 1, 1, 1, 2, 1, 2, 1, 1, 2, 1, 1, 1, 1, 1, 1, 2, 1, 1, 1
chatcmpl-8W2dcnaNcCgp0uJ948DZinxPvq4Sn, 2, 1, 1, 1, 2, 2, 1, 2, 1, 2, 2, 2, 1, 1, 1, 1, 1, 2, 1, 1, 1, 2, 1, 2, 1, 1, 2, 1, 1, 1, 1, 2, 1, 1, 1, 1, 1, 1, 1, 1, 1, 1
chatcmpl-8W2eH3bU1vBGPkz9bfHIuKTN7EiCg, 1, 2, 3, 1, 2, 2, 1, 3, 2, 2, 3, 2, 2, 2, 1, 3, 3, 2, 1, 1, 2, 3, 1, 3, 1, 3, 2, 3, 3, 2, 3, 2, 3, 2, 2, 1, 3, 3, 2, 2, 1, 2
chatcmpl-8W2fBgqy5umzH6s08WSSfPIlKC9bQ, 2, 1, 2, 1, 3, 2, 1, 3, 1, 2, 2, 3, 2, 2, 1, 2, 2, 2, 1, 1, 1, 2, 1, 2, 1, 2, 2, 1, 3, 2, 2, 2, 3, 2, 2, 1, 2, 1, 2, 2, 1, 2
chatcmpl-8W2ftYbJZtLd7om3kXqH8SUy8KMg8, 2, 1, 1, 1, 2, 3, 1, 3, 1, 1, 2, 2, 2, 2, 1, 2, 1, 2, 1, 1, 1, 2, 1, 2, 1, 2, 2, 1, 3, 1, 2, 2, 2, 1, 3, 1, 1, 1, 2, 1, 1, 2
chatcmpl-8W2gYHZCz9YG8rqgmR8YnXFZPhPDc, 3, 1, 2, 1, 2, 3, 1, 3, 4, 2, 2, 3, 3, 2, 1, 3, 2, 3, 1, 2, 2, 3, 1, 3, 1, 3, 3, 3, 3, 2, 3, 3, 3, 2, 3, 3, 2, 2, 3, 3, 1, 2
chatcmpl-8W2hRvrUe8qorwoTPBhcnw2iXoa04, 2, 1, 2, 1, 3, 2, 1, 3, 2, 2, 2, 3, 2, 2, 1, 2, 2, 2, 1, 2, 2, 3, 1, 2, 1, 2, 2, 1, 2, 2, 2, 2, 3, 2, 2, 2, 2, 2, 2, 2, 1, 2
chatcmpl-8W2iM0zvXEp1eEtsd91bPCpMcbkEl, 1, 1, 2, 1, 2, 2, 1, 2, 2, 2, 2, 3, 2, 1, 1, 2, 2, 1, 1, 1, 2, 2, 1, 2, 1, 3, 2, 2, 2, 1, 2, 2, 3, 2, 2, 1, 2, 2, 2, 2, 1, 2
chatcmpl-8W2jH8IZEYcb6tlxZFloCucnQT9vN, 1, 1, 1, 1, 3, 2, 1, 3, 2, 2, 2, 2, 2, 1, 1, 1, 1, 2, 1, 1, 2, 3, 1, 1, 1, 1, 2, 1, 2, 1, 2, 2, 2, 1, 2, 1, 2, 2, 2, 1, 1, 2
chatcmpl-8W2kAmG6Y0OVJ48h1u6DR7xmXRBwa, 2, 1, 1, 1, 2, 2, 1, 3, 2, 1, 2, 3, 2, 2, 1, 2, 1, 2, 1, 1, 1, 2, 1, 2, 1, 2, 2, 1, 2, 1, 2, 2, 3, 1, 2, 1, 1, 1, 2, 1, 1, 2
chatcmpl-8W2kuYlXvuAixJ4Bukx5aDeluDMiX, 1, 1, 1, 1, 3, 3, 1, 2, 2, 1, 2, 2, 1, 1, 1, 1, 1, 2, 1, 1, 1, 2, 1, 1, 1, 1, 2, 1, 2, 2, 1, 2, 1, 1, 2, 1, 1, 1, 2, 2, 1, 2
chatcmpl-8W2lxlOFbm1vM5j5hUQTkCtYppYRx, 1, 1, 1, 1, 2, 1, 1, 3, 1, 1, 2, 1, 1, 1, 1, 1, 1, 1, 1, 1, 1, 2, 1, 1, 1, 1, 1, 1, 2, 1, 1, 1, 1, 1, 1, 1, 1, 1, 1, 1, 1, 1
chatcmpl-8W2mX7goOLEiBkKuHtBtG1K5CqVy6, 1, 1, 1, 1, 3, 2, 1, 2, 1, 1, 1, 2, 1, 1, 1, 1, 1, 1, 1, 1, 1, 1, 1, 1, 1, 1, 1, 1, 1, 1, 1, 1, 1, 1, 1, 1, 1, 1, 1, 1, 1, 1
chatcmpl-8W2nfRm65dQPcZL4lLObQD04eryPI, 1, 1, 1, 1, 2, 1, 1, 2, 1, 1, 1, 2, 1, 1, 1, 1, 1, 1, 1, 1, 1, 2, 1, 1, 1, 1, 1, 1, 2, 1, 1, 1, 1, 1, 1, 1, 1, 1, 1, 1, 1, 1
chatcmpl-8W2oXGpKPUJ0oUT8J7j6b9wKduXzZ, 2, 1, 1, 1, 2, 1, 1, 2, 1, 1, 2, 2, 1, 1, 1, 1, 1, 2, 1, 1, 1, 2, 1, 1, 1, 1, 2, 1, 1, 1, 1, 2, 1, 1, 2, 1, 1, 1, 1, 1, 1, 1
chatcmpl-8W2p89TUYQfa2zge11J7G6jAOhE2E, 1, 2, 2, 1, 3, 2, 1, 3, 2, 2, 1, 3, 2, 2, 1, 2, 1, 2, 1, 1, 2, 3, 1, 2, 1, 2, 2, 1, 3, 1, 2, 2, 3, 1, 2, 1, 2, 2, 3, 1, 1, 2
chatcmpl-8W2pyXsePY0KM8dOS2LT9iDMRr9N9, 2, 1, 2, 1, 2, 2, 1, 3, 2, 2, 2, 2, 2, 2, 1, 2, 2, 2, 1, 2, 2, 2, 1, 2, 1, 2, 2, 1, 2, 1, 2, 2, 2, 2, 2, 1, 2, 2, 2, 1, 1, 2
chatcmpl-8W2r0RJEpQN6cnBPHmdU5GEb6T7bs, 2, 1, 1, 1, 2, 2, 1, 3, 2, 1, 2, 3, 1, 2, 1, 1, 1, 2, 1, 1, 1, 2, 1, 1, 1, 1, 2, 1, 3, 1, 1, 2, 2, 1, 2, 1, 1, 1, 2, 1, 1, 1
chatcmpl-8W2rfEARm3pUEK73KMwNsHzwZ2UZQ, 1, 1, 1, 1, 2, 2, 1, 2, 1, 1, 1, 2, 1, 1, 1, 1, 1, 1, 1, 1, 1, 2, 1, 1, 1, 1, 1, 1, 1, 1, 1, 1, 1, 1, 1, 1, 1, 1, 1, 1, 1, 1
chatcmpl-8W2sXzkoak3ixRFtZqrVhhUlDVnYd, 1, 1, 1, 1, 2, 1, 1, 3, 1, 1, 2, 2, 2, 2, 1, 2, 1, 2, 1, 1, 1, 2, 1, 2, 1, 2, 2, 1, 2, 1, 2, 2, 2, 1, 2, 1, 1, 1, 2, 1, 1, 2
chatcmpl-8W2tRCC9QvSbyqZULY0Ky1NAQ0Hcv, 1, 1, 2, 1, 2, 2, 1, 3, 2, 2, 2, 2, 2, 2, 1, 2, 2, 2, 1, 1, 2, 2, 1, 2, 1, 2, 2, 1, 2, 1, 2, 2, 2, 2, 2, 1, 2, 2, 2, 1, 1, 2
chatcmpl-8W2uMo8haRfxyOQYVj0BfuETm4wPH, 1, 1, 1, 1, 2, 2, 1, 1, 1, 2, 2, 3, 1, 2, 1, 2, 1, 2, 1, 1, 2, 2, 1, 2, 1, 1, 1, 1, 2, 1, 2, 2, 2, 1, 2, 1, 1, 1, 2, 1, 1, 2
chatcmpl-8W2vDmjyDEIQVgtnHUW3LPPB1oJGo, 2, 1, 2, 1, 2, 2, 1, 3, 2, 3, 2, 2, 2, 2, 1, 2, 2, 2, 1, 1, 2, 3, 1, 2, 1, 2, 2, 1, 2, 1, 2, 2, 2, 2, 2, 1, 2, 2, 2, 2, 1, 2
chatcmpl-8W2vvtVNI4Kljzs9ZPHRI7JEnkZAe, 1, 1, 1, 1, 1, 1, 1, 3, 1, 1, 1, 1, 1, 1, 1, 1, 1, 1, 1, 1, 1, 1, 1, 1, 1, 1, 1, 1, 1, 1, 1, 1, 1, 1, 1, 1, 1, 1, 1, 1, 1, 1
chatcmpl-8W2wwjepP0JY314SfVySyyVwXfT7A, 2, 1, 2, 1, 2, 1, 1, 3, 2, 1, 2, 2, 2, 2, 1, 2, 1, 2, 1, 1, 1, 2, 1, 2, 1, 2, 2, 1, 3, 1, 2, 2, 3, 1, 2, 1, 1, 2, 2, 2, 1, 2
chatcmpl-8W2y85SOZSA1t3ekCeW7NtKMfoMQ2, 2, 1, 1, 1, 2, 1, 1, 2, 2, 1, 2, 2, 1, 1, 1, 1, 1, 1, 1, 1, 1, 2, 1, 1, 1, 1, 1, 1, 1, 1, 1, 1, 2, 1, 1, 1, 1, 1, 1, 1, 1, 1
chatcmpl-8W2yhNOCiFPHeBCAZ0MGvNQVkCIr3, 3, 2, 2, 1, 2, 2, 1, 3, 3, 2, 3, 2, 2, 2, 1, 3, 3, 2, 2, 1, 2, 3, 1, 3, 2, 3, 2, 2, 3, 2, 3, 2, 3, 3, 2, 2, 3, 3, 2, 2, 2, 2
chatcmpl-8W2zc3KggrMX5Y1OkCxlfDvlOKZ1f, 2, 1, 2, 1, 3, 2, 1, 3, 2, 2, 3, 2, 1, 2, 1, 1, 1, 2, 1, 1, 2, 3, 1, 2, 1, 2, 2, 1, 2, 1, 1, 2, 2, 1, 2, 1, 1, 1, 2, 1, 1, 2
chatcmpl-8W30SG0ktnoTc8nQElxwAAeUHUQSb, 2, 1, 1, 1, 2, 1, 1, 3, 1, 2, 2, 2, 1, 2, 1, 2, 1, 2, 1, 1, 2, 2, 1, 2, 1, 1, 1, 1, 1, 1, 2, 2, 1, 1, 2, 1, 2, 1, 2, 1, 1, 1
chatcmpl-8W317Lu8UrlvgSaovw0awltFfGVUW, 1, 2, 1, 1, 2, 1, 1, 2, 2, 1, 1, 2, 1, 1, 1, 1, 1, 1, 1, 1, 1, 2, 1, 1, 1, 1, 1, 1, 2, 1, 1, 1, 2, 1, 1, 1, 1, 1, 1, 1, 1, 1
chatcmpl-8W31xPWEEsd4vJZV4ymxfwuph30kR, 2, 1, 1, 1, 2, 2, 1, 3, 1, 1, 2, 3, 1, 2, 1, 1, 1, 2, 1, 1, 1, 2, 1, 2, 1, 1, 2, 1, 2, 1, 1, 1, 2, 1, 1, 1, 1, 1, 2, 1, 1, 1
chatcmpl-8W32b2EhoPW2hE4fqDrOdvSSsaH2h, 2, 1, 2, 1, 3, 2, 1, 3, 3, 2, 2, 3, 2, 2, 1, 2, 1, 2, 1, 2, 1, 3, 1, 2, 1, 2, 2, 1, 2, 1, 2, 2, 2, 1, 2, 1, 1, 1, 2, 1, 1, 2
chatcmpl-8W3RIhFoxS3BEtGrIECMnHe5fIZvQ, 2, 1, 1, 1, 2, 2, 1, 3, 2, 1, 2, 2, 2, 1, 1, 2, 1, 2, 1, 1, 1, 3, 1, 2, 1, 2, 2, 1, 3, 1, 2, 2, 2, 1, 2, 1, 1, 1, 2, 1, 1, 2
chatcmpl-8W3S4tAnDoCZxPw8QGmVmvPgzsZmo, 1, 1, 2, 1, 2, 2, 1, 2, 2, 1, 2, 2, 1, 2, 1, 1, 1, 2, 1, 1, 1, 2, 1, 2, 1, 1, 2, 1, 2, 1, 2, 2, 2, 1, 2, 1, 1, 1, 2, 1, 1, 2
chatcmpl-8W3Szr0MCv1gjPr9dmh2Gjk6PWBck, 1, 2, 2, 1, 2, 1, 1, 3, 1, 2, 2, 2, 2, 2, 1, 2, 2, 2, 1, 1, 2, 2, 1, 2, 1, 2, 1, 1, 1, 1, 2, 2, 2, 2, 2, 1, 2, 1, 2, 2, 1, 2
chatcmpl-8W3TrXvmB4X7hriURTCbt0EV7pNqv, 2, 1, 1, 1, 2, 1, 1, 2, 2, 1, 2, 3, 1, 2, 1, 2, 1, 2, 1, 1, 1, 2, 1, 2, 1, 1, 2, 2, 2, 1, 2, 2, 3, 1, 2, 1, 1, 1, 2, 2, 1, 2
chatcmpl-8W3UTXugEHi5FDFpZrl6DgatwbRJ4, 1, 2, 2, 1, 2, 2, 1, 3, 2, 2, 2, 2, 2, 2, 1, 2, 1, 2, 1, 1, 2, 3, 1, 2, 1, 2, 2, 2, 3, 1, 2, 2, 3, 1, 3, 1, 2, 1, 2, 3, 1, 2
chatcmpl-8W3VVSXtVLvpDOrScMuD1f25TSHYu, 2, 1, 2, 1, 3, 2, 1, 3, 2, 2, 3, 2, 2, 2, 1, 3, 4, 2, 1, 2, 3, 3, 1, 2, 1, 2, 2, 2, 3, 2, 2, 2, 3, 3, 2, 3, 2, 3, 2, 2, 1, 3
chatcmpl-8W3WO4pUmt4Vd1oqnbCqpxFEKVbDl, 2, 1, 1, 1, 3, 2, 1, 3, 1, 2, 1, 3, 1, 1, 1, 2, 2, 2, 1, 1, 1, 2, 1, 2, 1, 1, 2, 1, 2, 1, 2, 2, 1, 1, 2, 1, 1, 1, 2, 1, 1, 2
chatcmpl-8W3XOVbumk9qURIM1dwrr4aqI1bye, 2, 1, 1, 1, 3, 2, 1, 3, 2, 1, 2, 2, 2, 2, 1, 2, 1, 2, 1, 1, 1, 3, 1, 2, 1, 2, 3, 2, 3, 1, 2, 2, 3, 1, 3, 1, 1, 1, 2, 2, 1, 2
chatcmpl-8W3YEyCDkeIvgqqiNgpBx9PXxg23L, 2, 1, 1, 1, 2, 2, 1, 3, 1, 2, 2, 3, 2, 2, 1, 1, 1, 2, 1, 1, 1, 2, 1, 1, 1, 1, 2, 1, 2, 1, 3, 2, 2, 1, 2, 1, 1, 1, 2, 1, 1, 2
chatcmpl-8W3Yv9yS429lI3urtrrb0OpaudRjV, 2, 1, 1, 1, 3, 2, 1, 3, 2, 2, 2, 3, 2, 2, 1, 2, 1, 2, 1, 1, 1, 2, 1, 2, 1, 2, 2, 1, 2, 1, 2, 2, 2, 1, 2, 1, 2, 1, 2, 1, 1, 2
chatcmpl-8W3Zpxz5hdJFaIvLHgZfcOMeVu7v8, 2, 1, 1, 1, 2, 2, 1, 2, 2, 2, 2, 3, 2, 3, 1, 2, 1, 2, 1, 1, 2, 3, 1, 2, 1, 2, 2, 1, 2, 1, 2, 2, 3, 1, 2, 1, 2, 2, 2, 2, 1, 2
chatcmpl-8W3bOHSUuJ4cA4pkUos2nmqzKnvDE, 2, 1, 2, 1, 2, 2, 1, 3, 2, 2, 2, 2, 2, 2, 1, 2, 1, 2, 1, 2, 2, 3, 1, 2, 1, 2, 2, 1, 2, 2, 2, 2, 2, 1, 2, 1, 2, 2, 2, 2, 1, 2
chatcmpl-8W3c7zVgq3dkyGrAlrV5h5tFUAgj6, 1, 1, 1, 1, 1, 1, 1, 2, 1, 2, 1, 2, 1, 1, 1, 1, 1, 1, 1, 1, 1, 1, 1, 1, 1, 2, 1, 1, 1, 1, 1, 1, 1, 1, 1, 1, 1, 1, 1, 1, 1, 1
chatcmpl-8W3czOxSFlchTkBEeQlWuEyEjkdL9, 2, 1, 2, 1, 2, 3, 1, 3, 2, 2, 2, 3, 2, 2, 1, 3, 2, 3, 1, 2, 2, 3, 1, 3, 1, 2, 3, 3, 2, 2, 3, 3, 3, 2, 3, 2, 3, 3, 3, 3, 1, 3
chatcmpl-8W3dpjl0iQTfG9ZtCSCbAs2bd8BDA, 2, 1, 2, 1, 3, 2, 1, 2, 1, 2, 2, 3, 1, 2, 1, 1, 1, 2, 1, 1, 1, 2, 1, 2, 1, 1, 3, 1, 2, 2, 2, 2, 2, 1, 2, 1, 1, 1, 2, 2, 1, 2
chatcmpl-8W3eYpdpZtouC1JNpR19f9DDJbGEy, 2, 1, 1, 1, 2, 2, 1, 2, 1, 1, 2, 3, 2, 1, 1, 2, 1, 2, 1, 1, 1, 2, 1, 2, 1, 2, 2, 1, 2, 1, 2, 3, 2, 1, 3, 1, 1, 1, 2, 1, 1, 2
chatcmpl-8W3fBkUthVJAgNI7ZzrHZrnYaxfSG, 2, 1, 2, 1, 2, 2, 1, 2, 3, 2, 2, 3, 2, 2, 1, 2, 2, 2, 1, 1, 2, 3, 1, 3, 1, 3, 2, 2, 1, 2, 2, 2, 3, 2, 2, 1, 3, 3, 2, 2, 1, 2
chatcmpl-8W3g4Kgxgl6tqgtOWOeV1yFQJJOU1, 2, 1, 3, 1, 2, 2, 1, 3, 2, 2, 2, 3, 2, 2, 1, 2, 1, 2, 1, 1, 2, 2, 1, 2, 1, 2, 2, 1, 2, 1, 2, 2, 2, 1, 2, 1, 2, 2, 2, 1, 1, 2
chatcmpl-8W3gpbRUz7BQFp3l6LulhtfzcUJDs, 2, 1, 3, 1, 2, 2, 1, 3, 2, 2, 2, 3, 2, 2, 1, 2, 2, 2, 1, 2, 2, 3, 1, 2, 1, 3, 2, 2, 3, 2, 2, 2, 2, 2, 2, 2, 2, 2, 2, 2, 1, 2
chatcmpl-8W3hshQnSLHH22dof8wRwYELVMclV, 2, 1, 3, 1, 3, 2, 1, 3, 2, 2, 2, 2, 3, 2, 1, 3, 3, 2, 2, 2, 2, 3, 1, 3, 1, 3, 2, 2, 3, 2, 3, 2, 3, 3, 2, 3, 2, 3, 2, 2, 1, 2
chatcmpl-8W3iZH9kIi6ybJXYVtXBvORPMLGDI, 1, 2, 3, 1, 2, 2, 1, 3, 4, 2, 2, 3, 2, 2, 1, 2, 2, 2, 1, 2, 2, 3, 1, 2, 2, 2, 2, 3, 3, 2, 2, 2, 3, 2, 2, 2, 2, 2, 2, 2, 1, 2
chatcmpl-8W3jVhyauigrFAjkLskrL5rHzqMxc, 2, 1, 2, 1, 3, 2, 1, 3, 2, 2, 3, 2, 1, 2, 1, 3, 1, 2, 1, 1, 2, 3, 1, 3, 1, 1, 2, 2, 2, 2, 3, 2, 3, 1, 2, 1, 2, 1, 2, 2, 1, 3
chatcmpl-8W3kHUe3Lc7906c6jSy3QdvpaWu5E, 2, 1, 2, 1, 3, 2, 1, 3, 2, 2, 2, 3, 2, 2, 1, 2, 2, 2, 1, 1, 2, 3, 1, 2, 1, 2, 2, 2, 3, 1, 3, 2, 3, 2, 2, 2, 2, 2, 2, 1, 1, 2
chatcmpl-8W3l37IVIBllu1F47aiDJoMdH6auU, 2, 1, 2, 1, 2, 2, 1, 3, 2, 1, 2, 2, 2, 2, 1, 2, 1, 2, 1, 1, 1, 2, 1, 2, 1, 2, 2, 1, 2, 2, 2, 2, 3, 1, 2, 1, 1, 1, 2, 2, 1, 2
chatcmpl-8W3mETEP06G98nXnzoD5KAWJ3HEvs, 2, 1, 2, 1, 3, 2, 1, 3, 2, 2, 3, 2, 2, 2, 1, 2, 2, 2, 1, 1, 2, 2, 1, 2, 1, 2, 3, 2, 3, 1, 2, 2, 3, 2, 3, 2, 2, 2, 2, 2, 1, 3
chatcmpl-8W3mt4xfuc5PglPS1Ym6owzYj12Ry, 2, 1, 2, 1, 2, 1, 1, 3, 1, 2, 2, 2, 2, 1, 1, 2, 1, 2, 1, 1, 1, 3, 1, 2, 1, 2, 2, 1, 3, 1, 2, 2, 2, 1, 2, 1, 1, 2, 2, 1, 1, 2
chatcmpl-8W3nYcEqJEejhHRTRvSZvVwtv1oNw, 2, 1, 1, 1, 3, 2, 1, 2, 2, 1, 2, 3, 1, 2, 1, 1, 1, 2, 1, 1, 1, 2, 1, 1, 1, 1, 2, 1, 2, 1, 2, 2, 3, 1, 2, 1, 1, 1, 2, 2, 1, 2
chatcmpl-8W3oEg0akv9Ml5s86u0JhJEk0iD7U, 2, 1, 2, 1, 3, 1, 2, 3, 2, 2, 3, 2, 2, 2, 1, 2, 1, 2, 1, 1, 1, 3, 1, 2, 1, 2, 3, 2, 3, 2, 2, 3, 3, 1, 3, 1, 1, 1, 2, 3, 1, 2
chatcmpl-8W3ozjPkBrn17FFmSPlpdZNX5aP46, 2, 1, 1, 1, 2, 2, 1, 2, 1, 2, 2, 2, 1, 2, 1, 1, 1, 1, 1, 1, 1, 1, 1, 1, 1, 1, 2, 1, 2, 1, 1, 1, 1, 1, 1, 1, 1, 1, 2, 1, 1, 1
chatcmpl-8W3pYD4OhUIdJZWvn6JuFZOqio2WG, 1, 1, 1, 1, 2, 2, 1, 3, 1, 1, 2, 3, 2, 2, 1, 2, 1, 2, 1, 1, 1, 3, 1, 2, 1, 2, 2, 2, 2, 1, 2, 2, 3, 1, 2, 1, 2, 1, 2, 2, 1, 2
chatcmpl-8W3qltCSYW8ciGIsM3FDum3iFHfCe, 1, 1, 1, 1, 2, 2, 1, 3, 1, 1, 2, 2, 1, 1, 1, 1, 1, 1, 1, 1, 1, 2, 1, 1, 1, 1, 1, 1, 1, 1, 1, 1, 2, 1, 2, 1, 1, 1, 1, 1, 1, 1
chatcmpl-8W3rXET2cxOLBRXF7LZ5ayr7kjuMk, 1, 2, 2, 1, 2, 2, 1, 3, 2, 2, 2, 2, 2, 2, 1, 2, 1, 2, 1, 1, 1, 3, 1, 2, 1, 2, 2, 1, 3, 1, 2, 2, 2, 1, 2, 1, 1, 1, 2, 1, 1, 2
chatcmpl-8W3sIcx2QRtbifmLBNQdjBEr9X5NE, 2, 1, 1, 1, 2, 1, 1, 3, 2, 1, 1, 1, 1, 2, 1, 1, 1, 1, 1, 1, 1, 1, 1, 1, 1, 1, 1, 1, 1, 1, 1, 1, 1, 1, 1, 1, 1, 1, 1, 1, 1, 1
chatcmpl-8W3syJNhjBgNR4ooikrRA1EYe6itu, 2, 1, 2, 1, 3, 2, 1, 3, 2, 2, 2, 3, 2, 2, 1, 2, 3, 2, 1, 1, 2, 3, 1, 2, 1, 2, 2, 2, 3, 2, 2, 2, 3, 3, 2, 1, 3, 2, 2, 2, 1, 2
chatcmpl-8W3tmRALFXRmwcK7kCNHWf5cGVnxL, 1, 1, 2, 1, 2, 2, 1, 2, 1, 1, 1, 3, 1, 2, 1, 1, 1, 1, 1, 1, 1, 2, 1, 1, 1, 1, 1, 1, 1, 1, 1, 1, 1, 1, 1, 1, 1, 1, 1, 1, 1, 1
chatcmpl-8W3ubMxy7i2qmzSYuzoEeTvYPcDmy, 2, 1, 2, 1, 3, 2, 1, 3, 2, 2, 2, 3, 1, 2, 1, 2, 1, 2, 1, 1, 2, 3, 1, 2, 1, 1, 2, 2, 3, 1, 2, 2, 3, 1, 2, 1, 1, 2, 2, 2, 1, 2
chatcmpl-8W3vXQod3xaEO1SpDcIPq7k21aJxh, 2, 1, 2, 1, 2, 2, 1, 2, 2, 2, 1, 3, 1, 2, 1, 2, 1, 2, 1, 1, 1, 2, 1, 2, 1, 1, 2, 1, 2, 1, 2, 2, 3, 1, 2, 1, 1, 1, 2, 1, 1, 2
chatcmpl-8W3wGFbHrrxtlKxeYl4MveW0zP1f3, 2, 2, 1, 1, 2, 2, 1, 2, 1, 1, 2, 1, 2, 2, 1, 2, 1, 2, 2, 1, 1, 3, 1, 2, 1, 1, 1, 1, 1, 1, 2, 2, 1, 1, 2, 1, 1, 1, 2, 1, 1, 2
chatcmpl-8W3wyp9l0sIaX3kspTFmdCyI6bpgc, 2, 1, 1, 1, 2, 2, 1, 2, 1, 2, 2, 2, 1, 2, 1, 2, 1, 2, 1, 1, 1, 2, 1, 2, 1, 1, 2, 1, 2, 1, 2, 1, 2, 1, 2, 1, 1, 1, 2, 1, 1, 2
chatcmpl-8W3xbZOqJmSb6NwR3CJYsaiqILAKv, 2, 1, 2, 1, 3, 2, 1, 3, 1, 2, 2, 3, 2, 2, 1, 2, 2, 2, 2, 2, 2, 3, 1, 3, 1, 2, 2, 2, 3, 2, 2, 3, 3, 2, 3, 2, 2, 2, 2, 3, 1, 2
chatcmpl-8W3yjmrgmRwPOdlANnJDUVDCJb5n6, 1, 2, 1, 1, 3, 2, 1, 3, 1, 1, 1, 3, 1, 1, 1, 1, 1, 2, 1, 1, 1, 3, 1, 1, 1, 1, 3, 1, 3, 1, 1, 2, 3, 1, 2, 1, 1, 1, 2, 1, 1, 2
chatcmpl-8W3zNs091vzwtftCNW8TXERf1umoi, 1, 1, 1, 1, 2, 2, 1, 2, 2, 1, 1, 3, 1, 1, 1, 1, 1, 1, 1, 1, 1, 2, 1, 2, 1, 1, 1, 1, 1, 1, 1, 1, 2, 1, 1, 1, 1, 1, 1, 1, 1, 1
chatcmpl-8W40G7k4vDsq65U00lVjo4dFVqpMH, 2, 1, 2, 1, 3, 3, 1, 3, 2, 2, 2, 3, 3, 2, 1, 3, 3, 2, 1, 2, 3, 3, 1, 2, 1, 3, 3, 3, 2, 2, 3, 3, 3, 2, 3, 2, 3, 3, 2, 2, 1, 3
chatcmpl-8W41661fe6eE8Op3MM71XIdWUN8Ms, 2, 1, 1, 1, 2, 1, 1, 3, 1, 1, 2, 2, 1, 2, 1, 1, 1, 1, 1, 1, 1, 2, 1, 1, 1, 1, 1, 1, 2, 1, 1, 2, 1, 1, 2, 1, 1, 1, 2, 1, 2, 1
chatcmpl-8W41oqvgpEM9fETMgW5VWO9ldaSlA, 2, 1, 1, 1, 1, 1, 1, 2, 1, 1, 1, 2, 1, 1, 1, 1, 1, 1, 1, 1, 1, 1, 1, 1, 1, 1, 1, 1, 1, 1, 1, 1, 1, 1, 2, 1, 1, 1, 1, 1, 1, 1
chatcmpl-8W42dGx7NdBMz35eMvD0e3RfPyxlN, 2, 1, 2, 1, 2, 2, 1, 3, 2, 2, 2, 2, 1, 1, 1, 1, 2, 2, 1, 1, 2, 2, 1, 2, 1, 1, 2, 1, 3, 1, 2, 2, 3, 2, 2, 1, 1, 1, 2, 1, 1, 2
chatcmpl-8W43NRkt2j8pIZ39DYTKVZdV1SCdU, 2, 1, 3, 1, 2, 2, 1, 3, 2, 2, 2, 2, 3, 2, 1, 3, 3, 2, 1, 2, 3, 2, 1, 3, 1, 3, 2, 3, 2, 2, 3, 2, 3, 3, 2, 3, 3, 3, 2, 2, 1, 2
chatcmpl-8W4QUnCOQxFy1iKrKpeIwbZ0XdkHs, 2, 1, 1, 1, 2, 2, 1, 3, 1, 2, 2, 2, 1, 2, 1, 2, 1, 2, 1, 1, 1, 3, 1, 2, 2, 1, 2, 2, 3, 2, 2, 3, 2, 1, 2, 1, 1, 1, 2, 2, 1, 2
chatcmpl-8W4RCX6oFsbUvr3gb8BJtq2qLlQHk, 2, 1, 1, 1, 2, 2, 1, 3, 2, 1, 2, 2, 1, 2, 1, 1, 1, 2, 1, 1, 1, 2, 1, 2, 1, 1, 2, 1, 2, 1, 1, 2, 2, 1, 2, 1, 2, 1, 2, 1, 1, 2
chatcmpl-8W4S03A86eqE5RuevMdt1jl2O7SKR, 2, 1, 2, 1, 3, 2, 1, 3, 1, 2, 2, 4, 2, 2, 1, 3, 1, 2, 1, 1, 2, 3, 1, 2, 1, 3, 2, 2, 3, 2, 3, 2, 3, 1, 2, 1, 2, 2, 2, 2, 1, 2
chatcmpl-8W4SreCe04NG5CpyIM9i8Gsgm5KEj, 2, 1, 2, 1, 3, 2, 1, 3, 2, 2, 2, 2, 1, 3, 1, 1, 1, 2, 1, 1, 2, 3, 1, 1, 1, 1, 2, 1, 2, 1, 1, 2, 2, 1, 2, 1, 1, 1, 2, 1, 1, 2
chatcmpl-8W4TPUythOJ0uIcZWu7RRctBMn0lX, 1, 2, 2, 1, 1, 2, 1, 3, 1, 2, 2, 2, 2, 2, 1, 2, 1, 2, 1, 1, 1, 3, 1, 2, 1, 2, 2, 2, 3, 1, 2, 2, 3, 1, 2, 1, 2, 1, 2, 2, 1, 2
chatcmpl-8W4UPVH2VUJ2jE4pfyEdL4SsgBR5j, 2, 1, 2, 1, 2, 2, 1, 3, 2, 1, 2, 3, 2, 2, 1, 2, 1, 2, 1, 1, 1, 2, 1, 2, 1, 3, 2, 2, 3, 1, 2, 2, 3, 1, 2, 1, 2, 1, 2, 2, 1, 2
chatcmpl-8W4W2D7NG8z5z0Kxd5alyOtopsFsG, 2, 1, 2, 1, 2, 2, 1, 3, 1, 2, 2, 2, 1, 2, 1, 2, 1, 2, 1, 1, 1, 2, 1, 2, 1, 1, 2, 1, 2, 1, 2, 2, 1, 1, 2, 1, 1, 1, 2, 1, 1, 2
chatcmpl-8W4Weu9NJZgFJdzsTURyXXGIQRyoL, 2, 1, 1, 1, 2, 1, 2, 3, 2, 2, 1, 2, 1, 1, 1, 1, 1, 1, 2, 1, 1, 3, 1, 1, 1, 1, 1, 1, 2, 1, 2, 1, 2, 1, 1, 1, 1, 1, 2, 1, 1, 1
chatcmpl-8W4XgLLS8ICP7wKbv08bZqmpgH0cF, 2, 1, 1, 1, 3, 2, 1, 3, 1, 2, 2, 2, 1, 2, 1, 1, 1, 2, 1, 1, 1, 2, 1, 1, 1, 1, 2, 2, 3, 1, 2, 2, 2, 1, 2, 1, 2, 1, 2, 1, 1, 2
chatcmpl-8W4YIbZuPISGehOBHVHhrQk9x5mHu, 1, 1, 1, 1, 2, 2, 1, 2, 2, 2, 2, 3, 2, 2, 1, 2, 1, 2, 1, 1, 2, 2, 1, 2, 1, 2, 2, 1, 2, 1, 2, 2, 3, 2, 2, 1, 2, 1, 2, 2, 1, 2
chatcmpl-8W4Z2EZDHfXajBPQRSHyq8cEUkyWH, 2, 1, 1, 1, 3, 2, 1, 2, 2, 2, 2, 2, 1, 1, 1, 1, 1, 2, 1, 1, 1, 3, 1, 1, 1, 1, 2, 1, 2, 1, 1, 1, 2, 1, 2, 1, 1, 1, 2, 1, 1, 1
chatcmpl-8W4ZgzR7bPu31ATacLjKKBg43kb9h, 2, 1, 1, 1, 1, 2, 1, 2, 1, 1, 2, 1, 1, 1, 1, 1, 1, 2, 1, 1, 1, 2, 1, 1, 1, 1, 1, 1, 1, 1, 1, 1, 1, 1, 1, 1, 1, 1, 1, 1, 1, 1
chatcmpl-8W4aI8kUGwIxbTNnQUfCYlmfJ4R7w, 1, 1, 2, 1, 2, 3, 1, 3, 1, 1, 2, 3, 1, 2, 1, 2, 1, 2, 1, 1, 1, 2, 1, 2, 1, 1, 2, 1, 2, 1, 1, 2, 2, 1, 2, 1, 1, 1, 2, 1, 1, 2
chatcmpl-8W4b8AofIwkh3Ibgkftj7NfanLx4r, 1, 1, 1, 1, 2, 2, 1, 3, 2, 2, 2, 2, 1, 1, 1, 1, 1, 2, 1, 1, 1, 2, 1, 1, 1, 1, 1, 1, 1, 1, 1, 1, 1, 1, 2, 1, 1, 1, 2, 1, 1, 2
chatcmpl-8W4biAit2dlsC8Gt5sopLVcjqQtw7, 2, 1, 1, 1, 2, 2, 1, 3, 2, 1, 2, 3, 1, 2, 1, 1, 1, 2, 1, 1, 1, 2, 1, 2, 1, 1, 3, 1, 2, 1, 1, 2, 2, 1, 2, 1, 1, 1, 2, 1, 1, 2
chatcmpl-8W4cPUhhhh47kSbo7ZrF7JkkrU85S, 1, 1, 1, 1, 2, 2, 1, 2, 1, 1, 2, 2, 1, 1, 1, 1, 1, 2, 1, 1, 1, 2, 1, 1, 1, 1, 1, 1, 2, 1, 1, 2, 1, 1, 2, 1, 1, 1, 2, 1, 1, 1
chatcmpl-8W4dAigrV2y1e7FdAKGISCmmjEQhz, 1, 2, 3, 1, 2, 2, 1, 2, 1, 2, 2, 3, 1, 2, 1, 2, 1, 2, 1, 1, 2, 3, 1, 2, 1, 1, 2, 1, 2, 1, 2, 3, 2, 1, 2, 1, 2, 1, 2, 1, 1, 2
chatcmpl-8W4eApLQH8nMuH4qpZM6mrfzMvHro, 2, 1, 1, 1, 2, 2, 1, 3, 1, 1, 2, 2, 1, 2, 1, 2, 1, 2, 1, 1, 1, 2, 1, 3, 1, 1, 1, 1, 2, 1, 2, 3, 2, 1, 3, 1, 1, 1, 2, 2, 1, 3
chatcmpl-8W4eolIozLcv7qkFCz3PwcxA768SC, 1, 1, 2, 1, 2, 2, 1, 3, 2, 1, 2, 2, 2, 2, 1, 2, 1, 2, 1, 1, 1, 3, 1, 2, 1, 2, 1, 1, 2, 1, 2, 2, 2, 2, 2, 1, 2, 1, 2, 1, 1, 2
chatcmpl-8W4fin2F0Aoy3GvYtaaSRnvT68sd4, 2, 1, 1, 1, 2, 2, 1, 2, 2, 1, 2, 2, 1, 1, 1, 1, 1, 2, 2, 1, 1, 2, 1, 1, 1, 1, 2, 1, 2, 1, 1, 1, 1, 1, 1, 1, 1, 1, 2, 1, 1, 1
chatcmpl-8W4gaqw4h67bWhpwl27ekGoZKoA1P, 2, 1, 1, 1, 2, 2, 1, 2, 2, 1, 2, 2, 1, 1, 1, 1, 1, 2, 1, 1, 1, 2, 1, 1, 1, 1, 1, 1, 2, 1, 1, 1, 2, 1, 1, 1, 1, 1, 1, 1, 1, 1
chatcmpl-8W4hDQKm3o1u5xyyPC5PdxlTIoPRE, 2, 1, 1, 1, 2, 2, 1, 2, 1, 1, 1, 3, 1, 2, 1, 2, 1, 1, 1, 1, 1, 2, 1, 2, 1, 1, 2, 1, 3, 1, 2, 2, 3, 1, 2, 1, 1, 1, 2, 1, 1, 2
chatcmpl-8W4i2mrz9dALjJPK7EFEi2bIZnWEw, 2, 1, 1, 1, 2, 2, 1, 3, 1, 2, 2, 2, 1, 2, 1, 2, 1, 2, 1, 1, 1, 2, 1, 2, 1, 1, 2, 1, 2, 1, 1, 2, 2, 1, 2, 1, 1, 1, 2, 1, 1, 2
chatcmpl-8W4ijPLfGO51swYkXjliZuHNGYUSA, 2, 1, 2, 1, 3, 2, 1, 3, 2, 2, 2, 3, 2, 2, 1, 2, 2, 3, 1, 1, 2, 3, 1, 2, 1, 2, 2, 2, 3, 2, 2, 2, 3, 2, 2, 1, 2, 2, 2, 2, 1, 2
chatcmpl-8W4jYrWjY1vSjBrLAeY8D7G50wTlM, 1, 1, 1, 1, 2, 2, 1, 3, 1, 2, 1, 2, 1, 2, 1, 2, 1, 2, 1, 1, 2, 3, 1, 2, 1, 1, 2, 1, 2, 1, 2, 3, 2, 1, 3, 1, 1, 1, 1, 1, 1, 2
chatcmpl-8W4kZlHD7ELdaYtgHz4F29yycLc8A, 2, 1, 1, 1, 1, 1, 1, 3, 1, 1, 1, 1, 1, 1, 1, 1, 1, 1, 1, 1, 1, 1, 1, 1, 1, 1, 1, 1, 1, 1, 1, 1, 1, 1, 1, 1, 1, 1, 1, 1, 1, 1
chatcmpl-8W4lKeqZdOcQBb3dvFgmqZSSAIrYA, 2, 2, 1, 1, 3, 2, 1, 3, 1, 1, 2, 2, 1, 2, 1, 1, 1, 2, 1, 1, 1, 2, 1, 2, 1, 1, 2, 2, 3, 2, 1, 3, 2, 1, 3, 1, 1, 1, 2, 2, 1, 2
chatcmpl-8W4m80u1GK35lkZW4mxAIX33Em4rs, 2, 2, 2, 1, 3, 2, 1, 3, 2, 2, 2, 3, 2, 2, 1, 2, 2, 2, 1, 2, 2, 3, 1, 2, 1, 2, 2, 2, 3, 2, 2, 2, 3, 2, 2, 2, 2, 2, 2, 2, 1, 2
chatcmpl-8W4n0XlwuEalt6QflbxGW4r9Rzu87, 1, 2, 1, 1, 2, 3, 1, 2, 1, 1, 2, 3, 1, 2, 1, 1, 1, 2, 1, 1, 1, 2, 1, 1, 1, 1, 2, 1, 2, 1, 2, 1, 3, 1, 2, 1, 1, 1, 2, 1, 1, 2
chatcmpl-8W4nqAnOMakYtzYqTReJQHFdrBus0, 2, 1, 2, 1, 1, 2, 1, 3, 1, 1, 1, 3, 2, 2, 1, 3, 1, 2, 1, 1, 1, 2, 1, 2, 1, 2, 2, 1, 2, 1, 2, 1, 2, 1, 1, 1, 1, 1, 2, 1, 1, 2
chatcmpl-8W4oUOeSi9LSc5cBBrEXKabx9cErJ, 2, 1, 1, 1, 2, 2, 1, 2, 1, 2, 2, 2, 1, 2, 1, 1, 1, 2, 1, 1, 1, 2, 1, 2, 1, 1, 2, 1, 2, 1, 2, 2, 2, 1, 2, 1, 1, 1, 2, 1, 1, 2
chatcmpl-8W4pFxydjwvh7HZ4Ic5jpFYX0ksXf, 2, 2, 1, 1, 2, 2, 2, 2, 2, 2, 2, 3, 2, 2, 1, 2, 1, 2, 1, 1, 2, 3, 1, 2, 1, 2, 2, 1, 2, 1, 2, 2, 2, 1, 2, 1, 2, 1, 2, 1, 1, 2
chatcmpl-8W4q1NpORa04HXZL0XhmOg1rtA3ZV, 1, 1, 1, 1, 2, 2, 1, 3, 1, 2, 2, 2, 1, 1, 1, 1, 1, 1, 2, 1, 1, 2, 1, 1, 1, 1, 1, 1, 2, 1, 1, 2, 2, 1, 2, 1, 1, 1, 2, 2, 1, 2
chatcmpl-8W4qwi8fI0viAao0RPr3U0bTW2Jvc, 2, 1, 1, 1, 2, 2, 1, 3, 2, 2, 2, 2, 2, 1, 1, 2, 1, 2, 1, 1, 1, 2, 1, 2, 1, 2, 2, 1, 2, 1, 2, 2, 2, 1, 2, 1, 1, 1, 2, 1, 1, 2
chatcmpl-8W4rjvvl41qeG8mVMiB00arl95qVg, 2, 1, 2, 1, 3, 2, 1, 3, 1, 1, 2, 3, 2, 2, 1, 3, 2, 2, 1, 1, 1, 2, 1, 2, 1, 2, 2, 1, 2, 1, 2, 2, 2, 2, 2, 1, 2, 1, 2, 2, 1, 2
chatcmpl-8W4soDaRNOsBC6CXZ5mm9bdAoOXIP, 2, 2, 2, 1, 1, 2, 1, 3, 2, 2, 2, 3, 2, 2, 1, 2, 2, 2, 1, 1, 2, 3, 1, 2, 1, 2, 2, 2, 2, 1, 2, 2, 3, 2, 2, 1, 2, 2, 2, 2, 1, 2
chatcmpl-8W4u1zPPQM9qRLEnDa3jSupbMlD30, 1, 2, 2, 1, 1, 2, 1, 3, 2, 2, 2, 2, 2, 2, 1, 2, 1, 2, 1, 2, 2, 2, 1, 2, 1, 2, 2, 1, 2, 1, 2, 2, 2, 1, 2, 1, 2, 2, 2, 1, 1, 2
chatcmpl-8W4uu9GZsPZ5RL0puB8w590AMc3un, 2, 1, 2, 1, 3, 2, 1, 3, 3, 2, 2, 2, 2, 2, 1, 2, 2, 2, 1, 2, 2, 3, 1, 3, 1, 2, 2, 2, 3, 2, 2, 2, 3, 2, 2, 1, 3, 3, 3, 2, 1, 2
chatcmpl-8W4vr4o3IFJkfEl8lkgSY3PvGqiX9, 2, 1, 2, 1, 2, 1, 1, 3, 2, 2, 2, 3, 2, 2, 1, 2, 1, 2, 1, 1, 2, 3, 1, 2, 1, 2, 2, 2, 3, 1, 2, 3, 2, 1, 3, 1, 1, 1, 2, 1, 1, 3
chatcmpl-8W4wY4Y08y3J15bz9vZwfO58hgLJa, 2, 1, 2, 1, 3, 2, 1, 3, 3, 2, 2, 3, 2, 2, 1, 3, 2, 2, 1, 1, 2, 3, 1, 3, 1, 3, 3, 2, 3, 2, 3, 2, 3, 2, 2, 1, 2, 2, 2, 2, 1, 2
chatcmpl-8W4xTQoInzSzfNoeHzd2gtixdOh0F, 2, 1, 2, 1, 2, 2, 1, 3, 2, 2, 2, 3, 2, 2, 1, 2, 2, 2, 1, 1, 2, 2, 1, 2, 1, 2, 2, 1, 2, 1, 2, 2, 2, 2, 3, 1, 2, 2, 2, 2, 1, 2
chatcmpl-8W4yiaya0hyby2BBun2LkDxdGg0X7, 2, 1, 2, 1, 2, 2, 1, 3, 2, 2, 2, 3, 2, 2, 1, 2, 2, 2, 1, 1, 2, 3, 1, 2, 1, 2, 2, 3, 3, 2, 2, 2, 3, 2, 2, 1, 2, 2, 2, 3, 1, 2
chatcmpl-8W50E4kF1AJvPTUkfQ05WHC0eGPJx, 1, 1, 2, 1, 2, 1, 1, 3, 1, 2, 1, 2, 1, 2, 1, 1, 1, 1, 1, 1, 1, 3, 1, 1, 1, 1, 1, 1, 1, 1, 1, 2, 1, 1, 1, 1, 1, 1, 2, 1, 1, 1
chatcmpl-8W50xPA8aJlnB6DCIGs18Oa6hi84K, 2, 1, 1, 1, 2, 1, 1, 3, 1, 1, 1, 3, 1, 2, 1, 1, 1, 1, 1, 1, 1, 2, 1, 1, 1, 1, 1, 1, 2, 1, 1, 2, 2, 1, 1, 1, 1, 1, 2, 1, 1, 1
chatcmpl-8W51q8gMNTr2E0nmbTjFkgfqxo8oE, 1, 1, 2, 1, 2, 2, 1, 2, 1, 1, 2, 2, 2, 2, 1, 2, 1, 2, 1, 1, 1, 3, 1, 2, 1, 2, 2, 1, 2, 1, 2, 2, 2, 1, 2, 1, 1, 1, 2, 2, 1, 2
chatcmpl-8W52yo69aZcHFCaciQZZILDJOKdoH, 1, 1, 1, 1, 2, 2, 1, 3, 1, 1, 1, 1, 1, 1, 1, 1, 1, 1, 1, 1, 1, 1, 1, 1, 1, 1, 1, 1, 1, 1, 1, 1, 1, 1, 1, 1, 1, 1, 1, 1, 1, 1
chatcmpl-8W53hX7sRZlerupajJoQUURNSUM5O, 1, 1, 2, 1, 2, 1, 1, 3, 1, 2, 1, 2, 2, 2, 1, 2, 1, 1, 1, 1, 2, 2, 1, 2, 1, 2, 2, 1, 1, 1, 2, 1, 2, 1, 1, 1, 2, 2, 1, 1, 1, 2
chatcmpl-8W54PfmcII9hOXd7lPVoxEALS0v58, 1, 1, 1, 1, 1, 1, 1, 1, 1, 1, 1, 1, 1, 1, 1, 1, 1, 1, 1, 1, 1, 1, 1, 1, 1, 1, 1, 1, 1, 1, 1, 1, 1, 1, 1, 1, 1, 1, 1, 1, 1, 1
chatcmpl-8W5JpUwvg6KJqopbgDCEK0S9emkSg, 2, 1, 1, 1, 2, 2, 1, 3, 1, 1, 2, 2, 1, 2, 1, 1, 1, 2, 1, 1, 1, 2, 1, 1, 1, 1, 2, 1, 2, 1, 1, 2, 2, 1, 2, 1, 1, 1, 2, 1, 1, 1
chatcmpl-8W5KTviPbZjkUyFDdJ2pvWf7QFTmv, 2, 1, 1, 1, 2, 2, 1, 3, 2, 2, 2, 3, 1, 2, 1, 1, 1, 2, 1, 1, 1, 2, 1, 1, 1, 1, 2, 1, 2, 1, 1, 2, 3, 1, 2, 1, 1, 1, 2, 1, 1, 2
chatcmpl-8W5LTidGijQDB9kUBH53mgPcyxAJ7, 2, 1, 1, 1, 2, 2, 1, 3, 2, 1, 2, 2, 1, 2, 1, 1, 1, 2, 1, 1, 1, 2, 1, 1, 1, 1, 2, 1, 2, 1, 1, 2, 2, 1, 2, 1, 1, 1, 2, 1, 1, 1
chatcmpl-8W5M8My3jJ3Om6YyhB1lYLXrOADmk, 2, 1, 1, 1, 2, 2, 1, 3, 2, 2, 2, 2, 1, 1, 1, 1, 1, 1, 1, 1, 1, 2, 1, 1, 1, 1, 2, 1, 2, 1, 1, 2, 2, 1, 2, 1, 1, 1, 2, 1, 1, 2
chatcmpl-8W5MnNvUxkDPeAaiXpmnCdlsn59uf, 2, 1, 1, 1, 2, 2, 1, 2, 2, 1, 2, 2, 1, 2, 1, 1, 1, 2, 1, 1, 1, 2, 1, 1, 1, 1, 2, 1, 1, 1, 1, 1, 1, 1, 1, 1, 1, 1, 2, 1, 1, 1
chatcmpl-8W5NW0p6daPMzTD7AZnIiMW5fhNRj, 2, 1, 2, 1, 3, 2, 1, 3, 1, 1, 2, 3, 1, 2, 1, 2, 1, 2, 1, 1, 1, 2, 1, 2, 1, 1, 2, 1, 2, 1, 2, 2, 2, 1, 2, 1, 1, 1, 2, 1, 1, 2
chatcmpl-8W5OFAVH5o3M9xFV0fCxdJzT091lT, 2, 1, 1, 1, 3, 2, 1, 2, 1, 1, 2, 1, 1, 2, 1, 1, 1, 2, 1, 1, 1, 3, 1, 1, 1, 1, 2, 1, 3, 1, 1, 1, 2, 1, 1, 1, 1, 1, 2, 1, 1, 1
chatcmpl-8W5OtqMPtJEFRKIFIU0LV6R2mwPsl, 2, 1, 1, 1, 3, 2, 1, 3, 1, 1, 2, 2, 1, 1, 1, 1, 1, 2, 2, 1, 1, 2, 1, 1, 1, 1, 2, 2, 2, 1, 1, 2, 2, 1, 2, 1, 1, 1, 2, 2, 1, 2
chatcmpl-8W5Pgtq8ND7LyWDwunUuuRAKed2Hr, 2, 1, 2, 1, 2, 2, 1, 3, 2, 1, 2, 3, 2, 2, 1, 2, 2, 2, 1, 1, 1, 1, 1, 2, 1, 2, 2, 2, 2, 1, 2, 2, 3, 2, 2, 1, 2, 1, 2, 2, 1, 2
chatcmpl-8W5QiSGD3CDLpvIEOGB51daCCMSuf, 2, 1, 2, 1, 2, 2, 1, 3, 2, 2, 2, 3, 2, 2, 1, 2, 2, 2, 1, 2, 2, 3, 1, 2, 2, 2, 2, 2, 2, 2, 2, 2, 2, 2, 3, 2, 2, 2, 2, 2, 1, 2
chatcmpl-8W5RSsTGMKjVBSHTorQpvTOc4n2hl, 2, 1, 1, 1, 2, 2, 1, 2, 2, 2, 2, 2, 1, 2, 1, 1, 1, 2, 1, 1, 1, 2, 1, 1, 1, 1, 2, 1, 2, 1, 1, 2, 2, 1, 2, 1, 1, 1, 2, 1, 1, 2
chatcmpl-8W5SAUWfx9U2CZmnL6uBodb5Zj4rV, 2, 1, 1, 1, 2, 2, 1, 3, 1, 1, 2, 2, 1, 2, 1, 1, 1, 2, 1, 1, 1, 2, 1, 1, 1, 1, 2, 1, 1, 1, 1, 2, 2, 1, 2, 1, 1, 1, 2, 1, 1, 3
chatcmpl-8W5SnOPLvOrPv5apR692sbSb0Bkjq, 2, 1, 2, 1, 3, 3, 1, 3, 2, 2, 2, 3, 2, 2, 1, 3, 2, 3, 2, 2, 2, 3, 1, 2, 1, 2, 3, 2, 3, 2, 2, 3, 3, 2, 3, 2, 2, 2, 3, 2, 1, 2
chatcmpl-8W5Tj5IItsUcElahCoh3U34Io2BZe, 1, 1, 1, 1, 2, 2, 1, 3, 1, 1, 1, 2, 1, 1, 1, 1, 1, 2, 1, 1, 1, 2, 1, 1, 1, 1, 1, 1, 1, 1, 1, 2, 2, 1, 2, 1, 1, 1, 2, 1, 1, 1
chatcmpl-8W5Uau1vGPPrSutIhzohvp87iiBNq, 2, 1, 1, 1, 1, 2, 1, 3, 2, 1, 2, 1, 1, 1, 1, 1, 1, 1, 1, 1, 1, 1, 1, 2, 1, 1, 1, 1, 3, 1, 1, 1, 2, 1, 1, 1, 1, 1, 2, 1, 1, 1
chatcmpl-8W5VHdG7kOMbelpLTdiDgAM7feB9z, 2, 1, 2, 1, 3, 2, 1, 3, 3, 2, 2, 2, 2, 2, 1, 3, 2, 2, 1, 2, 2, 3, 1, 2, 1, 2, 2, 3, 3, 2, 3, 2, 3, 2, 2, 2, 3, 2, 2, 2, 1, 2
chatcmpl-8W5W9nofiBf9mR2n0RRkTgPv6D6KD, 1, 2, 2, 1, 3, 2, 1, 3, 2, 2, 2, 3, 2, 2, 1, 2, 1, 2, 1, 1, 2, 3, 1, 3, 1, 2, 2, 1, 2, 1, 2, 2, 2, 1, 2, 1, 1, 2, 2, 1, 1, 2
chatcmpl-8W5X613ZPm9G3RvZjLpRCFV3YSc5V, 1, 1, 1, 1, 2, 2, 1, 2, 1, 1, 2, 2, 1, 2, 1, 1, 1, 2, 1, 1, 1, 2, 1, 1, 1, 1, 2, 1, 2, 1, 1, 2, 2, 1, 2, 1, 1, 1, 2, 1, 1, 2
chatcmpl-8W5XsxOOmzRRrovixl56Cdkj2erf6, 1, 1, 1, 1, 2, 1, 1, 2, 1, 1, 2, 2, 1, 1, 1, 1, 1, 1, 1, 1, 1, 2, 1, 1, 1, 1, 1, 1, 1, 1, 1, 2, 1, 1, 2, 1, 1, 1, 1, 1, 1, 1
chatcmpl-8W5Ygcvxg2SMloEQFptVAR3RFUTTl, 1, 1, 2, 1, 3, 2, 1, 3, 2, 2, 2, 2, 2, 1, 1, 2, 1, 2, 1, 1, 1, 2, 1, 2, 1, 2, 2, 1, 3, 1, 3, 2, 2, 1, 2, 1, 1, 2, 2, 2, 1, 2
chatcmpl-8W5ZjSvvJyvFYLBpRpidccPvt6frw, 2, 1, 2, 1, 3, 2, 1, 3, 2, 1, 2, 2, 2, 2, 1, 3, 2, 3, 1, 1, 1, 2, 1, 2, 1, 2, 2, 1, 2, 2, 2, 3, 3, 2, 2, 1, 2, 1, 2, 2, 1, 2
chatcmpl-8W5aOViBfcc4NV2B02aFaNNzcUaGq, 2, 1, 2, 1, 2, 1, 1, 2, 1, 2, 2, 1, 1, 2, 1, 2, 1, 2, 1, 1, 2, 2, 1, 1, 1, 1, 2, 1, 2, 1, 2, 2, 2, 1, 2, 1, 2, 1, 2, 1, 1, 2
chatcmpl-8W5b6u0Cke7IhAyqfp83YkWJIYuB9, 1, 1, 2, 1, 2, 2, 1, 2, 1, 2, 2, 2, 1, 2, 1, 1, 1, 1, 1, 1, 1, 1, 1, 1, 1, 1, 1, 1, 1, 1, 1, 1, 1, 1, 1, 1, 1, 1, 1, 1, 1, 1
chatcmpl-8W5c3xL8DB91hU7RY5lGER9YYC0g5, 2, 1, 1, 1, 2, 2, 1, 3, 1, 1, 2, 2, 1, 1, 1, 1, 1, 2, 1, 1, 1, 2, 1, 1, 1, 1, 2, 1, 1, 1, 1, 2, 1, 1, 2, 1, 1, 1, 2, 1, 1, 2
chatcmpl-8W5ciOM8KP5zEpdqAPT6mjQbFempn, 2, 1, 2, 1, 3, 2, 1, 2, 2, 2, 2, 3, 2, 2, 1, 2, 1, 2, 1, 2, 2, 2, 1, 2, 1, 2, 2, 1, 2, 1, 2, 2, 2, 1, 2, 1, 2, 2, 2, 2, 1, 2
chatcmpl-8W5dzDGfwNICXQnrmUs5bD0rfdp5s, 1, 1, 1, 1, 2, 2, 1, 2, 1, 1, 1, 2, 1, 1, 1, 1, 1, 2, 1, 1, 1, 2, 1, 1, 1, 1, 1, 1, 1, 1, 1, 1, 1, 1, 1, 1, 1, 1, 1, 1, 1, 1
chatcmpl-8W5f3Qitl8GmlJKcDebannTIXdYAA, 2, 1, 2, 1, 2, 2, 1, 2, 2, 2, 2, 3, 2, 2, 1, 2, 2, 2, 1, 2, 1, 2, 1, 2, 1, 2, 2, 1, 2, 1, 2, 2, 2, 2, 2, 1, 1, 1, 2, 1, 1, 2
chatcmpl-8W5gDcxSwNUYbjEmLmYxWTnDCICBI, 2, 1, 1, 1, 2, 3, 1, 3, 2, 2, 2, 3, 1, 2, 1, 2, 1, 2, 1, 1, 2, 2, 1, 2, 1, 1, 2, 1, 3, 1, 2, 3, 3, 1, 3, 1, 2, 1, 2, 1, 1, 2
chatcmpl-8W5h0dUqR9Igw4Y5iRBnrjzNzuAX7, 2, 1, 2, 1, 2, 2, 1, 3, 2, 2, 2, 2, 2, 3, 1, 2, 2, 2, 1, 1, 2, 3, 1, 2, 1, 2, 2, 2, 3, 1, 2, 2, 3, 2, 2, 1, 2, 2, 2, 2, 1, 2
chatcmpl-8W5iLjunIHuCQ8V9jM05ErB10m2Xk, 2, 1, 1, 1, 2, 2, 2, 3, 2, 1, 2, 3, 2, 2, 1, 1, 1, 2, 1, 1, 1, 2, 1, 2, 1, 1, 2, 1, 2, 1, 1, 2, 2, 1, 2, 1, 1, 1, 2, 1, 1, 2
chatcmpl-8W5j0WaRGZYpFNZjDr9HuuFx6UOSv, 2, 1, 1, 1, 3, 2, 1, 3, 2, 2, 2, 2, 2, 2, 1, 2, 2, 2, 1, 1, 2, 3, 1, 2, 1, 2, 2, 1, 2, 1, 2, 1, 3, 2, 1, 1, 2, 2, 2, 2, 1, 2
chatcmpl-8W5k2Lj9zvUrJ7hdz7JgcQzkhUZ38, 2, 2, 1, 1, 2, 2, 1, 3, 1, 1, 2, 2, 1, 2, 1, 1, 1, 2, 1, 1, 1, 2, 1, 2, 1, 1, 2, 1, 2, 1, 1, 2, 2, 1, 2, 1, 1, 1, 2, 1, 1, 2
chatcmpl-8W5klV70TXvlZcVjhVrmU7p4Nr0KF, 2, 1, 1, 1, 2, 2, 1, 3, 2, 2, 2, 3, 2, 2, 1, 2, 2, 2, 1, 2, 2, 3, 1, 2, 1, 2, 2, 1, 2, 1, 2, 1, 3, 2, 1, 1, 2, 1, 2, 1, 1, 2
chatcmpl-8W5lsGbZOrJkDF2iBUuUutFIZqnnr, 1, 2, 1, 1, 2, 2, 1, 3, 1, 1, 2, 2, 1, 2, 1, 1, 1, 2, 1, 1, 1, 3, 1, 2, 1, 1, 2, 1, 2, 1, 2, 2, 2, 1, 2, 1, 1, 1, 2, 1, 1, 2
chatcmpl-8W5mtS6DJLTjwt6V1cWvePnbGFFFk, 1, 1, 1, 1, 2, 2, 1, 2, 2, 1, 2, 2, 1, 2, 1, 1, 1, 2, 1, 1, 1, 2, 1, 1, 1, 1, 1, 1, 2, 1, 1, 1, 2, 1, 1, 1, 1, 1, 2, 1, 1, 2
chatcmpl-8W5nZRFp6oORIDGjpVRGOqTcyFuVa, 2, 1, 1, 1, 3, 2, 1, 3, 2, 2, 2, 3, 2, 2, 1, 2, 1, 2, 1, 1, 2, 3, 1, 2, 1, 2, 2, 1, 3, 1, 2, 2, 3, 1, 2, 1, 2, 1, 2, 1, 1, 2
chatcmpl-8W5oRUp8bBlhb0zre94JZT801RGZZ, 2, 1, 2, 1, 3, 2, 1, 3, 2, 2, 2, 3, 1, 2, 1, 1, 2, 2, 1, 1, 2, 3, 1, 2, 1, 1, 2, 1, 2, 1, 2, 2, 2, 2, 2, 1, 2, 2, 2, 1, 1, 2
chatcmpl-8W5p8ELVqbw82JBg8fBVTxYdkqDBq, 3, 1, 3, 1, 3, 2, 1, 3, 2, 3, 3, 2, 3, 2, 1, 3, 3, 2, 1, 2, 3, 3, 1, 3, 1, 3, 3, 2, 3, 2, 3, 2, 3, 3, 2, 3, 3, 3, 2, 2, 1, 2
chatcmpl-8W5qNdNq2pxL6SHZpWV4BrMzKrktr, 2, 1, 1, 1, 3, 2, 1, 2, 1, 1, 2, 3, 2, 2, 1, 2, 1, 2, 1, 1, 1, 2, 1, 2, 1, 2, 2, 1, 2, 1, 1, 2, 2, 1, 2, 1, 1, 1, 1, 1, 1, 2
chatcmpl-8W5r5bekWZWk6OFR0D8aGS7FzFl0a, 1, 1, 1, 1, 2, 2, 1, 2, 1, 2, 2, 2, 1, 1, 1, 1, 1, 1, 1, 1, 1, 1, 1, 1, 1, 1, 1, 1, 1, 1, 1, 1, 1, 1, 1, 1, 1, 1, 1, 1, 1, 1
chatcmpl-8W5rjDmp4LKN9AscOQtI815h4JfVt, 2, 1, 1, 1, 2, 2, 1, 3, 1, 1, 2, 3, 1, 2, 1, 1, 1, 2, 1, 1, 1, 3, 1, 1, 1, 1, 2, 2, 2, 1, 1, 2, 2, 1, 2, 1, 1, 1, 2, 1, 1, 2
chatcmpl-8W5sPgiT5o9qRYwRcK791BfoP0yE7, 2, 1, 1, 1, 2, 1, 1, 3, 1, 2, 1, 1, 1, 1, 1, 1, 1, 1, 1, 1, 1, 2, 1, 1, 1, 1, 1, 1, 1, 1, 1, 1, 1, 1, 1, 1, 1, 1, 1, 1, 1, 1
chatcmpl-8W5t0VInZhvC65OoWwRCv9OHCAx3s, 1, 2, 2, 1, 2, 2, 1, 2, 3, 2, 2, 3, 2, 2, 1, 2, 2, 2, 1, 2, 2, 3, 1, 2, 1, 2, 2, 2, 3, 2, 2, 2, 3, 2, 2, 1, 2, 2, 2, 2, 1, 2
chatcmpl-8W5toWtsEpuDviv4cNCqS7XfExNjC, 1, 1, 1, 1, 2, 1, 1, 2, 2, 1, 1, 2, 1, 1, 1, 1, 1, 1, 1, 1, 1, 2, 1, 1, 1, 1, 1, 1, 1, 1, 1, 1, 1, 1, 1, 1, 1, 1, 1, 1, 1, 1
chatcmpl-8W5vPYDzSQsfVOak65rSdQa2LB1rA, 1, 2, 1, 1, 3, 2, 1, 2, 2, 1, 2, 2, 1, 1, 1, 2, 1, 2, 1, 1, 1, 2, 1, 2, 1, 1, 2, 1, 2, 1, 2, 2, 2, 1, 2, 1, 1, 1, 2, 1, 1, 2
chatcmpl-8W5wHcAnhuDTrRu7TtMhCQ7SBzopB, 1, 1, 1, 1, 2, 2, 1, 2, 1, 1, 2, 2, 2, 1, 1, 2, 1, 2, 1, 1, 1, 2, 1, 2, 1, 2, 2, 2, 2, 1, 2, 2, 3, 2, 2, 1, 1, 1, 2, 2, 2, 2
chatcmpl-8W5x50aFd4SU2qdH1A5CDp9RuX9Gn, 2, 1, 2, 1, 3, 2, 1, 2, 2, 2, 2, 3, 2, 2, 1, 2, 2, 2, 1, 2, 2, 2, 1, 3, 1, 3, 2, 3, 2, 2, 3, 2, 3, 2, 2, 2, 3, 3, 2, 2, 1, 2
chatcmpl-8W5xwQRGTQd5RLF7rhQYsblflOAdj, 2, 1, 2, 1, 3, 2, 1, 3, 2, 1, 3, 3, 2, 2, 1, 2, 1, 2, 1, 1, 2, 3, 1, 2, 1, 2, 3, 2, 3, 2, 1, 3, 3, 1, 2, 1, 1, 1, 2, 2, 1, 2
chatcmpl-8WnpkXh56WENhxnvIjcgp02SRfTRw, 2, 1, 2, 1, 3, 2, 1, 3, 2, 2, 2, 3, 2, 2, 1, 3, 2, 2, 1, 2, 2, 3, 1, 2, 1, 2, 2, 2, 3, 2, 3, 2, 3, 2, 2, 2, 2, 2, 2, 2, 1, 3
chatcmpl-8Wnqf55KPAWvWzdwGb4fiPFfT0fsi, 1, 1, 2, 1, 2, 2, 1, 3, 2, 2, 2, 2, 2, 2, 1, 2, 1, 2, 1, 1, 1, 2, 1, 2, 1, 2, 2, 2, 3, 2, 2, 2, 2, 1, 2, 1, 2, 1, 2, 2, 1, 2
chatcmpl-8WnrRa21MV8pVytS67wiqnKddHDUH, 2, 1, 1, 1, 3, 2, 1, 3, 2, 2, 2, 3, 1, 1, 1, 1, 1, 1, 1, 2, 1, 2, 1, 1, 1, 1, 2, 1, 2, 1, 3, 2, 3, 1, 2, 1, 1, 1, 2, 2, 1, 3
