chatcmpl-8MfibdzzwgcztqfBy9MEZ9Ap7mFje, 2, 1, 1, 1, 2, 2, 1, 3, 1, 1, 2, 2, 1, 2, 1, 1, 1, 2, 1, 1, 1, 2, 1, 1, 1, 1, 2, 1, 2, 1, 1, 1, 1, 1, 1, 1, 1, 1, 2, 1, 1, 1
chatcmpl-8MfkfugobtZJWGiCejt24Z8pG2tIl, 2, 1, 1, 1, 3, 2, 1, 3, 3, 2, 2, 1, 1, 2, 1, 2, 1, 2, 1, 1, 2, 2, 1, 2, 1, 1, 2, 1, 2, 1, 2, 2, 2, 1, 2, 1, 2, 1, 2, 1, 1, 3
chatcmpl-8MfmNqaW96b1tMsVwlHP138pGVG2B, 2, 2, 1, 1, 2, 2, 1, 3, 2, 1, 2, 2, 1, 2, 1, 1, 1, 2, 1, 1, 1, 3, 1, 1, 1, 1, 2, 1, 2, 1, 1, 2, 2, 1, 2, 1, 1, 1, 2, 1, 1, 2
chatcmpl-8Mfpr2VuJOx3HYs9RyNr6xXLNrFhH, 3, 3, 4, 3, 2, 2, 2, 4, 3, 3, 3, 3, 3, 2, 2, 4, 4, 3, 2, 3, 3, 4, 2, 4, 2, 4, 4, 4, 4, 3, 3, 3, 4, 4, 4, 4, 4, 3, 3, 4, 3, 2
chatcmpl-8Mft1VPeeqj4CmiypdHwt4NX8cCoX, 2, 1, 2, 1, 3, 3, 1, 3, 2, 2, 2, 2, 2, 2, 1, 2, 1, 2, 1, 1, 2, 3, 1, 2, 1, 2, 2, 1, 3, 1, 2, 3, 3, 2, 3, 1, 2, 1, 2, 1, 1, 2
chatcmpl-8MfwWHmCBx7GgHK4BXu6UqKcJU97L, 1, 1, 2, 1, 2, 2, 1, 3, 2, 2, 2, 1, 1, 1, 1, 2, 1, 1, 1, 1, 1, 2, 1, 1, 1, 2, 2, 1, 2, 1, 1, 2, 2, 1, 2, 1, 1, 1, 2, 1, 1, 2
chatcmpl-8MfzckAwNzBpNY29WHoFOjECbaozl, 2, 2, 3, 1, 2, 2, 1, 3, 2, 2, 2, 2, 2, 1, 1, 2, 2, 2, 1, 1, 1, 3, 1, 2, 1, 2, 2, 1, 2, 1, 2, 2, 3, 2, 2, 1, 1, 1, 2, 2, 1, 2
chatcmpl-8Mg1AX9LYgrmcg29glYlNutTjwtN8, 2, 1, 1, 1, 2, 2, 1, 3, 2, 1, 2, 3, 2, 2, 1, 2, 1, 2, 1, 1, 1, 2, 1, 2, 1, 2, 2, 1, 2, 1, 2, 2, 3, 1, 2, 1, 2, 1, 2, 1, 1, 2
chatcmpl-8Mg3j43jNVfqmrNd88Bf7yPvL1xaf, 2, 1, 2, 1, 2, 2, 1, 3, 3, 2, 2, 3, 2, 2, 1, 2, 2, 1, 1, 1, 2, 3, 1, 2, 1, 2, 2, 2, 2, 1, 2, 2, 3, 2, 2, 1, 2, 2, 2, 2, 1, 2
chatcmpl-8Mg6IXycTEQ5WpYB0imwV46G2r3Bl, 2, 1, 1, 1, 3, 2, 1, 3, 2, 1, 2, 3, 1, 2, 1, 1, 1, 2, 1, 2, 1, 2, 1, 1, 1, 1, 2, 2, 2, 1, 2, 2, 2, 1, 2, 1, 1, 1, 2, 2, 1, 2
chatcmpl-8QKhmkGgnohNvPMQuNcfDLJlocLz7, 2, 1, 1, 1, 2, 2, 1, 3, 2, 1, 2, 2, 1, 2, 1, 1, 1, 2, 1, 1, 2, 3, 1, 1, 1, 1, 2, 1, 2, 1, 1, 1, 2, 1, 2, 1, 2, 1, 2, 1, 1, 2
chatcmpl-8QKit2BgmJeoaK1sH7owDh0gGWybV, 2, 1, 2, 1, 3, 2, 1, 4, 3, 2, 2, 2, 2, 2, 1, 2, 1, 2, 1, 1, 2, 3, 1, 2, 1, 2, 2, 2, 3, 1, 2, 2, 2, 2, 2, 1, 2, 2, 2, 1, 1, 3
chatcmpl-8QKk4BxRR17qU4TFKt8REp1YL5uAF, 2, 1, 1, 1, 2, 3, 1, 3, 2, 2, 2, 2, 1, 2, 1, 2, 1, 2, 1, 1, 2, 3, 1, 2, 1, 2, 3, 2, 3, 1, 2, 2, 3, 1, 2, 1, 2, 2, 3, 2, 1, 2
chatcmpl-8QKq5Ki2WJ2XjLRdkn49LcDVxcJb3, 2, 2, 2, 1, 2, 2, 1, 3, 2, 2, 2, 2, 2, 2, 1, 2, 2, 2, 1, 1, 2, 2, 1, 2, 1, 2, 2, 1, 2, 1, 2, 2, 2, 2, 2, 1, 2, 1, 2, 1, 1, 2
chatcmpl-8QKrsyHmNHLJrgy7ZEkeh7jDm0KQY, 2, 1, 2, 1, 1, 2, 1, 3, 2, 1, 2, 3, 1, 2, 1, 1, 2, 2, 1, 1, 2, 3, 1, 1, 1, 1, 2, 1, 2, 1, 2, 3, 2, 1, 2, 1, 1, 1, 2, 1, 1, 2
chatcmpl-8QKtOSEKy0JxFIT9eyzZchLITuusL, 2, 1, 2, 1, 3, 2, 1, 3, 1, 2, 2, 3, 2, 2, 1, 2, 2, 2, 1, 1, 2, 3, 1, 2, 1, 2, 2, 1, 2, 1, 2, 2, 2, 2, 2, 1, 2, 2, 2, 1, 1, 3
chatcmpl-8QKuiW8bD23JHt9iZnBO0qJHUseED, 2, 1, 2, 1, 2, 2, 1, 3, 1, 1, 2, 1, 1, 2, 1, 1, 1, 2, 1, 1, 1, 2, 1, 1, 1, 1, 2, 1, 2, 1, 1, 2, 2, 1, 2, 1, 1, 1, 2, 1, 1, 1
chatcmpl-8QKvl22KS7mYqtAkwbksqYDdJhr0B, 2, 1, 1, 1, 2, 2, 1, 3, 2, 1, 1, 1, 1, 1, 1, 1, 1, 1, 1, 1, 1, 2, 1, 1, 1, 1, 1, 1, 1, 1, 2, 1, 1, 1, 1, 1, 1, 1, 1, 1, 1, 2
chatcmpl-8QKy4mwHbBECqybQmPG9zr3HJbGj5, 2, 2, 2, 1, 2, 3, 1, 3, 2, 2, 2, 3, 2, 2, 1, 3, 2, 2, 1, 1, 2, 3, 1, 2, 1, 2, 2, 2, 3, 2, 2, 2, 3, 2, 2, 1, 2, 1, 2, 2, 1, 2
chatcmpl-8QKzsH2keluIkEVp6gLzA2YE0LPLD, 2, 1, 2, 1, 2, 2, 1, 3, 1, 2, 2, 3, 2, 2, 1, 2, 2, 2, 1, 1, 2, 3, 1, 2, 1, 2, 2, 1, 3, 1, 2, 2, 3, 2, 2, 1, 2, 2, 2, 2, 1, 2
chatcmpl-8QLB2P6ABIEOIXPQ1NLah31w0ipet, 1, 1, 2, 1, 3, 2, 1, 3, 2, 2, 2, 2, 2, 2, 1, 2, 2, 2, 1, 1, 1, 3, 1, 2, 1, 2, 2, 1, 2, 1, 2, 2, 2, 2, 2, 1, 2, 2, 2, 2, 1, 2
chatcmpl-8QLFDpaDGxqbdxML5LulIlfKjUcxH, 2, 1, 1, 1, 2, 2, 1, 2, 2, 2, 2, 3, 1, 2, 1, 2, 1, 2, 1, 1, 1, 3, 1, 2, 1, 1, 2, 1, 2, 1, 2, 2, 2, 1, 2, 1, 1, 1, 2, 1, 1, 2
chatcmpl-8QLJjdU0E9Apo5rEZUf2V8Q4DHECF, 2, 1, 1, 1, 3, 2, 1, 3, 2, 1, 2, 2, 1, 2, 1, 1, 1, 2, 1, 1, 1, 2, 1, 1, 1, 1, 2, 1, 2, 2, 1, 2, 2, 1, 2, 1, 1, 1, 2, 1, 1, 2
chatcmpl-8QLLfHCe8cNIwcA94IFCyijVTMFb8, 2, 1, 1, 1, 2, 2, 1, 3, 1, 2, 2, 2, 1, 2, 1, 2, 1, 2, 1, 1, 2, 2, 1, 2, 1, 1, 2, 1, 2, 1, 2, 2, 2, 1, 2, 1, 2, 1, 2, 1, 1, 2
chatcmpl-8QLNomFvbIFI34pVO2bB60gBDTxbg, 2, 1, 1, 1, 2, 2, 1, 3, 1, 1, 2, 2, 1, 1, 1, 1, 1, 2, 1, 1, 1, 2, 1, 1, 1, 1, 1, 1, 1, 1, 1, 1, 1, 1, 1, 1, 1, 1, 2, 1, 1, 1
chatcmpl-8QLPL1Azw71UezdaGJr0zKaFLjzGI, 2, 1, 1, 1, 2, 1, 1, 3, 2, 2, 2, 3, 1, 1, 1, 1, 1, 2, 1, 1, 1, 3, 1, 1, 1, 1, 3, 2, 3, 1, 1, 1, 2, 1, 2, 1, 1, 1, 2, 1, 1, 2
chatcmpl-8QLQzfgb48NqTGUHGty54yuB9SXzD, 2, 1, 2, 1, 3, 2, 1, 3, 2, 1, 2, 3, 1, 2, 1, 1, 1, 2, 1, 1, 1, 3, 1, 2, 1, 1, 2, 1, 3, 1, 2, 2, 3, 1, 2, 1, 1, 1, 2, 1, 1, 2
chatcmpl-8QLShguTI4ZOT9aUgxgsYSqkJUFj4, 2, 1, 2, 1, 2, 2, 1, 3, 2, 2, 2, 3, 2, 2, 1, 2, 1, 2, 1, 1, 2, 3, 1, 2, 1, 2, 2, 1, 2, 1, 2, 2, 2, 1, 2, 1, 2, 2, 2, 1, 1, 2
chatcmpl-8QLTz31ZErtBCXQ2YfLMS5nDrtgQU, 2, 1, 2, 1, 3, 2, 1, 3, 2, 2, 2, 3, 2, 2, 2, 3, 2, 2, 1, 2, 2, 3, 1, 3, 1, 3, 2, 2, 3, 2, 3, 2, 3, 2, 2, 3, 3, 3, 2, 3, 2, 3
chatcmpl-8QLYJW3xWF2jPuVYCAlOBOkklx4hc, 2, 1, 2, 1, 2, 2, 1, 3, 2, 2, 2, 3, 2, 2, 1, 2, 2, 2, 1, 1, 1, 3, 1, 2, 1, 2, 2, 1, 2, 1, 2, 2, 3, 2, 2, 1, 1, 1, 2, 2, 1, 2
chatcmpl-8QLaEFe11PGiIcICfPm6VkR7kPU04, 2, 1, 2, 1, 3, 2, 1, 3, 2, 2, 2, 2, 2, 2, 1, 2, 2, 2, 2, 1, 2, 3, 1, 2, 1, 2, 2, 1, 2, 1, 2, 2, 3, 2, 2, 1, 2, 2, 2, 1, 1, 2
chatcmpl-8QLeXxPI983jZKMAQiTeSYyZFzt47, 2, 1, 2, 1, 3, 2, 1, 3, 2, 2, 2, 3, 2, 2, 1, 2, 2, 2, 1, 2, 2, 3, 1, 2, 2, 2, 2, 2, 3, 2, 2, 2, 2, 2, 2, 2, 2, 2, 2, 2, 1, 2
chatcmpl-8QLg3j0cfVS1NTYvtWR7Cmuf3NE2C, 2, 1, 1, 1, 2, 2, 1, 3, 1, 1, 2, 2, 2, 1, 1, 2, 1, 2, 1, 1, 1, 2, 1, 2, 1, 2, 2, 1, 2, 1, 2, 2, 2, 1, 2, 1, 1, 1, 2, 1, 1, 2
chatcmpl-8QLhBCpgsCz3AmXCFz2C2Ihnz5j18, 2, 1, 2, 1, 3, 2, 1, 3, 3, 2, 2, 3, 2, 2, 1, 2, 1, 2, 1, 1, 2, 3, 1, 2, 1, 2, 2, 1, 3, 2, 2, 3, 3, 1, 2, 1, 2, 2, 2, 2, 1, 3
chatcmpl-8QLo7hGoysCgMMHErPjKls1FMkfaR, 2, 1, 1, 1, 2, 2, 1, 3, 1, 1, 2, 2, 1, 2, 1, 1, 1, 2, 1, 1, 1, 1, 1, 1, 1, 1, 1, 1, 2, 1, 1, 2, 1, 1, 2, 1, 1, 1, 1, 1, 1, 1
chatcmpl-8QLpVzVGNrtO59F0pmHZvthmcwPpU, 2, 1, 1, 1, 3, 2, 2, 3, 2, 2, 2, 3, 2, 2, 1, 2, 1, 2, 1, 1, 1, 3, 1, 1, 1, 2, 2, 2, 3, 2, 2, 2, 3, 1, 2, 1, 1, 1, 2, 2, 1, 2
chatcmpl-8QLr4S8k9h9RYRK6gy1CKy1EKSuMf, 2, 1, 1, 1, 2, 2, 1, 3, 2, 1, 2, 2, 1, 2, 1, 2, 1, 2, 1, 1, 1, 2, 1, 2, 1, 1, 2, 1, 2, 2, 1, 2, 2, 1, 2, 1, 1, 1, 2, 1, 1, 2
chatcmpl-8QLsdaInLNYUXS8gWCtq4ZWSBZC4X, 3, 1, 2, 1, 3, 2, 1, 3, 2, 2, 2, 3, 2, 2, 1, 2, 2, 2, 1, 1, 2, 3, 1, 2, 1, 2, 3, 2, 3, 2, 3, 2, 3, 2, 2, 1, 2, 2, 3, 2, 1, 2
chatcmpl-8QLvnu2ObNLtsXF3DwWrpjdgWmFFI, 2, 1, 1, 1, 2, 2, 1, 3, 2, 1, 2, 2, 1, 2, 1, 1, 1, 2, 1, 1, 1, 2, 1, 1, 1, 1, 2, 1, 2, 1, 1, 2, 2, 1, 2, 1, 1, 1, 2, 1, 1, 2
chatcmpl-8QLzuJWsumZK7Ii3b5xl0bnNlgUQ4, 2, 1, 2, 1, 2, 2, 1, 3, 2, 1, 2, 3, 2, 1, 1, 2, 1, 2, 1, 1, 1, 2, 1, 2, 1, 2, 2, 1, 3, 1, 2, 2, 2, 1, 2, 1, 1, 1, 2, 1, 1, 2
chatcmpl-8QM25xQLT7XSc8pMHTb2sMf4aalrS, 1, 1, 1, 1, 2, 2, 1, 3, 1, 1, 2, 2, 1, 2, 1, 1, 1, 2, 1, 1, 1, 2, 1, 1, 1, 1, 2, 1, 2, 1, 2, 3, 2, 1, 2, 1, 1, 1, 2, 1, 1, 2
chatcmpl-8QM4N2uhIA2eWIYJZTcBCkqrFQXsZ, 1, 1, 1, 1, 3, 2, 1, 2, 1, 1, 2, 2, 1, 1, 1, 1, 1, 2, 1, 1, 1, 2, 1, 1, 1, 1, 1, 1, 1, 1, 1, 2, 2, 1, 2, 1, 1, 1, 1, 1, 1, 1
chatcmpl-8QM8zmQ3nqZFdQVKgXvaKHhYDkQY9, 2, 1, 1, 1, 2, 2, 1, 3, 1, 1, 2, 1, 1, 1, 1, 1, 1, 2, 1, 1, 1, 1, 1, 1, 1, 1, 2, 1, 1, 1, 1, 1, 1, 1, 1, 1, 1, 1, 1, 1, 1, 2
chatcmpl-8QMA4jcEW3dBWvzes6LfPLBgocRYQ, 2, 1, 2, 1, 2, 3, 1, 3, 2, 2, 2, 2, 1, 1, 1, 2, 1, 2, 1, 1, 1, 2, 1, 2, 1, 1, 2, 1, 2, 1, 2, 2, 3, 1, 2, 1, 1, 1, 2, 1, 1, 2
chatcmpl-8QMEuWUrsLAK8EMXCfP5mWu3zaEWa, 2, 1, 2, 1, 2, 2, 1, 3, 2, 2, 2, 3, 1, 2, 1, 2, 1, 2, 1, 1, 1, 2, 1, 2, 1, 1, 2, 1, 2, 1, 3, 3, 3, 1, 3, 1, 1, 1, 2, 1, 1, 2
chatcmpl-8QMIwezJXUtf7h83HDkDAlryHxoas, 2, 1, 2, 1, 2, 2, 1, 3, 2, 2, 2, 3, 2, 2, 1, 3, 2, 2, 1, 2, 2, 3, 1, 2, 1, 3, 2, 2, 3, 2, 2, 2, 3, 2, 2, 2, 3, 3, 2, 2, 1, 2
chatcmpl-8QMPh8lhiUqdIUZf2L54Hg4riMn4A, 1, 1, 2, 1, 2, 2, 1, 2, 1, 2, 2, 1, 2, 1, 1, 2, 1, 2, 1, 1, 1, 2, 1, 2, 1, 2, 2, 1, 2, 1, 2, 2, 2, 1, 2, 1, 1, 1, 2, 2, 1, 2
chatcmpl-8QMWybZPAdNHeZnNhXbbzQBwFd4lG, 2, 1, 1, 1, 2, 2, 1, 3, 2, 2, 2, 2, 1, 2, 1, 1, 1, 2, 1, 1, 1, 3, 1, 1, 1, 1, 2, 1, 1, 1, 1, 2, 2, 1, 2, 1, 1, 1, 1, 1, 1, 2
chatcmpl-8QMaezGEenY3nFQAUE9u87fUm5b6P, 1, 2, 2, 1, 3, 2, 1, 3, 2, 2, 2, 3, 2, 2, 1, 2, 2, 2, 1, 1, 2, 3, 1, 2, 1, 2, 2, 1, 2, 1, 2, 2, 2, 2, 2, 1, 2, 2, 2, 1, 1, 2
chatcmpl-8QMc9DlfQKCax8fNrCMEZxZdBadZO, 1, 1, 2, 1, 2, 2, 1, 3, 1, 2, 1, 2, 1, 2, 1, 2, 1, 2, 1, 1, 2, 3, 1, 2, 1, 2, 2, 2, 3, 1, 2, 2, 1, 1, 2, 1, 2, 1, 2, 1, 1, 2
chatcmpl-8QMe4kJeNYPYK5jx3NdC4S5R8ghen, 2, 1, 2, 1, 2, 2, 1, 3, 1, 1, 2, 2, 1, 2, 1, 1, 1, 2, 1, 1, 1, 2, 1, 1, 1, 1, 2, 1, 2, 1, 2, 1, 2, 1, 2, 1, 1, 1, 2, 1, 1, 2
chatcmpl-8QMfCpZ0uOaGPntfGxiq2228ptShn, 2, 1, 1, 1, 2, 2, 1, 3, 1, 1, 2, 3, 1, 2, 1, 1, 1, 2, 1, 1, 1, 3, 1, 2, 1, 1, 2, 2, 2, 1, 2, 2, 2, 1, 2, 1, 1, 1, 2, 2, 1, 2
chatcmpl-8QMgQwEjlJxFUTHDf4xeSyKx4C0NL, 1, 1, 1, 1, 2, 2, 1, 3, 2, 1, 1, 2, 1, 2, 1, 1, 1, 2, 1, 1, 1, 2, 1, 1, 1, 1, 1, 1, 1, 1, 1, 1, 1, 1, 1, 1, 1, 1, 1, 1, 1, 1
chatcmpl-8QMiCYRI4Wpsx0PggdjEMs3mLF5fq, 2, 1, 2, 1, 3, 2, 1, 3, 2, 1, 2, 2, 1, 2, 1, 2, 1, 2, 1, 1, 1, 2, 1, 2, 1, 1, 1, 1, 2, 1, 2, 1, 2, 1, 2, 1, 1, 1, 2, 1, 1, 2
chatcmpl-8QMkaIQSmQRGoZZGfxfFLTpBAzNiM, 1, 1, 1, 1, 2, 2, 1, 3, 2, 2, 2, 2, 1, 2, 1, 1, 1, 2, 1, 1, 2, 2, 1, 2, 1, 1, 2, 1, 3, 1, 1, 2, 2, 1, 2, 1, 2, 1, 2, 1, 1, 2
chatcmpl-8QMlk0d4mfSqXGJDZiOVOsB5YsYU8, 2, 1, 2, 1, 1, 2, 1, 3, 2, 1, 2, 3, 1, 2, 1, 1, 1, 2, 1, 2, 1, 2, 1, 2, 1, 2, 2, 1, 3, 2, 2, 1, 3, 1, 1, 1, 1, 1, 2, 2, 1, 2
chatcmpl-8QMv2DbopKYAM3SOcbodNiwLuIRnE, 1, 1, 2, 1, 2, 2, 1, 3, 2, 2, 2, 2, 2, 2, 1, 2, 2, 2, 1, 1, 2, 2, 1, 2, 1, 2, 2, 1, 2, 2, 2, 2, 2, 2, 2, 1, 2, 2, 2, 2, 1, 2
chatcmpl-8QMwz1gFNvijp0MVd1icslJlijfk7, 2, 1, 1, 1, 3, 2, 1, 3, 2, 1, 2, 3, 1, 2, 1, 1, 1, 1, 1, 1, 2, 2, 1, 1, 1, 1, 1, 1, 1, 1, 1, 2, 1, 1, 2, 1, 1, 1, 2, 1, 1, 3
chatcmpl-8QMya7vtC7sCWp3oA6ldw0wOodMfi, 2, 1, 2, 1, 2, 1, 1, 3, 2, 2, 2, 3, 2, 2, 1, 1, 1, 2, 1, 1, 1, 3, 1, 2, 2, 2, 2, 1, 3, 1, 2, 2, 3, 1, 2, 1, 1, 1, 2, 1, 1, 2
chatcmpl-8QMztYxH6cAIEein6qIA5t5obV3Gl, 2, 1, 1, 1, 2, 2, 1, 3, 2, 1, 2, 3, 1, 2, 1, 2, 1, 2, 1, 1, 1, 2, 1, 2, 1, 2, 2, 1, 2, 1, 2, 2, 2, 1, 2, 1, 1, 1, 2, 2, 1, 2
chatcmpl-8QN1LUnOvCVXpgrCFAVyWNKgmMZF5, 2, 1, 3, 1, 2, 1, 1, 3, 2, 1, 2, 2, 2, 2, 1, 3, 2, 1, 1, 1, 2, 1, 1, 3, 1, 3, 2, 1, 2, 1, 2, 2, 3, 2, 3, 1, 2, 1, 2, 1, 1, 2
chatcmpl-8QN2E83nC7Hg0OxvR4l7g1sXQGrNC, 2, 1, 2, 1, 3, 2, 1, 3, 1, 2, 2, 3, 1, 2, 1, 2, 1, 2, 1, 1, 2, 3, 1, 2, 1, 1, 2, 1, 1, 1, 2, 2, 2, 1, 2, 1, 2, 1, 2, 1, 1, 2
chatcmpl-8QN3u5e89TK1b7eeoJvdbwAfccfj3, 2, 1, 2, 1, 3, 2, 1, 3, 1, 2, 2, 3, 1, 2, 1, 2, 1, 2, 1, 1, 2, 3, 1, 2, 1, 1, 2, 1, 2, 1, 2, 2, 2, 1, 2, 1, 2, 2, 2, 1, 1, 2
chatcmpl-8QN5NQNSe1d0eDMtvWOM7AILWm8ky, 2, 1, 1, 1, 2, 2, 1, 3, 1, 1, 2, 3, 1, 2, 1, 1, 1, 2, 1, 1, 1, 2, 1, 1, 2, 1, 2, 1, 2, 1, 1, 2, 2, 1, 2, 1, 1, 1, 1, 1, 1, 1
chatcmpl-8QN6oEymkO4LiUchr2V7CIzsvR4Ye, 2, 1, 2, 1, 3, 2, 1, 3, 2, 2, 2, 2, 2, 1, 1, 3, 2, 2, 1, 1, 2, 3, 1, 2, 1, 2, 2, 1, 3, 2, 2, 3, 3, 2, 3, 1, 2, 1, 3, 2, 1, 2
chatcmpl-8QN8gGPzPz9zlOw68XkrG7vLqcVbl, 2, 1, 2, 1, 2, 2, 1, 3, 1, 2, 2, 3, 2, 2, 1, 3, 2, 2, 1, 1, 2, 3, 1, 3, 1, 3, 2, 2, 3, 2, 3, 2, 3, 2, 2, 1, 2, 2, 2, 2, 1, 2
chatcmpl-8QNABXVxsbfMvbESJtD71fpSbZfoy, 2, 1, 2, 1, 3, 1, 1, 3, 2, 2, 3, 2, 2, 3, 1, 2, 2, 2, 1, 2, 2, 3, 1, 2, 1, 2, 2, 2, 3, 1, 2, 2, 3, 2, 2, 1, 2, 2, 3, 2, 1, 2
chatcmpl-8QNC3y2RrHI7IG4CVbepS3CcuUx1H, 1, 2, 2, 1, 3, 2, 1, 3, 2, 2, 2, 2, 2, 2, 1, 3, 1, 2, 1, 1, 2, 3, 1, 3, 1, 2, 2, 1, 3, 1, 3, 2, 2, 1, 2, 1, 2, 1, 2, 1, 1, 2
chatcmpl-8QNDJYaEAbAAB6FHIWRTlqKXgMHKL, 2, 1, 2, 1, 2, 2, 1, 3, 3, 2, 2, 2, 2, 2, 1, 2, 2, 2, 1, 2, 2, 3, 1, 2, 1, 2, 2, 2, 3, 2, 2, 2, 3, 2, 2, 2, 2, 2, 2, 2, 2, 2
chatcmpl-8QNJWAEwgM2PUVAYgCiewlw56ehz4, 2, 1, 1, 1, 2, 2, 1, 3, 2, 1, 2, 3, 1, 2, 1, 1, 1, 2, 1, 1, 2, 2, 1, 1, 1, 1, 2, 1, 2, 1, 1, 1, 2, 1, 1, 1, 1, 1, 2, 1, 1, 1
chatcmpl-8QNML9C8f8KTPKmUjxF149AMzIW4k, 2, 1, 1, 1, 2, 2, 1, 3, 2, 1, 2, 3, 2, 2, 1, 2, 2, 2, 1, 1, 1, 2, 1, 2, 1, 2, 2, 1, 2, 1, 2, 3, 3, 2, 3, 1, 1, 1, 2, 1, 1, 2
chatcmpl-8QNN9OKKHEGY9NEEAIELpWj1wgZX9, 1, 1, 1, 1, 3, 2, 1, 2, 2, 1, 1, 2, 1, 1, 1, 1, 1, 1, 1, 1, 1, 2, 1, 1, 1, 1, 2, 1, 2, 1, 1, 1, 2, 1, 1, 1, 1, 1, 2, 2, 1, 1
chatcmpl-8QNP8oHPJ5bQ0540l3f968QpnY8o2, 2, 1, 2, 1, 2, 2, 1, 3, 2, 2, 2, 2, 1, 2, 1, 2, 1, 2, 1, 1, 2, 3, 1, 2, 1, 2, 2, 1, 2, 1, 2, 2, 2, 1, 2, 1, 2, 2, 2, 2, 1, 2
chatcmpl-8QNQJEWydcvFEGuYZuL0Cswr7TxTD, 2, 1, 2, 1, 2, 2, 1, 3, 2, 2, 2, 2, 2, 2, 1, 2, 2, 2, 1, 1, 2, 3, 1, 2, 1, 2, 2, 1, 2, 1, 2, 2, 2, 2, 2, 1, 2, 2, 2, 2, 1, 2
chatcmpl-8QNTqRsTt44Lmk4Wpkz7OhavMmhJE, 2, 1, 2, 1, 2, 2, 1, 3, 2, 2, 3, 2, 2, 2, 1, 2, 1, 2, 2, 1, 2, 3, 1, 2, 1, 2, 2, 1, 2, 1, 2, 2, 2, 1, 2, 1, 2, 1, 2, 1, 1, 2
chatcmpl-8QNVPze2He9YfiUsF8jmrSsN6wcTm, 2, 1, 1, 1, 3, 2, 1, 3, 2, 1, 2, 3, 2, 2, 1, 2, 1, 2, 1, 1, 1, 2, 1, 2, 1, 1, 2, 1, 2, 1, 2, 2, 2, 1, 2, 1, 1, 1, 2, 2, 1, 2
chatcmpl-8QNWx1qvD37QmpqcL3IsVOWcbEBUT, 2, 1, 2, 1, 2, 2, 1, 3, 1, 2, 2, 2, 1, 2, 1, 2, 1, 2, 1, 1, 2, 3, 1, 2, 1, 1, 2, 1, 2, 1, 2, 2, 2, 1, 2, 1, 2, 1, 2, 1, 1, 2
chatcmpl-8QNXihtb4Tu3KjkbLH7kCdB1oPiWs, 2, 1, 2, 1, 3, 2, 1, 3, 3, 2, 2, 2, 2, 2, 1, 2, 2, 3, 1, 1, 2, 2, 1, 2, 1, 2, 2, 2, 3, 1, 2, 2, 3, 2, 2, 1, 2, 2, 2, 2, 1, 2
chatcmpl-8QNYgZLz87HH9aNI5JGocGdMQwY9n, 2, 1, 2, 1, 2, 2, 1, 3, 2, 2, 2, 2, 2, 2, 1, 2, 2, 2, 1, 1, 2, 3, 1, 2, 1, 2, 2, 2, 2, 2, 2, 2, 3, 2, 2, 1, 2, 2, 2, 3, 1, 2
chatcmpl-8QNa2yZdDy2cenyMzUDlVFlqCUkmh, 2, 1, 1, 1, 3, 2, 1, 3, 2, 1, 2, 4, 1, 1, 1, 1, 1, 2, 1, 1, 1, 3, 1, 1, 1, 1, 2, 1, 3, 1, 1, 2, 3, 1, 2, 1, 1, 1, 2, 1, 1, 3
chatcmpl-8QNcCCyK3jY15ugPvD2AYHjh5WjMY, 2, 1, 3, 1, 3, 2, 1, 4, 3, 2, 3, 2, 3, 2, 1, 3, 2, 2, 1, 1, 4, 3, 1, 3, 1, 3, 2, 2, 3, 1, 3, 2, 3, 3, 3, 1, 4, 4, 2, 3, 1, 2
chatcmpl-8QNdbShv5uhJuvMoiqTQwjjDhlams, 2, 1, 1, 1, 3, 2, 1, 3, 1, 2, 2, 2, 1, 1, 1, 2, 1, 2, 1, 1, 1, 3, 1, 2, 1, 1, 2, 1, 2, 1, 2, 1, 2, 2, 1, 1, 2, 1, 2, 1, 1, 3
chatcmpl-8QNeEDaKnTPfH2ZJw1fnmL53YgDrk, 2, 1, 2, 1, 3, 2, 1, 3, 1, 1, 2, 3, 2, 2, 1, 2, 1, 2, 1, 1, 1, 3, 1, 2, 1, 2, 2, 2, 2, 1, 2, 2, 3, 2, 2, 1, 1, 1, 2, 1, 1, 2
chatcmpl-8QNfdIT8dZ5388Xe9IdJkpxYQZSIS, 2, 1, 2, 1, 3, 1, 1, 3, 2, 2, 1, 3, 1, 2, 1, 2, 1, 1, 1, 1, 2, 3, 1, 2, 1, 1, 2, 1, 3, 1, 2, 1, 3, 1, 1, 1, 1, 1, 2, 1, 1, 2
chatcmpl-8QNhqhjBO468yCSuiqE53gjkaBL6a, 2, 2, 1, 1, 2, 1, 1, 3, 1, 2, 2, 2, 1, 2, 1, 1, 1, 1, 1, 1, 1, 2, 1, 2, 1, 1, 2, 1, 2, 1, 2, 2, 3, 1, 1, 1, 1, 1, 1, 1, 1, 1
chatcmpl-8QNizGJ5kmRtQkUiFv88qjty5eChR, 2, 1, 1, 1, 3, 2, 1, 3, 1, 1, 2, 2, 1, 2, 1, 1, 1, 2, 1, 1, 1, 2, 1, 1, 1, 1, 2, 1, 2, 1, 1, 1, 2, 1, 1, 1, 1, 1, 2, 1, 1, 1
chatcmpl-8QNjb4IHM2Z6X7IiSdHiM4Fki247t, 2, 1, 1, 1, 3, 1, 1, 3, 2, 1, 2, 1, 1, 1, 1, 1, 1, 1, 1, 1, 1, 2, 1, 1, 1, 1, 1, 1, 2, 1, 1, 2, 1, 1, 2, 1, 1, 1, 2, 1, 1, 2
chatcmpl-8QNkxu6xYpj5Sx5abqOTJ5Uw2qQGe, 1, 1, 1, 1, 3, 2, 1, 2, 1, 2, 1, 2, 1, 1, 1, 1, 1, 1, 1, 1, 1, 3, 1, 1, 1, 1, 1, 1, 2, 1, 1, 1, 1, 1, 1, 1, 1, 1, 2, 1, 1, 2
chatcmpl-8QNmjR41QT1X1hVmUIcJdpjttIgaT, 2, 2, 3, 1, 2, 3, 1, 3, 2, 2, 2, 3, 2, 2, 1, 2, 2, 2, 1, 1, 2, 3, 1, 2, 1, 2, 2, 1, 3, 1, 2, 2, 3, 2, 2, 2, 2, 2, 2, 2, 1, 2
chatcmpl-8QNnhFgaW6ZOUi7qbpclLhtUNIWLD, 2, 1, 3, 1, 2, 2, 1, 3, 3, 2, 3, 2, 2, 2, 1, 3, 2, 3, 1, 2, 3, 4, 1, 3, 1, 3, 3, 3, 3, 2, 3, 3, 3, 2, 3, 1, 3, 3, 2, 3, 2, 2
chatcmpl-8QNpPa1T4pivAMIlrSq2IUkIryuUt, 2, 1, 1, 1, 2, 2, 1, 3, 1, 2, 2, 2, 1, 2, 1, 1, 1, 2, 1, 1, 1, 2, 1, 1, 1, 1, 2, 1, 2, 1, 2, 3, 2, 1, 2, 1, 1, 1, 2, 1, 1, 2
chatcmpl-8QNqtsDomeI7XSDHoHShZhZOsbrKj, 2, 2, 2, 1, 2, 2, 1, 3, 2, 2, 2, 2, 1, 2, 1, 2, 1, 2, 2, 1, 2, 2, 1, 2, 2, 1, 2, 1, 2, 1, 2, 2, 2, 1, 2, 1, 2, 1, 2, 1, 1, 2
chatcmpl-8QNsWrtcR4PNMauV6fTy9CUCuUyHl, 2, 1, 1, 1, 3, 2, 1, 3, 2, 2, 2, 3, 1, 2, 1, 1, 1, 3, 1, 1, 2, 3, 1, 1, 1, 1, 2, 1, 2, 1, 1, 2, 2, 1, 2, 1, 2, 2, 2, 1, 1, 2
chatcmpl-8QNwHw48nAzKaiD9CNzIwCpV6nShG, 2, 1, 2, 1, 3, 2, 1, 3, 1, 2, 2, 1, 1, 2, 1, 2, 1, 2, 1, 1, 2, 2, 1, 2, 1, 1, 2, 1, 2, 1, 2, 2, 1, 1, 2, 1, 2, 2, 2, 1, 1, 2
chatcmpl-8QNxlKPBex7F4ysHBXLPNEVBsPGua, 2, 1, 3, 1, 2, 2, 1, 3, 1, 2, 2, 2, 2, 3, 1, 3, 2, 2, 1, 1, 2, 3, 1, 2, 1, 3, 2, 2, 3, 2, 2, 2, 3, 2, 2, 2, 2, 2, 2, 2, 1, 2
chatcmpl-8QNzUzXQhEVM94WRhzOFhnPdSf8AF, 1, 1, 2, 1, 1, 2, 1, 3, 2, 2, 2, 2, 1, 1, 1, 1, 1, 2, 1, 1, 1, 2, 1, 1, 1, 1, 1, 1, 1, 1, 1, 2, 1, 1, 2, 1, 1, 1, 2, 1, 1, 1
chatcmpl-8QO0uPAGi8VT6KXQMKtBvqELrOh11, 2, 1, 1, 1, 2, 2, 1, 3, 2, 2, 2, 2, 1, 2, 1, 2, 1, 2, 1, 1, 2, 2, 1, 2, 1, 1, 2, 1, 2, 1, 2, 2, 2, 1, 2, 1, 1, 1, 2, 1, 1, 2
chatcmpl-8QO1fNPK6PrQPDsJwrK9OaxKdwqp5, 2, 1, 2, 1, 3, 2, 1, 3, 2, 2, 2, 3, 2, 2, 1, 3, 3, 2, 1, 1, 2, 3, 1, 3, 1, 3, 2, 3, 2, 1, 3, 3, 3, 3, 3, 1, 2, 2, 2, 3, 1, 3
chatcmpl-8QO2mMxrHqE9LHW9Iq7w8LSFXvFvl, 1, 1, 1, 1, 3, 2, 1, 2, 1, 1, 2, 2, 1, 1, 1, 2, 1, 2, 1, 1, 1, 3, 1, 2, 1, 1, 2, 1, 1, 1, 2, 2, 1, 1, 2, 1, 1, 1, 2, 1, 1, 2
chatcmpl-8QO72Ez6mCadXtHpE6gdlWa2fx6jc, 2, 1, 3, 1, 2, 2, 1, 3, 2, 2, 2, 2, 2, 2, 1, 2, 2, 2, 1, 1, 2, 2, 1, 2, 1, 2, 2, 1, 2, 1, 2, 2, 2, 2, 2, 1, 2, 1, 2, 1, 1, 2
chatcmpl-8QOAwVl0YbweePBsnHXfBIIyCYYB3, 2, 1, 2, 1, 3, 2, 1, 3, 2, 2, 2, 3, 2, 2, 1, 2, 2, 2, 1, 1, 2, 3, 1, 2, 1, 2, 2, 1, 2, 1, 2, 2, 3, 2, 2, 1, 2, 1, 2, 1, 1, 2
chatcmpl-8QOCcvaFlR3FT4hpmb4fqrxCVSDte, 2, 1, 2, 1, 3, 2, 1, 3, 2, 2, 2, 3, 1, 2, 1, 2, 2, 1, 1, 1, 2, 3, 1, 2, 1, 1, 2, 2, 4, 2, 2, 2, 3, 2, 3, 1, 2, 2, 3, 3, 1, 2
chatcmpl-8QODcSk1rHkokjkDwYW6y8IAPOY46, 2, 2, 2, 1, 2, 2, 1, 3, 3, 2, 2, 3, 3, 3, 1, 3, 3, 2, 1, 2, 2, 2, 1, 2, 1, 3, 3, 3, 3, 2, 3, 2, 3, 3, 2, 2, 2, 3, 2, 3, 1, 2
chatcmpl-8QOEzSQeGoHuqVRjp5M60rz1jP35M, 2, 1, 2, 1, 2, 2, 1, 3, 2, 1, 2, 3, 1, 2, 1, 1, 1, 2, 1, 1, 1, 2, 1, 2, 1, 2, 2, 1, 2, 1, 2, 2, 2, 1, 2, 1, 1, 1, 2, 1, 1, 2
chatcmpl-8QOGTj98PIijv7kMvV1qElUhbcxA3, 2, 2, 3, 2, 3, 2, 2, 3, 2, 3, 2, 3, 3, 2, 2, 3, 3, 2, 2, 2, 3, 3, 2, 3, 2, 3, 3, 4, 3, 3, 3, 3, 3, 3, 3, 3, 3, 3, 3, 3, 2, 3
chatcmpl-8QOHP9PnjQUzDRp2pkf6SmJCgTSlk, 3, 1, 3, 1, 3, 2, 1, 2, 3, 2, 2, 3, 3, 2, 1, 4, 3, 2, 1, 2, 3, 3, 1, 3, 1, 3, 2, 3, 2, 2, 3, 3, 3, 3, 3, 3, 3, 3, 2, 3, 1, 3
chatcmpl-8QOJinLZmOXNOaRRfl2Y3n5dxQIQr, 1, 1, 2, 1, 3, 2, 1, 3, 1, 2, 2, 3, 2, 2, 1, 2, 1, 2, 1, 1, 2, 3, 1, 3, 1, 2, 2, 1, 3, 1, 2, 2, 3, 1, 2, 1, 2, 2, 2, 1, 1, 2
chatcmpl-8QOM0nYntW9nska8J5JHN4o6hunOs, 2, 2, 3, 1, 3, 2, 1, 3, 2, 2, 3, 2, 3, 2, 1, 3, 2, 2, 1, 2, 2, 3, 1, 3, 1, 3, 2, 3, 2, 2, 3, 2, 3, 2, 2, 2, 2, 2, 2, 2, 1, 3
chatcmpl-8QONr3PCxIgjaEh5hySiYJ3Xy60Cd, 2, 1, 2, 1, 3, 2, 1, 3, 1, 2, 2, 3, 2, 3, 1, 2, 2, 3, 1, 1, 2, 3, 1, 2, 1, 2, 3, 1, 2, 1, 2, 3, 3, 2, 3, 1, 2, 2, 2, 1, 1, 2
chatcmpl-8QOPPI2J6q4Ef5agfc8vOZ44ZgudA, 2, 2, 1, 1, 2, 2, 2, 3, 2, 2, 2, 3, 2, 2, 1, 2, 2, 3, 1, 2, 2, 3, 1, 2, 1, 2, 2, 2, 2, 1, 2, 2, 3, 2, 2, 1, 2, 1, 2, 2, 1, 2
chatcmpl-8QOQgESAag7VvFBpEL7uzSdBPs0ra, 2, 1, 2, 1, 3, 2, 1, 3, 2, 3, 2, 3, 3, 2, 1, 2, 2, 2, 1, 1, 2, 3, 1, 3, 1, 3, 2, 3, 3, 2, 2, 3, 3, 2, 3, 3, 2, 2, 3, 3, 1, 2
chatcmpl-8QOSfG3OnvGOB7Rdecn3ia86I9XBG, 1, 1, 2, 1, 3, 3, 1, 3, 1, 1, 2, 2, 2, 2, 1, 2, 1, 2, 1, 1, 1, 2, 1, 2, 1, 2, 1, 1, 2, 2, 2, 2, 2, 1, 2, 1, 1, 1, 2, 1, 1, 2
chatcmpl-8QOUZzgG7jFhBdGAAvRUroXh9sPIn, 2, 1, 2, 1, 2, 2, 1, 3, 1, 2, 2, 2, 1, 2, 1, 2, 1, 2, 1, 1, 2, 3, 1, 2, 1, 1, 2, 1, 3, 1, 2, 2, 2, 1, 2, 1, 2, 1, 2, 2, 1, 2
chatcmpl-8QOWB2jtIVcEzgqpxmuRwZ96bkBgX, 2, 1, 2, 1, 2, 2, 1, 3, 1, 2, 2, 3, 2, 2, 1, 2, 2, 2, 1, 1, 2, 2, 1, 2, 1, 2, 2, 1, 2, 1, 2, 2, 3, 2, 2, 1, 2, 2, 2, 1, 1, 2
chatcmpl-8QOXTmy5uNjQG6GybspJ8SjeLS0HC, 2, 1, 2, 1, 3, 2, 1, 3, 2, 2, 2, 3, 2, 2, 1, 2, 2, 2, 1, 1, 2, 3, 1, 2, 1, 2, 2, 1, 3, 1, 2, 2, 3, 2, 2, 1, 2, 1, 2, 2, 1, 2
chatcmpl-8QOZ8c5sdCfWPnKPWCbbyZcXt6wTg, 1, 1, 1, 1, 2, 1, 1, 2, 2, 1, 2, 1, 2, 2, 1, 2, 2, 2, 1, 1, 1, 2, 1, 3, 1, 2, 2, 2, 2, 1, 2, 2, 2, 2, 2, 1, 1, 1, 2, 2, 1, 2
chatcmpl-8QObLWL4eqHezNNpA1H48gNSz0GTl, 2, 1, 1, 1, 2, 2, 1, 3, 2, 1, 2, 3, 1, 2, 1, 1, 1, 2, 1, 1, 1, 3, 1, 1, 1, 1, 2, 1, 2, 1, 1, 1, 2, 1, 2, 1, 1, 1, 2, 1, 1, 1
chatcmpl-8QOc276xpOlpaFMZ9eCBVPOsgzVW2, 1, 1, 2, 1, 2, 1, 1, 3, 1, 1, 1, 2, 1, 2, 1, 1, 1, 2, 1, 1, 1, 2, 1, 1, 1, 1, 2, 1, 2, 1, 1, 2, 2, 1, 2, 1, 1, 1, 2, 1, 1, 1
chatcmpl-8QOdepPJBtkUeqWKb8FlP08riz8G5, 2, 1, 3, 1, 3, 2, 1, 3, 2, 3, 3, 2, 3, 2, 1, 3, 3, 2, 1, 1, 3, 3, 1, 3, 1, 3, 3, 2, 2, 2, 3, 2, 3, 3, 2, 1, 3, 3, 2, 2, 1, 2
chatcmpl-8QOeQHQtKmxs2aVj2QBngp7wSqJvB, 2, 1, 1, 1, 2, 2, 1, 3, 2, 2, 2, 2, 2, 2, 1, 2, 1, 2, 1, 1, 2, 2, 1, 2, 1, 2, 2, 1, 1, 1, 2, 2, 2, 1, 2, 1, 1, 1, 2, 2, 1, 2
chatcmpl-8QOfqIqSoRfKgFGX5bxmvb8mHnomT, 2, 1, 1, 2, 2, 2, 1, 3, 2, 2, 2, 3, 2, 2, 1, 2, 1, 2, 1, 1, 2, 3, 1, 2, 1, 2, 2, 1, 3, 1, 2, 2, 3, 1, 2, 1, 2, 2, 2, 2, 1, 2
chatcmpl-8QXAXnE5Ku87n59UtjUKT7v69xV3O, 2, 1, 1, 1, 2, 2, 1, 3, 2, 2, 2, 2, 1, 2, 1, 1, 1, 2, 1, 1, 1, 2, 1, 2, 1, 2, 2, 1, 3, 1, 2, 2, 2, 1, 3, 1, 1, 1, 2, 1, 1, 2
chatcmpl-8QXEbR6NCSzLKc8eNZCOlc3DAy202, 2, 1, 2, 1, 2, 2, 1, 3, 2, 2, 2, 2, 2, 1, 1, 2, 2, 2, 1, 1, 2, 3, 1, 2, 1, 2, 2, 1, 2, 2, 2, 2, 2, 2, 2, 1, 2, 2, 2, 1, 1, 2
chatcmpl-8QXKx8jCBSwOyZ5bD9rv0tZ8vRVjB, 2, 1, 3, 1, 3, 2, 1, 4, 2, 2, 3, 3, 2, 2, 1, 3, 3, 2, 1, 1, 3, 4, 1, 3, 2, 3, 3, 2, 3, 2, 3, 2, 3, 3, 2, 1, 3, 3, 2, 3, 1, 3
chatcmpl-8QXN6Ib32NhvCAguoo0DVTsfL7yL7, 2, 1, 1, 1, 2, 2, 1, 3, 2, 1, 2, 3, 1, 2, 1, 1, 1, 2, 1, 1, 1, 2, 1, 1, 1, 1, 2, 1, 2, 1, 2, 2, 2, 1, 2, 1, 1, 1, 2, 1, 1, 2
chatcmpl-8QXNqYHypz9cE9AVFbRtDDrXlaGcA, 2, 1, 1, 1, 2, 1, 1, 3, 1, 1, 2, 1, 1, 1, 1, 1, 1, 2, 1, 1, 1, 2, 1, 1, 1, 1, 1, 1, 1, 1, 1, 1, 2, 1, 1, 1, 1, 1, 1, 1, 1, 1
chatcmpl-8QXOr3pjlo12AYKP1gXNPi4fg5g7l, 2, 1, 1, 1, 3, 1, 1, 3, 1, 2, 1, 2, 1, 2, 1, 1, 1, 1, 1, 1, 1, 1, 1, 1, 1, 1, 1, 1, 1, 1, 1, 1, 1, 1, 1, 1, 1, 1, 1, 1, 1, 1
chatcmpl-8QXPhYSo66RMw694JdHM3aQTGTY4y, 1, 2, 2, 1, 3, 2, 1, 3, 1, 2, 2, 3, 2, 2, 1, 2, 2, 2, 1, 1, 2, 3, 1, 2, 1, 2, 2, 1, 2, 1, 2, 2, 3, 2, 2, 1, 2, 2, 2, 1, 1, 2
chatcmpl-8QXQxmD4uWrxH4uHUl02cRgKhF7G4, 2, 1, 1, 1, 3, 3, 1, 3, 2, 2, 2, 3, 2, 2, 1, 2, 2, 2, 3, 1, 2, 2, 1, 2, 1, 2, 2, 1, 2, 2, 2, 2, 3, 2, 2, 1, 2, 2, 2, 1, 1, 2
chatcmpl-8QXSmIaNoE1v40nvBChfC9ZhrBoLL, 2, 1, 1, 1, 2, 2, 1, 3, 2, 2, 2, 2, 1, 2, 1, 1, 1, 2, 1, 1, 2, 3, 1, 1, 1, 2, 2, 1, 2, 2, 2, 1, 2, 1, 1, 1, 2, 1, 2, 1, 1, 2
chatcmpl-8QXWvjdgWZBfzG8OfbdZr9lywncwr, 2, 1, 1, 1, 2, 2, 1, 3, 1, 1, 2, 2, 1, 2, 1, 1, 1, 1, 1, 1, 1, 2, 1, 1, 1, 1, 2, 1, 1, 1, 1, 2, 1, 1, 2, 1, 1, 1, 2, 1, 1, 1
chatcmpl-8QXYMxNvjBEAFmvwK6LYCkSGaTQLU, 2, 1, 2, 1, 4, 2, 1, 3, 2, 2, 3, 4, 2, 2, 1, 2, 2, 2, 1, 1, 2, 3, 1, 2, 1, 2, 2, 1, 2, 1, 2, 2, 3, 2, 2, 1, 2, 2, 2, 1, 1, 2
chatcmpl-8QXaEg8ZBs4gF8uViMhxCpUyHKUkf, 2, 1, 2, 1, 2, 2, 1, 3, 2, 2, 2, 2, 2, 2, 1, 2, 2, 2, 1, 2, 2, 2, 1, 2, 1, 2, 2, 2, 2, 1, 2, 3, 2, 2, 2, 1, 2, 2, 2, 2, 1, 2
chatcmpl-8QXc0kN82F2udNH5C2vV82ipW5A6q, 2, 1, 2, 1, 2, 1, 1, 3, 1, 1, 2, 2, 1, 2, 1, 2, 1, 2, 1, 1, 1, 2, 1, 2, 1, 1, 2, 1, 2, 1, 2, 2, 2, 1, 2, 1, 1, 2, 2, 1, 1, 2
chatcmpl-8QXdYUFlmvXzddzYS0oVlwuhk1ifo, 2, 1, 2, 1, 3, 2, 1, 3, 2, 1, 2, 2, 2, 1, 1, 2, 2, 1, 1, 1, 1, 2, 1, 2, 1, 2, 2, 1, 2, 1, 2, 1, 2, 1, 2, 1, 1, 1, 2, 1, 1, 2
chatcmpl-8QXfTwVKV4zy8FCXcgTVAOIBVbh1s, 2, 1, 2, 1, 3, 2, 1, 3, 2, 2, 2, 3, 2, 2, 1, 2, 2, 2, 1, 1, 2, 3, 1, 2, 1, 2, 2, 1, 2, 1, 2, 2, 3, 2, 2, 1, 1, 1, 2, 1, 1, 2
chatcmpl-8QXgNbokRuHqE6ZRCGC9VUnVNTkJc, 2, 1, 1, 1, 2, 2, 1, 3, 1, 1, 2, 2, 1, 2, 1, 1, 1, 2, 1, 1, 1, 2, 1, 1, 1, 1, 1, 1, 1, 1, 1, 1, 1, 1, 1, 1, 1, 1, 1, 1, 1, 1
chatcmpl-8QXhwi6AWN1BzX9mimkyVa0JTLRYJ, 2, 1, 2, 1, 3, 1, 1, 3, 2, 2, 2, 2, 2, 2, 1, 3, 1, 2, 1, 1, 2, 3, 1, 2, 1, 2, 2, 2, 3, 1, 2, 3, 2, 1, 3, 1, 2, 2, 2, 2, 1, 2
chatcmpl-8QXk0m1HpW9tK1GcemBOST3wtXKXR, 2, 1, 1, 1, 2, 2, 1, 3, 2, 2, 2, 2, 1, 2, 1, 2, 1, 2, 1, 1, 2, 2, 1, 2, 1, 2, 2, 1, 3, 1, 2, 1, 2, 1, 2, 1, 2, 1, 2, 1, 1, 2
chatcmpl-8QXlTkBlnKN2X5MnpyarFi2Om4vdk, 2, 1, 1, 1, 2, 2, 1, 3, 2, 2, 2, 2, 2, 2, 1, 1, 1, 2, 1, 2, 1, 3, 1, 2, 1, 2, 1, 1, 1, 1, 1, 1, 2, 1, 2, 1, 1, 1, 2, 1, 1, 1
chatcmpl-8QXmdJVa59xxZIPIkvzYRBRBGosWa, 2, 1, 1, 1, 2, 2, 1, 3, 2, 2, 2, 2, 1, 2, 1, 2, 1, 2, 1, 1, 2, 3, 1, 2, 1, 2, 2, 1, 3, 1, 2, 2, 2, 1, 2, 1, 2, 2, 2, 1, 1, 2
chatcmpl-8QXobHHZDBUdMNCXTbjg2cRxj9vkZ, 2, 1, 2, 1, 2, 1, 1, 3, 2, 1, 2, 2, 2, 1, 1, 2, 1, 1, 1, 1, 1, 3, 1, 2, 1, 2, 2, 1, 2, 1, 2, 1, 3, 1, 1, 1, 1, 1, 2, 1, 1, 1
chatcmpl-8QXqrdDWUuCnvq399IrQg85t4VzsV, 2, 1, 1, 1, 3, 2, 1, 3, 1, 2, 2, 3, 1, 2, 1, 2, 1, 2, 1, 1, 2, 3, 1, 2, 1, 2, 2, 1, 3, 2, 3, 2, 3, 1, 3, 1, 2, 2, 2, 2, 1, 2
chatcmpl-8QXxt0Gko2DNwmQDK4BFqgCli0gjJ, 2, 1, 2, 1, 3, 2, 1, 3, 1, 1, 2, 1, 1, 2, 1, 1, 1, 2, 1, 1, 1, 3, 1, 2, 1, 2, 2, 1, 2, 1, 2, 2, 2, 1, 2, 1, 1, 1, 2, 1, 1, 2
chatcmpl-8QXz1SA53UoP32jGFvqiJLA5wG9qR, 2, 1, 3, 1, 3, 2, 1, 3, 1, 2, 2, 3, 2, 2, 1, 2, 3, 2, 1, 1, 2, 3, 1, 2, 1, 3, 2, 2, 3, 2, 3, 2, 3, 3, 2, 1, 3, 3, 2, 2, 1, 3
chatcmpl-8QY0O4FSyzyBDv3B4m1BYpjY6PcRy, 2, 1, 2, 1, 3, 2, 1, 3, 2, 2, 2, 2, 1, 2, 1, 1, 1, 2, 1, 2, 1, 2, 1, 2, 1, 1, 2, 1, 1, 1, 1, 2, 1, 1, 2, 1, 1, 1, 2, 1, 1, 2
chatcmpl-8QY1YMXOFXzocjFupRTQlZshifCot, 2, 1, 2, 1, 2, 2, 1, 3, 2, 2, 2, 2, 2, 2, 1, 2, 2, 2, 1, 1, 2, 2, 1, 2, 1, 2, 2, 1, 2, 1, 2, 2, 2, 2, 2, 1, 2, 2, 2, 1, 1, 2
chatcmpl-8QY2ezaSu005WlWu5ZXkYUQ0MbSet, 2, 1, 3, 1, 2, 2, 1, 4, 2, 3, 3, 2, 3, 2, 1, 4, 3, 2, 1, 2, 4, 3, 1, 4, 1, 3, 2, 2, 3, 2, 3, 2, 3, 4, 2, 2, 4, 3, 3, 2, 1, 3
chatcmpl-8QY4RiKtxvRJrEk5aOh6MzpCMQ0YQ, 2, 1, 2, 1, 2, 1, 1, 3, 1, 1, 1, 2, 2, 1, 1, 2, 1, 1, 1, 1, 1, 2, 1, 2, 1, 2, 1, 1, 2, 1, 2, 2, 2, 1, 2, 1, 1, 1, 2, 1, 1, 1
chatcmpl-8QY5tQryMLOdHCp56fYotioMM4kHW, 2, 1, 1, 1, 2, 2, 1, 3, 2, 1, 2, 3, 1, 2, 1, 1, 1, 2, 1, 1, 1, 2, 1, 2, 1, 1, 2, 1, 2, 1, 2, 2, 2, 1, 2, 1, 1, 1, 2, 1, 1, 2
chatcmpl-8QY7JNAecDpaexnfDU3Bul9eDaC9U, 2, 1, 1, 1, 2, 2, 1, 3, 2, 1, 2, 3, 1, 2, 1, 1, 1, 2, 2, 1, 1, 2, 1, 1, 1, 1, 2, 1, 3, 1, 1, 2, 3, 1, 2, 1, 1, 1, 2, 2, 1, 2
chatcmpl-8QY87qn9au6p42MtCaVWal0KPkmb1, 2, 1, 2, 1, 2, 3, 1, 3, 1, 2, 2, 3, 2, 2, 1, 2, 1, 3, 1, 1, 2, 3, 1, 2, 1, 2, 2, 1, 3, 1, 2, 3, 2, 1, 3, 1, 2, 2, 2, 1, 1, 2
chatcmpl-8QY9gjY843T5SfMUgjkcwGVr7HJcm, 2, 1, 1, 1, 2, 2, 1, 3, 2, 2, 2, 2, 1, 2, 1, 1, 1, 2, 1, 1, 2, 2, 1, 2, 2, 1, 2, 1, 2, 1, 2, 2, 2, 1, 2, 1, 2, 1, 2, 2, 1, 2
chatcmpl-8QYAk6gnqmCbS6nyLve1aAhwbX79E, 2, 1, 1, 1, 2, 1, 1, 3, 1, 1, 1, 1, 1, 1, 1, 1, 1, 1, 1, 1, 1, 3, 1, 1, 1, 1, 1, 1, 2, 1, 1, 1, 1, 1, 1, 1, 1, 1, 1, 1, 1, 1
chatcmpl-8QYCZfhdI6WD7rJz7a1Gao7dOOeds, 2, 1, 2, 1, 3, 2, 1, 3, 2, 2, 2, 3, 2, 2, 1, 2, 3, 2, 1, 2, 2, 3, 1, 3, 1, 2, 2, 2, 2, 2, 2, 2, 3, 2, 2, 2, 3, 2, 2, 2, 1, 2
chatcmpl-8QYEmuphwcNd46JpcFMSyJL3QHYIy, 2, 1, 1, 1, 3, 2, 1, 3, 2, 2, 2, 2, 2, 2, 1, 1, 1, 2, 1, 1, 2, 3, 1, 2, 1, 2, 2, 1, 3, 1, 2, 2, 2, 1, 2, 1, 2, 1, 2, 1, 1, 2
chatcmpl-8QYGhkHQzt6wYkIrSznqaI7qdL6pn, 2, 2, 2, 1, 3, 3, 1, 3, 2, 2, 3, 3, 3, 2, 1, 3, 3, 2, 1, 2, 2, 3, 1, 3, 2, 3, 3, 2, 3, 2, 3, 2, 3, 3, 3, 2, 2, 2, 3, 2, 1, 2
chatcmpl-8QYITKpjvYnAWIrBTvJewyZeDSaYr, 1, 1, 2, 1, 2, 1, 1, 3, 2, 2, 2, 2, 1, 1, 1, 2, 1, 2, 1, 1, 1, 2, 1, 2, 1, 1, 2, 1, 2, 1, 2, 2, 2, 1, 2, 1, 2, 1, 2, 1, 1, 2
chatcmpl-8QYKX6NQKaKGG1PXs7egctGiut9Qh, 2, 1, 2, 1, 4, 2, 1, 3, 2, 2, 2, 2, 2, 2, 1, 2, 3, 2, 1, 2, 2, 3, 1, 2, 1, 2, 2, 1, 3, 2, 2, 2, 3, 3, 2, 2, 3, 2, 2, 2, 1, 2
chatcmpl-8QYLoCsbdcKsjsy5YNGRQ5RGDeRNE, 1, 1, 1, 1, 2, 3, 1, 3, 2, 1, 2, 2, 1, 2, 1, 1, 1, 2, 1, 1, 1, 2, 1, 1, 1, 1, 2, 1, 2, 1, 2, 3, 2, 1, 3, 1, 1, 1, 2, 2, 1, 2
chatcmpl-8QYN1OPwn8Vvkemges2HNNQgImOZ6, 1, 1, 1, 1, 2, 1, 1, 2, 1, 1, 1, 2, 1, 1, 1, 1, 1, 1, 1, 1, 1, 2, 1, 1, 1, 1, 1, 1, 1, 1, 1, 1, 1, 1, 1, 1, 1, 1, 1, 1, 1, 1
chatcmpl-8QYONFrAIlIp5w7M3qYe1bSrw8N8n, 2, 1, 3, 1, 2, 2, 1, 3, 2, 2, 2, 3, 2, 2, 1, 3, 2, 2, 1, 1, 2, 3, 1, 3, 1, 3, 2, 3, 2, 3, 2, 2, 3, 2, 2, 2, 2, 2, 2, 3, 1, 2
chatcmpl-8QYSSPl5fz9os75IZDxtLvjB7Ns7w, 1, 2, 1, 1, 2, 2, 1, 2, 1, 2, 2, 2, 2, 1, 1, 2, 1, 2, 1, 1, 1, 2, 1, 2, 1, 2, 2, 1, 2, 1, 2, 2, 2, 1, 2, 1, 2, 1, 2, 1, 1, 2
chatcmpl-8QYTn3DKLTpMPfy3PkaFuJWiLrihl, 2, 1, 1, 1, 2, 2, 1, 3, 2, 2, 2, 3, 1, 2, 1, 1, 1, 1, 1, 1, 1, 2, 1, 1, 1, 1, 2, 1, 2, 1, 2, 2, 1, 1, 2, 1, 1, 1, 2, 2, 1, 2
chatcmpl-8QYVvlWTADPyQ6EfYKoJO0DCupfOS, 2, 1, 2, 1, 2, 1, 1, 3, 1, 2, 2, 2, 1, 1, 1, 1, 1, 2, 1, 1, 1, 3, 1, 1, 1, 1, 1, 1, 2, 1, 1, 2, 2, 1, 2, 1, 2, 1, 1, 1, 1, 2
chatcmpl-8QYZlvs2Lt7j3Kq0OyJdFxEmg3xTI, 2, 1, 1, 1, 3, 2, 1, 3, 2, 2, 2, 2, 1, 2, 1, 1, 1, 2, 1, 1, 1, 2, 1, 2, 1, 1, 2, 1, 2, 1, 2, 2, 2, 1, 2, 1, 1, 1, 2, 1, 1, 2
chatcmpl-8QYbAdKdo0RzIp25v3OoJdcY3LiQt, 2, 1, 2, 1, 3, 2, 1, 3, 2, 2, 2, 3, 2, 2, 1, 3, 2, 2, 1, 2, 2, 3, 1, 2, 1, 2, 2, 2, 2, 2, 2, 2, 2, 2, 2, 1, 2, 2, 2, 2, 1, 2
chatcmpl-8QYcQnXwNLQ5T5xk6wniJd6EdhWJg, 2, 1, 1, 1, 2, 2, 1, 3, 3, 1, 2, 2, 1, 2, 1, 1, 1, 2, 1, 1, 1, 2, 1, 2, 1, 1, 2, 1, 2, 1, 2, 2, 2, 1, 2, 1, 1, 1, 2, 1, 1, 2
chatcmpl-8QYdzQnyfkiRtWGNg2arMpLYA30au, 2, 1, 2, 1, 3, 1, 1, 3, 2, 2, 2, 2, 2, 2, 1, 2, 1, 2, 1, 2, 2, 3, 1, 2, 1, 2, 2, 2, 2, 1, 2, 2, 3, 1, 2, 1, 2, 2, 2, 2, 1, 2
chatcmpl-8QYg9ca1rVv8fKdhBFdbxAcgiti9v, 2, 1, 1, 1, 2, 2, 1, 3, 2, 1, 2, 2, 1, 2, 1, 1, 1, 2, 1, 1, 1, 2, 1, 1, 1, 1, 1, 1, 2, 1, 2, 2, 2, 1, 3, 1, 2, 1, 2, 1, 1, 2
chatcmpl-8QYh8BIIRjZAJmWMgksgUTIATfrzI, 2, 1, 1, 1, 2, 2, 1, 3, 1, 1, 2, 2, 1, 2, 1, 2, 1, 2, 1, 1, 1, 2, 1, 2, 1, 1, 2, 1, 2, 1, 2, 2, 2, 1, 2, 1, 1, 1, 2, 1, 1, 2
chatcmpl-8QYiC3z3chUEoJt1XKFafde1JdlLq, 4, 2, 3, 2, 3, 3, 2, 4, 3, 4, 3, 4, 3, 3, 2, 4, 4, 3, 2, 4, 4, 4, 2, 4, 2, 4, 3, 4, 3, 4, 3, 3, 4, 4, 3, 4, 4, 4, 3, 4, 2, 3
chatcmpl-8QYjjOFAevpMGoW3rl04N202xyIAD, 2, 1, 1, 1, 3, 2, 1, 3, 1, 2, 2, 2, 1, 2, 1, 1, 1, 2, 1, 1, 1, 3, 1, 2, 1, 1, 2, 1, 1, 1, 2, 2, 1, 1, 2, 1, 1, 1, 2, 1, 1, 2
chatcmpl-8QYlAeWs0cAngXuRTPokfEDU95CZ4, 1, 2, 3, 1, 3, 2, 1, 3, 2, 2, 2, 3, 2, 2, 1, 2, 2, 2, 1, 2, 1, 3, 2, 2, 1, 2, 2, 2, 2, 2, 2, 2, 2, 2, 2, 1, 2, 2, 2, 2, 1, 2
chatcmpl-8QYn0Ur7772fMhRMmL6AAvKaRE2Rk, 2, 1, 1, 1, 2, 1, 1, 3, 1, 1, 2, 2, 1, 2, 1, 1, 1, 2, 1, 1, 1, 2, 1, 1, 1, 1, 2, 1, 1, 1, 1, 2, 2, 1, 2, 1, 1, 1, 1, 1, 1, 1
chatcmpl-8QYnnaM5JF5T0c9bIUEZRfrGsjhkX, 2, 1, 1, 1, 2, 3, 1, 3, 2, 2, 2, 2, 1, 2, 1, 2, 1, 2, 1, 1, 2, 3, 1, 2, 1, 1, 2, 2, 2, 1, 2, 2, 2, 1, 2, 1, 2, 2, 2, 1, 1, 2
chatcmpl-8QYp4tViYiuviNZYohieo0Qv4yF99, 2, 1, 2, 1, 3, 2, 1, 3, 4, 2, 2, 3, 1, 2, 1, 2, 1, 3, 1, 2, 2, 2, 1, 3, 1, 1, 2, 2, 3, 2, 2, 3, 3, 1, 3, 1, 2, 1, 2, 3, 1, 2
chatcmpl-8QYsbZ9SKN14aNz45WaED0mUzrEmX, 2, 1, 1, 1, 3, 2, 1, 3, 2, 2, 2, 3, 2, 2, 1, 2, 1, 2, 1, 1, 2, 3, 1, 3, 1, 2, 2, 1, 2, 1, 2, 2, 3, 1, 2, 1, 2, 2, 2, 2, 1, 2
chatcmpl-8QYtlHRdptcZR4VGOfBUypw4KHccZ, 2, 1, 1, 1, 2, 2, 1, 3, 2, 1, 2, 3, 2, 1, 1, 1, 1, 2, 1, 1, 1, 2, 1, 1, 1, 2, 2, 1, 2, 1, 1, 2, 2, 1, 2, 1, 1, 1, 2, 1, 1, 2
chatcmpl-8QYvL23taxjYzXI0spILpdYPrWkpX, 2, 1, 2, 1, 3, 2, 1, 3, 2, 2, 2, 3, 1, 2, 1, 1, 1, 2, 1, 2, 2, 3, 1, 1, 1, 1, 2, 1, 3, 1, 2, 2, 3, 1, 2, 2, 2, 1, 1, 1, 1, 2
chatcmpl-8QYzHe6kZ6H48uQQCdJyVSau7eHLC, 1, 1, 1, 1, 1, 2, 1, 2, 1, 1, 1, 2, 1, 1, 1, 1, 1, 1, 1, 1, 1, 2, 1, 1, 1, 1, 1, 1, 1, 1, 1, 1, 1, 1, 1, 1, 1, 1, 1, 1, 1, 1
chatcmpl-8QZ1KImxLJYfuDXCqN4sTFaIF82Wx, 2, 1, 1, 1, 2, 2, 1, 3, 2, 2, 2, 2, 1, 2, 1, 1, 1, 2, 1, 1, 1, 2, 1, 2, 1, 1, 2, 2, 2, 2, 1, 2, 2, 1, 2, 1, 1, 1, 2, 1, 1, 2
chatcmpl-8QZ2vSvlnKhwWujDycp3t7sYmgOdM, 2, 1, 1, 1, 2, 2, 1, 3, 2, 1, 2, 3, 2, 2, 1, 2, 2, 2, 1, 1, 1, 3, 1, 2, 1, 2, 2, 1, 3, 1, 2, 2, 3, 2, 2, 1, 1, 1, 2, 1, 1, 2
chatcmpl-8QZ4MBMha4vNwdAhocK8jC73mpDcQ, 1, 2, 2, 1, 3, 2, 1, 3, 1, 1, 2, 2, 1, 2, 1, 1, 1, 2, 1, 1, 1, 2, 1, 2, 1, 2, 1, 1, 1, 1, 2, 1, 2, 1, 2, 1, 1, 1, 2, 1, 1, 2
chatcmpl-8QZ5lcxX2SACpEOq63mFo0AypY1tR, 3, 2, 4, 2, 3, 3, 2, 4, 3, 3, 3, 3, 4, 3, 2, 4, 4, 3, 3, 3, 4, 4, 2, 4, 2, 4, 3, 4, 3, 3, 3, 3, 4, 4, 4, 4, 4, 4, 3, 3, 2, 3
chatcmpl-8QZ7cVCZ2rQ6AJpqgBzhgIOBs0fAT, 2, 1, 2, 1, 3, 2, 1, 3, 2, 2, 2, 3, 2, 2, 1, 3, 2, 2, 1, 2, 2, 3, 1, 2, 1, 2, 2, 2, 3, 2, 3, 2, 3, 2, 2, 2, 2, 2, 2, 2, 1, 2
chatcmpl-8QZ9Fr2UxlN0JLgWU3x1AdWRGHkcx, 1, 1, 1, 1, 2, 2, 1, 3, 2, 2, 2, 2, 2, 1, 1, 1, 1, 2, 1, 1, 2, 3, 1, 2, 1, 2, 2, 2, 2, 1, 2, 2, 2, 1, 2, 1, 1, 1, 2, 2, 1, 2
chatcmpl-8QZAOYiq36wXkL05reen0TSYQE8S0, 2, 1, 1, 1, 2, 2, 1, 3, 2, 2, 2, 2, 1, 1, 1, 1, 1, 1, 1, 1, 1, 1, 1, 1, 1, 1, 1, 1, 1, 1, 1, 1, 1, 1, 1, 1, 1, 1, 1, 1, 1, 1
chatcmpl-8QZBmUf81EGgg2kjlOcC22LFdQomM, 1, 1, 1, 1, 2, 2, 1, 2, 1, 1, 2, 1, 1, 1, 1, 1, 1, 1, 1, 1, 1, 1, 1, 1, 1, 1, 1, 1, 1, 1, 1, 1, 1, 1, 1, 1, 1, 1, 1, 1, 1, 1
chatcmpl-8QZDWbI3uhQYprwnU8Zv0sVHQ9kjj, 2, 1, 2, 1, 2, 2, 1, 3, 2, 3, 2, 2, 2, 2, 1, 2, 2, 2, 2, 1, 2, 3, 1, 2, 1, 3, 2, 3, 2, 2, 2, 2, 2, 2, 2, 1, 2, 2, 2, 3, 1, 2
chatcmpl-8QZExiRmhARmfVEcdwEEQcASK5fjW, 2, 2, 2, 1, 2, 3, 1, 3, 2, 1, 2, 2, 2, 2, 1, 2, 1, 2, 2, 1, 1, 2, 1, 2, 1, 2, 2, 2, 2, 1, 2, 2, 2, 1, 2, 1, 1, 1, 2, 2, 1, 2
chatcmpl-8QZGZoneM0XlDyaYKj8zjlA7iFQep, 2, 1, 2, 1, 3, 2, 1, 3, 2, 2, 2, 3, 1, 2, 1, 2, 1, 2, 1, 1, 2, 3, 1, 2, 1, 1, 2, 1, 2, 1, 2, 2, 3, 1, 2, 1, 2, 1, 2, 1, 1, 2
chatcmpl-8QZIN3qYZ1CP491x0nThzUVJwMa1y, 1, 2, 1, 1, 2, 2, 1, 3, 2, 1, 2, 2, 1, 1, 1, 1, 1, 2, 1, 1, 1, 2, 1, 1, 1, 1, 2, 1, 2, 1, 1, 2, 2, 1, 2, 1, 1, 1, 2, 1, 1, 2
chatcmpl-8QZKitDIGW8kaoEzsfEQTreZxgy23, 1, 2, 2, 1, 2, 2, 1, 3, 1, 2, 1, 2, 1, 2, 1, 1, 1, 2, 2, 1, 2, 3, 1, 2, 1, 2, 2, 1, 3, 1, 2, 2, 2, 1, 2, 1, 2, 1, 2, 2, 1, 2
chatcmpl-8QZMJ4exHdGmPqBXrlZXHBWG1WvWz, 2, 1, 2, 1, 3, 2, 1, 3, 2, 2, 2, 3, 1, 2, 1, 2, 2, 2, 1, 1, 2, 3, 1, 2, 1, 1, 2, 1, 2, 1, 2, 1, 3, 1, 2, 1, 2, 1, 2, 1, 1, 2
chatcmpl-8QZO3hnytsUP5Kv21daPlhglRm0Fw, 2, 1, 2, 1, 2, 2, 1, 3, 2, 2, 3, 2, 2, 2, 1, 2, 1, 2, 1, 1, 1, 2, 1, 2, 1, 2, 2, 1, 2, 1, 2, 2, 2, 1, 2, 1, 1, 1, 2, 2, 1, 2
chatcmpl-8QZQDvRwtRHsOqGdlDjteSb6AJ6qr, 2, 2, 2, 1, 3, 2, 1, 3, 2, 2, 2, 3, 2, 2, 1, 2, 2, 2, 1, 1, 2, 3, 1, 2, 1, 2, 2, 1, 2, 1, 2, 2, 2, 2, 2, 1, 2, 1, 2, 2, 1, 3
chatcmpl-8QZRw5NX57q9PtbZCuwhcO3J61mPU, 2, 1, 1, 1, 2, 2, 1, 4, 1, 1, 2, 1, 1, 1, 1, 2, 1, 2, 1, 1, 1, 2, 1, 1, 1, 1, 2, 1, 2, 1, 2, 2, 2, 1, 2, 1, 1, 2, 2, 1, 1, 2
chatcmpl-8QZTRhAkIVDREgXD9HyUdsXtDL2Za, 2, 1, 2, 1, 2, 1, 1, 3, 1, 2, 2, 1, 1, 2, 1, 1, 1, 2, 1, 1, 2, 2, 1, 1, 1, 2, 2, 1, 2, 1, 2, 2, 1, 1, 2, 1, 2, 2, 2, 1, 1, 2
chatcmpl-8QZUTQoD2836IETJoTje4JyE6AyuH, 2, 1, 3, 1, 2, 2, 1, 3, 3, 2, 2, 3, 3, 2, 1, 3, 3, 2, 1, 1, 3, 3, 1, 3, 1, 3, 2, 3, 3, 1, 3, 2, 3, 3, 2, 1, 3, 3, 2, 2, 1, 3
chatcmpl-8QZVIlVECulSPEfAhPbfWVyP3BNBn, 2, 1, 1, 1, 2, 2, 1, 3, 1, 1, 2, 2, 1, 2, 1, 1, 1, 2, 1, 1, 1, 3, 1, 1, 1, 1, 1, 1, 1, 1, 1, 2, 1, 1, 2, 1, 1, 1, 1, 1, 1, 1
chatcmpl-8QZWIDOFVHFIzfviFRG2TcB7FMmLc, 2, 1, 1, 1, 2, 1, 1, 3, 2, 2, 3, 2, 1, 2, 1, 1, 1, 2, 1, 1, 1, 2, 1, 1, 1, 1, 2, 1, 2, 1, 1, 2, 2, 1, 1, 1, 1, 1, 2, 1, 1, 1
chatcmpl-8QZX9ww1Gy2vvX7rk38181kSyyVA8, 2, 1, 1, 1, 2, 2, 1, 3, 2, 1, 2, 3, 1, 2, 1, 1, 1, 2, 1, 1, 1, 2, 1, 1, 1, 1, 2, 1, 2, 1, 2, 2, 2, 1, 2, 1, 1, 1, 2, 1, 1, 2
chatcmpl-8QZYpp5a4lsUZ0e1W82FCjwEqwzYb, 2, 1, 2, 1, 2, 2, 1, 3, 2, 2, 3, 2, 2, 2, 1, 2, 2, 2, 1, 1, 2, 3, 1, 2, 1, 2, 2, 1, 2, 1, 2, 2, 2, 2, 2, 1, 2, 2, 2, 1, 1, 2
chatcmpl-8QZd4PL4CGHPdcuqukqiAVSDWSZXx, 3, 1, 3, 1, 2, 2, 1, 3, 3, 3, 2, 2, 2, 2, 1, 3, 4, 2, 2, 1, 2, 3, 2, 2, 2, 3, 2, 3, 2, 2, 2, 3, 3, 4, 3, 3, 3, 3, 2, 2, 2, 2
chatcmpl-8QZeoVwSWKwgjv0oPUTjy07Y1VJUV, 2, 1, 2, 1, 2, 2, 1, 3, 2, 2, 2, 2, 2, 2, 1, 2, 2, 2, 1, 2, 2, 3, 1, 2, 1, 2, 2, 2, 3, 2, 2, 2, 1, 2, 2, 1, 2, 2, 2, 2, 1, 2
chatcmpl-8QZfrA3kLc2XaotaGTF77OjcRdtuc, 2, 1, 2, 1, 3, 2, 1, 3, 2, 2, 2, 3, 2, 2, 1, 3, 3, 2, 1, 2, 3, 3, 1, 3, 1, 3, 2, 2, 2, 2, 3, 2, 3, 3, 3, 2, 3, 3, 2, 2, 1, 3
chatcmpl-8QZhy3S22HAU0CPLasERaVGkSHDlj, 2, 1, 3, 1, 2, 2, 1, 3, 2, 2, 2, 2, 2, 2, 1, 2, 2, 2, 1, 1, 2, 3, 1, 3, 1, 2, 2, 2, 3, 2, 2, 2, 3, 2, 2, 1, 2, 2, 2, 2, 1, 3
chatcmpl-8QZmAAMYpBRnNJ4HDT8LfNotEeqeK, 1, 1, 1, 1, 1, 1, 1, 2, 1, 1, 1, 1, 1, 1, 1, 1, 1, 1, 1, 1, 1, 1, 1, 1, 1, 1, 1, 1, 1, 1, 1, 1, 1, 1, 1, 1, 1, 1, 1, 1, 1, 1
chatcmpl-8QZnwhlYntYW0kbeVsr2O8I0B7ytY, 2, 1, 1, 1, 3, 2, 1, 4, 1, 2, 2, 2, 1, 2, 1, 1, 1, 2, 1, 1, 1, 3, 1, 1, 1, 1, 2, 1, 2, 1, 1, 2, 2, 1, 2, 1, 1, 1, 2, 1, 1, 2
chatcmpl-8QZpWv1UmDrI1JNI2R7dUoqmA3kPw, 2, 1, 2, 1, 3, 2, 1, 3, 2, 2, 2, 3, 2, 2, 1, 3, 2, 2, 1, 1, 2, 3, 1, 2, 1, 2, 3, 3, 3, 2, 2, 3, 3, 2, 3, 1, 3, 2, 3, 3, 1, 2
chatcmpl-8QZrR9q2KAmNrN9eGQMFMfmOpAmv6, 1, 2, 1, 1, 2, 2, 1, 3, 1, 1, 2, 2, 1, 2, 1, 1, 1, 2, 1, 1, 1, 2, 1, 1, 1, 1, 2, 1, 2, 1, 1, 1, 1, 1, 1, 1, 1, 1, 1, 1, 1, 1
chatcmpl-8QZsKj1Y0HA0FrpA3JjAlBDvErz1Z, 2, 1, 1, 1, 1, 2, 1, 3, 2, 1, 1, 2, 1, 2, 1, 1, 1, 1, 1, 1, 1, 2, 1, 1, 1, 1, 1, 1, 2, 1, 1, 1, 1, 1, 1, 1, 1, 1, 2, 1, 1, 1
chatcmpl-8QZtVX02MPJvX1xXdRcHHdauEHY32, 2, 1, 2, 1, 2, 3, 1, 3, 2, 2, 2, 3, 2, 2, 1, 2, 1, 2, 1, 1, 2, 2, 1, 2, 1, 2, 2, 2, 3, 2, 2, 2, 3, 1, 2, 1, 2, 1, 2, 2, 2, 2
chatcmpl-8QZvJTc7kPv0Uq0JBzFMQg644vg4S, 2, 1, 1, 1, 3, 1, 1, 2, 2, 1, 2, 2, 1, 2, 1, 1, 1, 1, 1, 1, 1, 2, 1, 1, 1, 1, 2, 1, 2, 1, 1, 1, 2, 1, 1, 1, 1, 1, 2, 1, 1, 2
chatcmpl-8QZx6sTAcdBNplhb2NXQ08ukEKnxE, 2, 1, 2, 1, 3, 2, 1, 3, 2, 2, 2, 3, 2, 2, 1, 2, 1, 2, 1, 1, 2, 2, 1, 2, 1, 3, 2, 2, 3, 1, 2, 2, 3, 2, 2, 1, 2, 2, 2, 2, 1, 2
chatcmpl-8QZymHacvBVrhaOpnu2WQMxGJ5NIB, 2, 1, 2, 1, 3, 2, 1, 3, 3, 2, 2, 4, 2, 2, 1, 3, 1, 2, 1, 1, 2, 3, 1, 2, 1, 2, 2, 1, 3, 2, 3, 2, 3, 1, 2, 1, 2, 2, 2, 2, 1, 2
chatcmpl-8Qa07crgpqkr7khBVVe2bm2pQShhN, 2, 1, 1, 1, 2, 2, 1, 3, 1, 2, 2, 2, 1, 2, 1, 1, 1, 2, 1, 1, 1, 2, 1, 2, 1, 1, 2, 1, 2, 1, 1, 2, 2, 1, 2, 1, 1, 1, 2, 1, 1, 3
chatcmpl-8Qa1jZ7lfGKaIe5qJyKMhBUy3nHe2, 2, 1, 3, 1, 2, 2, 1, 3, 1, 2, 2, 1, 2, 1, 1, 2, 2, 2, 1, 1, 2, 3, 1, 2, 1, 2, 2, 1, 1, 1, 2, 2, 1, 2, 2, 1, 2, 1, 2, 1, 1, 2
chatcmpl-8Qa2f5uOjfDkRDxJUO98bcg0PcK5r, 2, 1, 2, 1, 3, 2, 1, 3, 1, 2, 2, 3, 2, 2, 1, 2, 1, 2, 1, 1, 2, 3, 1, 2, 1, 2, 2, 1, 2, 1, 3, 2, 3, 1, 2, 1, 2, 1, 2, 1, 1, 2
chatcmpl-8Qa3Y3YYEWOlVHcRrRtfLdfTk1FGL, 1, 1, 1, 1, 2, 2, 1, 3, 2, 2, 2, 2, 2, 2, 1, 2, 1, 2, 1, 1, 1, 2, 1, 2, 1, 2, 2, 1, 2, 1, 2, 2, 2, 1, 2, 1, 2, 1, 2, 1, 1, 2
chatcmpl-8Qa861rGD3DyCAwnAvgbw17yLtJPq, 2, 1, 2, 1, 3, 2, 1, 3, 2, 2, 2, 3, 2, 2, 1, 2, 1, 2, 1, 1, 1, 3, 1, 3, 1, 3, 2, 1, 2, 1, 2, 2, 3, 2, 2, 1, 2, 1, 2, 1, 1, 2
chatcmpl-8Qa8zCzfV9rkE2uQw0kNtQCvqSFgE, 2, 1, 1, 1, 2, 2, 1, 3, 2, 2, 2, 2, 2, 1, 1, 1, 1, 2, 1, 1, 1, 2, 1, 1, 1, 1, 2, 2, 1, 1, 1, 1, 2, 1, 1, 1, 1, 1, 2, 1, 1, 1
chatcmpl-8QaA2xZk2cek9naD6749yrtzjJL4c, 2, 1, 1, 1, 1, 3, 1, 3, 1, 2, 2, 3, 2, 2, 1, 2, 2, 2, 1, 1, 2, 2, 1, 2, 1, 2, 2, 1, 2, 1, 2, 2, 3, 2, 2, 1, 1, 1, 2, 1, 1, 2
chatcmpl-8QaEDC4qfQuwZ6lUK0hANpXAko2lx, 2, 1, 2, 1, 3, 2, 1, 3, 2, 1, 2, 2, 2, 2, 1, 1, 1, 3, 1, 1, 1, 3, 1, 2, 1, 2, 2, 1, 2, 1, 2, 2, 3, 1, 3, 1, 1, 1, 2, 1, 1, 2
chatcmpl-8QaFYgPhh3oczQuW4sbFkK75dvgl1, 1, 1, 1, 1, 2, 2, 1, 3, 2, 1, 2, 2, 1, 1, 1, 1, 1, 2, 1, 1, 1, 2, 1, 1, 1, 1, 1, 1, 2, 1, 1, 2, 2, 1, 2, 1, 1, 1, 2, 2, 1, 1
chatcmpl-8QaGdGqfigTkADrUwm7HY17AED68t, 2, 1, 2, 1, 3, 1, 1, 3, 1, 2, 2, 3, 2, 2, 1, 2, 2, 1, 1, 1, 1, 2, 1, 2, 1, 2, 2, 1, 2, 1, 2, 2, 2, 2, 2, 1, 2, 2, 2, 1, 1, 2
chatcmpl-8QaKgZZfGNOpMu4qs2L2t45ZEGkxs, 2, 1, 1, 1, 2, 2, 1, 3, 2, 2, 2, 2, 1, 2, 1, 1, 1, 2, 1, 1, 1, 3, 1, 2, 1, 1, 2, 1, 3, 1, 2, 2, 2, 1, 2, 1, 1, 1, 2, 1, 1, 2
chatcmpl-8QaMULv7XongNmnKVcjhXGB2ATj4L, 2, 2, 1, 1, 2, 2, 1, 3, 2, 1, 2, 2, 1, 2, 1, 1, 2, 2, 1, 1, 1, 3, 1, 2, 1, 1, 2, 1, 3, 1, 2, 2, 2, 2, 2, 1, 1, 1, 2, 1, 1, 2
chatcmpl-8QaOGNQylH9mZes9UAOJPkYjlwO46, 2, 1, 1, 1, 2, 2, 1, 3, 2, 1, 2, 2, 1, 2, 1, 1, 1, 2, 1, 1, 1, 2, 1, 2, 1, 1, 2, 1, 2, 1, 1, 2, 2, 1, 2, 1, 1, 1, 2, 1, 1, 2
chatcmpl-8QaQ9OGEOtXXHKyqefW6tiZNkmq3e, 2, 1, 1, 1, 2, 2, 1, 3, 1, 2, 2, 2, 2, 2, 1, 2, 1, 2, 1, 1, 1, 2, 1, 2, 1, 2, 2, 1, 2, 1, 2, 2, 2, 1, 2, 1, 1, 1, 2, 1, 1, 2
chatcmpl-8QaRoBNsmVuqiaCVuFaspQpQcfbkL, 1, 1, 1, 1, 2, 2, 1, 3, 2, 1, 2, 1, 1, 2, 1, 1, 1, 2, 1, 1, 1, 2, 1, 2, 1, 1, 2, 2, 2, 1, 2, 2, 2, 1, 2, 1, 1, 1, 2, 2, 1, 1
chatcmpl-8QaT7Gyg68o5VWbg91YDXlBi7mhNK, 2, 1, 2, 1, 2, 2, 1, 3, 1, 2, 2, 2, 2, 2, 1, 2, 1, 2, 1, 1, 2, 2, 1, 2, 1, 2, 2, 1, 2, 2, 2, 2, 3, 1, 1, 1, 2, 1, 2, 1, 1, 2
chatcmpl-8QaUo0ubS1WSQvc5qhzXFo1O2FVtc, 2, 1, 2, 1, 3, 2, 1, 3, 2, 2, 2, 3, 2, 1, 1, 2, 2, 1, 1, 1, 2, 3, 1, 2, 1, 2, 2, 2, 3, 1, 2, 1, 3, 2, 2, 1, 2, 2, 2, 2, 1, 2
chatcmpl-8QaVg4MCyGVkyVCbmGTCxviERBc3S, 2, 1, 2, 1, 3, 2, 1, 4, 3, 2, 2, 3, 2, 2, 1, 3, 2, 2, 1, 1, 3, 4, 2, 3, 1, 3, 2, 3, 3, 2, 2, 2, 3, 2, 2, 1, 3, 3, 2, 2, 1, 2
chatcmpl-8QaXPfyPL6TRB0wf8xX0W87fHAXcG, 2, 1, 1, 1, 3, 2, 1, 4, 2, 2, 2, 1, 1, 2, 1, 1, 1, 2, 1, 1, 2, 3, 1, 1, 1, 1, 2, 1, 2, 1, 2, 2, 2, 1, 2, 1, 2, 1, 2, 1, 1, 2
chatcmpl-8QaYvJmNbiaHnip6otF7Lt7vBUl7t, 2, 1, 1, 1, 2, 2, 1, 2, 2, 2, 2, 3, 1, 2, 1, 1, 1, 2, 1, 1, 2, 2, 1, 1, 1, 1, 2, 1, 2, 1, 1, 2, 2, 1, 2, 1, 1, 1, 2, 1, 1, 2
chatcmpl-8QaaK9JeF61HJ8fNIole09HntVGtl, 2, 1, 3, 1, 3, 2, 1, 3, 2, 2, 2, 2, 2, 2, 1, 2, 2, 2, 1, 2, 2, 3, 1, 2, 1, 2, 2, 2, 2, 2, 2, 2, 2, 2, 2, 1, 2, 2, 2, 2, 1, 2
chatcmpl-8QabAi889zDGkR5PiwZ4pxX1kVTVj, 1, 1, 2, 1, 2, 2, 1, 3, 1, 1, 2, 2, 1, 2, 1, 1, 1, 1, 1, 1, 1, 3, 1, 2, 1, 1, 2, 1, 2, 1, 1, 1, 2, 1, 2, 1, 1, 1, 2, 1, 1, 2
chatcmpl-8QadS1WDqjpEEbppwnwTYFQq94d8I, 2, 1, 1, 1, 2, 2, 1, 3, 1, 2, 3, 2, 3, 2, 1, 2, 1, 2, 1, 1, 2, 3, 1, 2, 1, 3, 2, 1, 2, 1, 3, 2, 2, 1, 2, 1, 1, 1, 2, 1, 1, 2
chatcmpl-8Qaf5jwuLgf6dZxKuOWNMnfgphvg0, 2, 1, 1, 1, 2, 2, 1, 3, 1, 1, 2, 2, 1, 2, 1, 2, 1, 2, 1, 1, 1, 3, 1, 1, 2, 1, 2, 1, 2, 1, 1, 2, 2, 1, 2, 1, 1, 1, 2, 1, 1, 1
chatcmpl-8QagkbZoCUfgGdWNeiB6dPVGQKPEn, 3, 2, 4, 2, 3, 2, 2, 4, 3, 3, 2, 4, 3, 2, 2, 4, 4, 3, 2, 3, 4, 3, 2, 4, 2, 4, 3, 4, 3, 3, 3, 3, 4, 4, 3, 4, 4, 4, 3, 3, 2, 3
chatcmpl-8QakScnEhhAxklswz3wAXNiRRvDrl, 2, 1, 1, 1, 2, 3, 1, 3, 2, 1, 2, 2, 1, 2, 1, 2, 1, 2, 1, 1, 1, 2, 1, 2, 1, 1, 2, 1, 2, 1, 2, 2, 3, 1, 2, 1, 1, 1, 2, 1, 1, 2
chatcmpl-8QallZpm39nmLg4FcxrIluIrZDaef, 1, 2, 1, 1, 1, 2, 1, 3, 1, 1, 2, 2, 1, 2, 1, 1, 1, 2, 1, 1, 1, 1, 1, 1, 1, 1, 2, 1, 1, 1, 2, 1, 1, 1, 1, 1, 1, 1, 2, 1, 1, 1
chatcmpl-8QaniwNbPLVsh9VPHPU7gYECr79ST, 2, 1, 1, 1, 2, 2, 1, 2, 2, 1, 2, 3, 1, 2, 1, 1, 1, 2, 1, 1, 1, 2, 1, 2, 1, 1, 2, 1, 2, 1, 1, 2, 1, 1, 2, 1, 1, 1, 2, 1, 1, 2
chatcmpl-8Qaoe5RfzhmzBWCw9XTH0exGO1GHW, 2, 1, 1, 1, 1, 2, 1, 3, 2, 1, 1, 3, 1, 1, 1, 1, 1, 1, 1, 1, 1, 2, 1, 1, 1, 1, 1, 1, 1, 1, 1, 1, 1, 1, 1, 1, 1, 1, 1, 1, 1, 1
chatcmpl-8QapSjTsaKn5W790tO9N0z9h21ldZ, 2, 1, 2, 1, 2, 2, 1, 3, 2, 3, 2, 2, 2, 2, 1, 2, 2, 2, 1, 1, 2, 3, 1, 2, 1, 2, 2, 1, 2, 1, 2, 2, 2, 2, 2, 1, 2, 2, 2, 1, 1, 2
chatcmpl-8QaqmE088myZPilhf2ASCS3KnI4cd, 2, 1, 2, 1, 2, 3, 1, 3, 2, 2, 2, 2, 2, 2, 1, 3, 3, 3, 1, 1, 2, 3, 1, 2, 1, 2, 3, 2, 3, 2, 2, 3, 2, 3, 2, 2, 3, 3, 2, 3, 1, 2
chatcmpl-8Qau79Ry2HRyuEzFbhUF83IovGGmK, 2, 1, 1, 1, 3, 2, 1, 3, 2, 2, 2, 1, 1, 1, 1, 1, 1, 1, 1, 1, 1, 2, 1, 1, 1, 1, 1, 1, 3, 1, 2, 2, 2, 1, 2, 1, 2, 1, 2, 1, 1, 2
chatcmpl-8QavrBZHHWNV0UI6sjwxhm2oMRNr9, 2, 1, 1, 1, 2, 2, 1, 3, 2, 1, 2, 2, 1, 2, 1, 1, 1, 2, 1, 1, 1, 3, 1, 1, 1, 1, 2, 1, 2, 1, 1, 2, 1, 1, 2, 1, 1, 1, 2, 1, 1, 1
chatcmpl-8VflMjpanBhHT2Ow1A0o9kU3LysjB, 2, 1, 1, 1, 2, 2, 1, 3, 2, 1, 1, 2, 2, 1, 1, 1, 2, 1, 1, 1, 1, 2, 1, 2, 1, 2, 1, 1, 2, 1, 1, 1, 2, 1, 1, 1, 1, 1, 2, 1, 1, 2
chatcmpl-8VfmKamDHMp7HplWs1kXVniuQAr7F, 2, 1, 2, 1, 3, 2, 1, 4, 3, 1, 2, 2, 1, 2, 1, 1, 1, 2, 1, 1, 1, 3, 1, 2, 1, 2, 2, 2, 3, 2, 2, 2, 3, 1, 2, 1, 1, 2, 2, 2, 1, 2
chatcmpl-8VfnwodSctCr0kUagFSfAPFM3OEXJ, 3, 2, 2, 1, 3, 2, 2, 4, 3, 3, 3, 4, 3, 3, 1, 3, 3, 2, 2, 2, 3, 4, 2, 3, 2, 3, 3, 3, 3, 3, 2, 2, 3, 2, 2, 2, 3, 3, 2, 3, 2, 2
chatcmpl-8Vfp7pabzFxoX4UJRoK19qvDeN2hS, 2, 1, 2, 1, 3, 2, 1, 4, 2, 2, 2, 3, 2, 2, 1, 2, 2, 3, 2, 1, 2, 3, 1, 2, 1, 2, 2, 1, 3, 2, 2, 2, 3, 2, 2, 1, 2, 2, 2, 2, 1, 2
chatcmpl-8VfqE8lieOTSWo5dLbUSKs4at4ZyF, 2, 1, 1, 1, 3, 2, 1, 3, 1, 2, 2, 2, 1, 1, 1, 1, 1, 2, 1, 1, 2, 2, 1, 1, 1, 1, 2, 1, 2, 1, 2, 2, 2, 1, 2, 1, 2, 2, 2, 1, 1, 2
chatcmpl-8VfrLwLZtGs9T1hQquIyvSDWdt3sk, 2, 1, 1, 1, 2, 2, 1, 3, 1, 1, 2, 2, 1, 1, 1, 1, 1, 2, 1, 1, 1, 2, 1, 1, 1, 1, 2, 1, 2, 1, 1, 2, 2, 1, 3, 1, 1, 1, 2, 1, 1, 2
chatcmpl-8VfsHtz8BPoMLFZABIeZx5khbRITm, 2, 1, 2, 1, 3, 2, 1, 3, 2, 2, 2, 3, 2, 2, 1, 2, 1, 2, 1, 1, 2, 3, 1, 2, 1, 2, 2, 1, 3, 1, 2, 2, 2, 1, 2, 1, 2, 1, 2, 1, 1, 2
chatcmpl-8VftG9IIf3xdpQHja1UG4AOq6x2jE, 1, 1, 2, 1, 2, 2, 1, 3, 1, 2, 2, 2, 2, 2, 1, 2, 1, 2, 1, 1, 2, 2, 1, 2, 1, 2, 2, 1, 2, 1, 2, 2, 2, 1, 2, 1, 2, 2, 2, 1, 1, 2
chatcmpl-8VfucB61CMPO5kqENGgaBG9XaQ76E, 2, 1, 1, 1, 2, 2, 1, 3, 1, 1, 2, 3, 2, 2, 1, 1, 1, 2, 1, 1, 1, 2, 1, 1, 1, 2, 2, 1, 2, 1, 1, 1, 2, 1, 2, 1, 1, 1, 2, 1, 1, 1
chatcmpl-8VfvhhISQZFUqMiwSHGXBqaI3LDKb, 2, 1, 2, 1, 2, 2, 1, 3, 1, 2, 2, 2, 2, 1, 1, 2, 2, 2, 1, 1, 2, 2, 1, 2, 1, 2, 2, 1, 3, 1, 2, 2, 2, 2, 2, 1, 2, 2, 2, 1, 1, 2
chatcmpl-8VfxGqZHoBV9Qm2JgVvFJF1iAZDCF, 2, 1, 1, 1, 3, 2, 1, 3, 2, 3, 2, 2, 1, 2, 1, 2, 1, 2, 1, 1, 2, 3, 1, 2, 1, 1, 2, 2, 3, 1, 2, 2, 2, 1, 2, 1, 1, 1, 2, 1, 1, 2
chatcmpl-8VfyL4kxnVSqaafWI4JEP3A7VhCFW, 1, 2, 2, 1, 2, 2, 1, 3, 1, 1, 2, 2, 1, 1, 1, 1, 1, 2, 1, 1, 1, 2, 1, 1, 1, 1, 2, 1, 2, 1, 2, 1, 2, 1, 1, 1, 1, 1, 2, 1, 1, 2
chatcmpl-8Vg0HTVimREV35K1xWTXiC8FQM80I, 2, 1, 1, 1, 2, 2, 1, 3, 2, 1, 2, 3, 1, 2, 1, 1, 1, 2, 1, 1, 1, 2, 1, 2, 1, 2, 2, 2, 3, 1, 1, 2, 2, 1, 2, 1, 1, 1, 2, 2, 1, 2
chatcmpl-8Vg1JZDvWnfhaRd7FCNtmylYuev72, 1, 1, 2, 1, 1, 1, 1, 3, 2, 1, 1, 3, 1, 1, 1, 1, 1, 1, 1, 1, 1, 2, 1, 1, 1, 1, 1, 1, 1, 1, 1, 1, 1, 1, 1, 1, 1, 1, 1, 1, 1, 1
chatcmpl-8Vg2gu5nCZJNeu2tJG4qtrodf960f, 2, 1, 1, 1, 3, 2, 1, 2, 2, 1, 2, 3, 1, 2, 1, 3, 1, 2, 1, 1, 1, 3, 1, 2, 1, 1, 2, 1, 2, 1, 2, 1, 2, 1, 2, 1, 1, 1, 2, 1, 1, 3
chatcmpl-8Vg40pCll0ao8Ttb7F9sfWnKEPbEh, 2, 1, 3, 1, 3, 2, 1, 3, 2, 3, 2, 3, 3, 2, 1, 4, 3, 2, 1, 2, 4, 3, 1, 3, 2, 3, 3, 3, 3, 2, 3, 2, 3, 3, 2, 3, 3, 3, 2, 3, 1, 3
chatcmpl-8Vg5XoXlSKss52T2kfUFeXhxhxAtT, 2, 1, 1, 1, 3, 2, 1, 3, 1, 2, 2, 3, 2, 2, 1, 2, 1, 2, 1, 1, 2, 3, 1, 2, 1, 1, 2, 1, 3, 1, 2, 2, 3, 1, 2, 1, 1, 1, 2, 1, 1, 2
chatcmpl-8Vg6YEKzTx7EbNxP2kakG2RBFbwTP, 2, 1, 1, 1, 2, 2, 1, 3, 2, 2, 2, 2, 1, 2, 1, 1, 1, 2, 1, 1, 2, 2, 1, 1, 1, 1, 2, 1, 1, 1, 2, 2, 2, 1, 2, 1, 2, 1, 2, 2, 1, 2
chatcmpl-8Vg7hr9w6Rpo0gBuRpuD61GvxKGQt, 2, 1, 1, 1, 2, 2, 1, 3, 1, 2, 2, 2, 1, 2, 1, 1, 1, 2, 1, 1, 1, 2, 1, 1, 1, 1, 2, 1, 2, 1, 2, 2, 2, 1, 3, 1, 1, 1, 2, 1, 1, 2
chatcmpl-8Vg8fMaygDMotPnXElTTWJi4K4zOc, 2, 1, 1, 1, 2, 1, 1, 2, 1, 2, 1, 2, 1, 1, 1, 1, 1, 1, 1, 1, 2, 2, 1, 1, 1, 1, 1, 1, 2, 1, 2, 3, 2, 1, 1, 1, 2, 2, 1, 1, 1, 2
chatcmpl-8Vg9mcxBd2QhHY8GyHknef9DBYnnw, 2, 1, 1, 1, 3, 1, 2, 3, 2, 2, 2, 3, 1, 2, 1, 1, 1, 2, 1, 1, 2, 3, 1, 1, 1, 1, 2, 2, 2, 2, 2, 1, 2, 1, 1, 1, 2, 2, 2, 2, 1, 2
chatcmpl-8VgBLfBwSHuaJa3NUvuSNLuiiGPxn, 2, 1, 2, 1, 2, 3, 1, 3, 3, 2, 2, 2, 2, 2, 1, 2, 3, 2, 2, 1, 2, 3, 1, 2, 1, 2, 2, 3, 2, 2, 2, 2, 3, 2, 2, 2, 2, 2, 2, 2, 1, 2
chatcmpl-8VgDG0lvtbk03pQcPZdQgt4j7IncP, 2, 1, 2, 1, 2, 2, 1, 3, 1, 2, 2, 2, 2, 2, 1, 2, 2, 2, 1, 1, 1, 2, 1, 2, 1, 2, 2, 1, 3, 1, 2, 2, 3, 2, 2, 1, 2, 1, 2, 1, 1, 2
chatcmpl-8VgEEqLsrZ4bzoK0V2vGvSxwscNyW, 2, 1, 2, 1, 2, 1, 1, 2, 1, 1, 2, 1, 1, 2, 1, 1, 2, 1, 1, 1, 1, 2, 1, 1, 1, 1, 1, 1, 1, 1, 1, 1, 1, 1, 1, 1, 1, 1, 1, 1, 1, 1
chatcmpl-8VgFA7Hw5twI0l9b0eUsg6SzDKgKe, 2, 1, 2, 1, 2, 2, 1, 3, 2, 2, 2, 3, 2, 2, 1, 2, 1, 2, 1, 1, 1, 3, 1, 2, 1, 2, 2, 1, 2, 1, 2, 2, 2, 1, 2, 1, 2, 1, 2, 1, 1, 2
chatcmpl-8VgGx30rLBzbVRmTlUhgv0v0rHZzU, 2, 1, 2, 1, 2, 2, 1, 3, 2, 2, 2, 3, 2, 1, 1, 2, 1, 2, 1, 1, 2, 3, 1, 2, 1, 2, 2, 1, 2, 1, 2, 2, 3, 1, 2, 1, 2, 2, 2, 1, 1, 2
chatcmpl-8VgJUS4fbIdkbo5bDQUQG4gETgIou, 2, 1, 2, 1, 2, 2, 1, 3, 2, 2, 2, 3, 2, 2, 1, 2, 2, 2, 1, 1, 2, 3, 1, 2, 1, 2, 2, 2, 2, 2, 2, 2, 3, 2, 2, 1, 2, 2, 2, 2, 1, 2
chatcmpl-8VgL0NNT9jUyANhxO1IWYzXJvGaDM, 2, 1, 2, 1, 3, 1, 2, 3, 2, 2, 2, 2, 1, 1, 1, 2, 1, 1, 1, 1, 2, 2, 1, 2, 1, 1, 1, 1, 2, 1, 3, 1, 2, 1, 1, 1, 2, 1, 2, 2, 1, 2
chatcmpl-8VgM9A0TzrNJTqW6Q9WCBu49c2obf, 1, 2, 1, 1, 3, 2, 1, 3, 1, 2, 2, 2, 1, 2, 1, 1, 1, 2, 1, 1, 1, 2, 1, 1, 1, 1, 2, 2, 3, 1, 2, 2, 2, 1, 2, 1, 2, 1, 2, 2, 1, 2
chatcmpl-8VgNYt1eYN2WgO6w7756XLHDHiYpm, 2, 1, 1, 1, 3, 2, 1, 4, 3, 2, 2, 3, 1, 2, 1, 2, 1, 2, 1, 1, 2, 3, 1, 2, 1, 1, 2, 2, 3, 2, 3, 2, 3, 1, 2, 1, 2, 1, 2, 2, 1, 3
chatcmpl-8VgOUBdROMdRKDXN4fA2dQatYfyvX, 2, 1, 2, 1, 3, 2, 1, 3, 1, 2, 2, 2, 1, 2, 1, 2, 1, 2, 1, 1, 2, 2, 1, 2, 1, 1, 2, 1, 1, 2, 2, 2, 2, 1, 2, 1, 2, 1, 1, 1, 1, 2
chatcmpl-8VgQR8ATI1WRCqBziZzuxTRpgicGt, 2, 1, 1, 1, 2, 2, 1, 3, 1, 1, 2, 1, 1, 1, 1, 1, 1, 2, 2, 1, 1, 2, 1, 1, 1, 1, 2, 1, 2, 1, 1, 2, 1, 1, 2, 1, 1, 1, 1, 1, 1, 1
chatcmpl-8VgRJJxkeiG7TfNG8QXXYvWA8IWb2, 2, 1, 1, 1, 2, 2, 1, 4, 1, 2, 2, 3, 1, 2, 1, 1, 2, 2, 1, 1, 2, 3, 1, 1, 1, 1, 2, 2, 3, 2, 2, 2, 2, 1, 2, 1, 2, 2, 2, 2, 1, 2
chatcmpl-8VgSOxaSIHksIDOWasdMKIdmFBMrl, 2, 1, 1, 1, 2, 2, 1, 3, 1, 1, 2, 3, 1, 2, 1, 1, 1, 2, 2, 1, 1, 3, 1, 2, 1, 1, 2, 1, 2, 1, 2, 2, 2, 1, 2, 1, 1, 1, 2, 1, 1, 2
chatcmpl-8VgTPpoWGz1IvDfDFdX7Bpz8CWmfp, 1, 1, 1, 1, 2, 2, 1, 2, 1, 1, 2, 1, 1, 1, 1, 1, 1, 1, 1, 1, 1, 2, 1, 1, 1, 1, 1, 1, 1, 1, 1, 1, 1, 1, 1, 1, 1, 1, 1, 1, 1, 1
chatcmpl-8VgUabnLWvwy9nmWJOl2pLDso2dqy, 2, 1, 1, 1, 3, 2, 1, 3, 2, 1, 2, 2, 1, 2, 1, 1, 1, 2, 1, 1, 1, 3, 1, 1, 1, 1, 2, 2, 2, 1, 1, 2, 2, 1, 2, 1, 1, 1, 2, 1, 1, 2
chatcmpl-8VgVdHIzjeRiBA0lTuTpvUX3glFb6, 2, 1, 3, 1, 3, 2, 1, 3, 1, 2, 3, 2, 2, 2, 1, 2, 2, 2, 1, 2, 4, 2, 1, 3, 1, 3, 3, 3, 3, 2, 3, 2, 3, 2, 2, 1, 3, 3, 2, 2, 1, 3
chatcmpl-8VgWWft9NeI8lLenr4gvHy6FkMwdf, 2, 1, 2, 1, 2, 2, 1, 3, 2, 2, 2, 3, 2, 2, 1, 2, 2, 2, 1, 2, 2, 3, 1, 2, 1, 3, 2, 3, 2, 2, 2, 2, 3, 2, 2, 2, 2, 2, 2, 2, 1, 2
chatcmpl-8VgYD2Bw5qyG0bV4R04UjdGczhk7T, 2, 1, 2, 1, 2, 2, 1, 3, 2, 2, 2, 3, 2, 2, 1, 3, 2, 2, 1, 1, 2, 3, 1, 2, 1, 2, 2, 2, 3, 2, 2, 3, 2, 2, 2, 1, 2, 1, 2, 2, 1, 2
chatcmpl-8VgZEctEnibrxc1hIcNJNWm31n4le, 2, 1, 3, 2, 3, 2, 2, 3, 3, 3, 2, 3, 2, 2, 1, 3, 3, 2, 1, 2, 3, 3, 1, 3, 2, 3, 2, 3, 3, 2, 3, 2, 3, 3, 2, 3, 3, 3, 2, 2, 1, 2
chatcmpl-8Vgb2unWOsS0iJV5ktVDqFRli1oAz, 1, 2, 2, 1, 2, 2, 1, 3, 2, 2, 1, 2, 2, 1, 1, 2, 1, 2, 1, 1, 2, 2, 1, 2, 1, 2, 1, 1, 2, 1, 2, 2, 2, 1, 2, 1, 2, 2, 1, 1, 1, 2
chatcmpl-8VgcAvxaN1lpaT2BA8ihY1MCB0cG9, 2, 1, 1, 1, 3, 3, 1, 3, 2, 2, 2, 2, 1, 2, 1, 1, 1, 1, 1, 1, 1, 2, 1, 2, 1, 1, 2, 2, 3, 2, 2, 2, 3, 1, 2, 1, 2, 1, 2, 2, 1, 2
chatcmpl-8Vgf2fOwVwdDiW7bDiaWsktgQQbsK, 2, 1, 1, 1, 3, 2, 1, 3, 1, 2, 2, 3, 2, 1, 1, 1, 1, 2, 1, 1, 2, 3, 1, 1, 1, 1, 2, 1, 2, 1, 3, 2, 2, 1, 2, 1, 2, 1, 2, 1, 1, 3
chatcmpl-8Vghku8TtEB4piNTfS4n6UyzrC0DJ, 2, 1, 2, 1, 2, 2, 1, 3, 2, 2, 2, 3, 2, 2, 1, 2, 2, 2, 1, 1, 2, 3, 1, 2, 1, 2, 2, 1, 2, 1, 2, 2, 2, 2, 2, 1, 2, 2, 2, 1, 1, 2
chatcmpl-8VgkR2jq6H3TSjkrhLvxCwXpXdgay, 2, 1, 1, 1, 2, 2, 1, 3, 2, 1, 2, 3, 1, 2, 1, 1, 1, 2, 1, 1, 1, 3, 1, 1, 1, 1, 2, 1, 2, 1, 1, 2, 2, 1, 2, 1, 1, 1, 2, 1, 1, 2
chatcmpl-8Wn6Oh7tNaMCzbwUPLmTH8CdHLUfY, 2, 1, 1, 1, 2, 2, 1, 3, 1, 1, 2, 2, 1, 2, 1, 1, 1, 2, 1, 1, 1, 2, 1, 1, 1, 1, 2, 1, 1, 1, 1, 1, 1, 1, 1, 1, 1, 1, 2, 1, 1, 1
chatcmpl-8Wn71JuBKJAbeDiX2HaGnuYjoZMiC, 2, 1, 1, 1, 2, 2, 1, 3, 1, 2, 3, 1, 1, 2, 1, 2, 1, 2, 1, 1, 2, 3, 1, 1, 1, 1, 2, 1, 3, 1, 2, 2, 3, 1, 2, 1, 2, 2, 2, 1, 1, 2
chatcmpl-8Wn7dgaxXUWkW8MXB2yeg5fqSqD6m, 2, 1, 1, 1, 2, 2, 1, 3, 1, 2, 2, 2, 1, 2, 1, 1, 1, 1, 1, 1, 2, 2, 1, 1, 1, 1, 2, 1, 2, 1, 2, 2, 2, 1, 2, 1, 2, 1, 2, 1, 1, 2
chatcmpl-8Wn8HCKsiqYSPw4MpZsemv3ty6vSV, 1, 1, 1, 1, 2, 2, 1, 3, 2, 1, 2, 2, 1, 1, 1, 1, 1, 1, 1, 1, 1, 2, 1, 1, 1, 1, 2, 1, 2, 1, 1, 1, 2, 1, 1, 1, 1, 1, 2, 1, 1, 1
chatcmpl-8Wn8ugOWo8jwbvFAS7jxp1n27PVrh, 2, 1, 1, 1, 3, 2, 1, 3, 1, 2, 2, 2, 1, 2, 1, 1, 1, 2, 1, 1, 1, 2, 1, 1, 1, 1, 1, 1, 2, 1, 2, 2, 2, 1, 2, 1, 1, 1, 2, 2, 1, 2
