chatcmpl-8N1LAqBH7o6g3fWLGOs7coO0GiSka, 2, 1, 2, 1, 3, 2, 1, 3, 2, 2, 2, 3, 2, 2, 1, 2, 2, 2, 1, 1, 2, 3, 1, 2, 1, 2, 2, 2, 3, 2, 2, 2, 3, 2, 2, 1, 2, 2, 2, 2, 1, 2
chatcmpl-8N1NiXfXwyRcXi4AmTLpUSE6OKOvP, 2, 1, 2, 1, 3, 2, 1, 4, 2, 2, 2, 3, 3, 2, 1, 3, 3, 2, 1, 1, 2, 3, 1, 3, 2, 3, 2, 3, 4, 2, 2, 2, 3, 3, 2, 1, 3, 3, 3, 3, 1, 3
chatcmpl-8N1PagfUkWFXc3CfC48Xm8nfioOez, 2, 1, 1, 1, 3, 2, 1, 3, 3, 2, 2, 4, 3, 2, 1, 3, 2, 2, 1, 2, 2, 3, 1, 3, 1, 3, 3, 3, 3, 3, 3, 3, 3, 2, 3, 3, 3, 3, 3, 3, 2, 3
chatcmpl-8N1S64ydEx8oa1AIjlSHpbLMag7Ea, 2, 1, 2, 1, 3, 2, 1, 3, 2, 2, 2, 3, 2, 2, 1, 2, 1, 2, 2, 2, 1, 3, 1, 2, 2, 2, 2, 2, 3, 2, 2, 2, 3, 1, 2, 1, 2, 1, 2, 2, 1, 2
chatcmpl-8N1UhHS8tJ3ori3BYAwrlSQfDLAlU, 2, 1, 2, 1, 2, 2, 1, 3, 2, 2, 2, 3, 2, 1, 1, 2, 1, 2, 1, 1, 2, 3, 1, 2, 1, 2, 2, 1, 3, 1, 2, 1, 3, 1, 1, 1, 2, 3, 2, 1, 1, 2
chatcmpl-8N1WakuxIWfiAj6mFf3aoxowNpytK, 2, 1, 1, 1, 2, 2, 1, 3, 1, 1, 2, 2, 1, 2, 1, 1, 1, 2, 1, 1, 1, 2, 1, 1, 1, 1, 2, 1, 2, 1, 1, 2, 2, 1, 2, 1, 1, 1, 2, 1, 1, 2
chatcmpl-8N1YkSw6rJwQQvCQjxzRButqZ1Qgf, 2, 1, 2, 1, 3, 2, 1, 4, 3, 2, 2, 3, 2, 1, 1, 2, 2, 2, 1, 1, 2, 3, 1, 3, 1, 3, 2, 2, 4, 1, 2, 2, 3, 2, 2, 1, 2, 1, 2, 3, 1, 2
chatcmpl-8N1amEIbXasFYUFyHEANB5FTsa8Gx, 2, 2, 2, 1, 3, 1, 1, 3, 2, 2, 2, 3, 2, 2, 1, 1, 1, 2, 2, 1, 2, 3, 1, 2, 1, 2, 2, 1, 3, 1, 2, 2, 2, 1, 2, 1, 2, 1, 2, 1, 1, 2
chatcmpl-8N1dLsnrDVErNNh9l3Q30oFPOSJsh, 2, 1, 1, 1, 2, 3, 1, 3, 2, 1, 2, 3, 2, 2, 1, 1, 2, 2, 1, 1, 1, 3, 1, 2, 1, 2, 2, 1, 2, 1, 2, 2, 3, 2, 2, 1, 1, 1, 2, 1, 1, 2
chatcmpl-8N1f1R4cATf7SdXRd2GE4MFP9sgmV, 2, 2, 2, 2, 3, 3, 2, 3, 3, 3, 2, 3, 3, 2, 2, 3, 3, 3, 2, 2, 3, 3, 2, 3, 2, 3, 3, 3, 3, 3, 3, 3, 3, 3, 3, 3, 3, 3, 3, 3, 2, 3
chatcmpl-8W6BIBoSBWheLFzNMwPSPTPTrjaeg, 2, 1, 2, 1, 2, 2, 1, 3, 2, 2, 2, 3, 2, 2, 1, 2, 2, 2, 1, 1, 1, 3, 1, 2, 1, 2, 2, 1, 3, 1, 2, 2, 3, 2, 2, 1, 2, 2, 2, 2, 1, 2
chatcmpl-8W6C08qvUB0C8coXmyOnz5O4SkxCj, 3, 2, 4, 2, 3, 3, 2, 4, 3, 4, 2, 3, 4, 3, 2, 4, 4, 3, 3, 3, 4, 3, 2, 4, 2, 4, 3, 4, 3, 3, 4, 3, 4, 4, 3, 3, 4, 4, 3, 3, 3, 3
chatcmpl-8W6D7R5blsOAEUlFPDyf7mG8q8tbg, 2, 1, 1, 1, 2, 2, 1, 2, 2, 1, 2, 3, 1, 2, 1, 1, 1, 2, 1, 1, 1, 2, 1, 1, 1, 1, 2, 1, 2, 1, 1, 2, 2, 1, 2, 1, 1, 1, 2, 1, 1, 2
chatcmpl-8W6DhRfvcIADFxtS8ORi8Nx1uD3tM, 2, 1, 1, 1, 3, 2, 1, 4, 2, 2, 2, 2, 2, 2, 1, 2, 3, 2, 1, 1, 1, 3, 1, 2, 2, 2, 2, 3, 3, 1, 2, 2, 4, 2, 3, 1, 2, 1, 2, 2, 1, 2
chatcmpl-8W6ER09U6ibrdNBqZ1lbaj9cbkIJZ, 1, 1, 2, 1, 2, 2, 1, 3, 2, 2, 2, 2, 2, 2, 1, 2, 2, 2, 1, 1, 2, 3, 1, 2, 1, 2, 2, 1, 3, 1, 2, 2, 2, 2, 2, 1, 2, 1, 2, 2, 1, 2
chatcmpl-8W6GlsXnR3MyWIl2SWYZdX6aF92Wr, 2, 1, 2, 1, 2, 2, 1, 3, 2, 2, 3, 2, 2, 2, 1, 2, 2, 2, 1, 1, 2, 3, 1, 2, 1, 2, 2, 2, 3, 1, 2, 2, 3, 2, 3, 1, 2, 2, 2, 2, 1, 2
chatcmpl-8W6HWJUDr8QcTKH1yHstnpohtLp0D, 2, 1, 3, 1, 3, 2, 1, 4, 2, 3, 2, 3, 3, 2, 1, 4, 3, 2, 1, 2, 4, 3, 1, 3, 1, 3, 3, 3, 3, 2, 3, 3, 4, 3, 3, 2, 3, 3, 3, 3, 1, 3
chatcmpl-8W6IQZ4GgQsYJLaYJqArF87huU2Li, 3, 2, 3, 2, 3, 2, 2, 3, 3, 3, 3, 3, 4, 2, 2, 3, 4, 3, 2, 3, 4, 3, 2, 4, 3, 4, 3, 4, 3, 3, 3, 3, 3, 4, 3, 4, 4, 4, 3, 3, 2, 3
chatcmpl-8W6JoNAYIyk2IZ3VK5Wtm55oUSsId, 2, 1, 2, 1, 3, 2, 1, 3, 3, 2, 2, 2, 2, 2, 1, 3, 2, 3, 1, 1, 2, 3, 1, 3, 1, 3, 3, 3, 3, 2, 2, 3, 3, 2, 3, 2, 3, 3, 2, 3, 1, 2
chatcmpl-8W6KZnY1eYXMO98ENZLb2PjXsRuIk, 3, 2, 4, 2, 4, 3, 2, 3, 3, 3, 3, 3, 4, 3, 2, 4, 3, 3, 1, 2, 4, 3, 2, 4, 2, 4, 3, 3, 2, 3, 3, 3, 4, 3, 3, 4, 4, 4, 3, 3, 2, 4
chatcmpl-8W6M3cjlTas4RDi3eEs5SSqUSpJlA, 2, 1, 2, 1, 3, 2, 1, 3, 3, 2, 2, 3, 2, 2, 1, 2, 3, 3, 1, 2, 2, 3, 1, 2, 1, 2, 2, 2, 3, 2, 2, 2, 3, 2, 2, 2, 2, 2, 2, 2, 1, 2
chatcmpl-8W6MwQOERnyw34cIys9jN43If4Ze0, 2, 2, 2, 1, 2, 2, 1, 3, 1, 2, 2, 2, 2, 2, 1, 2, 2, 2, 1, 2, 2, 3, 1, 2, 1, 2, 2, 1, 2, 1, 2, 2, 2, 2, 2, 2, 2, 2, 2, 2, 1, 2
chatcmpl-8W6NsvpxGOZgA10zX3BP7foCveEb1, 2, 1, 1, 1, 2, 2, 1, 3, 2, 2, 2, 3, 1, 3, 1, 2, 1, 2, 1, 1, 2, 3, 1, 2, 1, 1, 2, 2, 3, 2, 2, 3, 3, 1, 2, 1, 2, 1, 3, 2, 1, 2
chatcmpl-8W6OWOsZIrcF2MmWRJHMB65d2xxOo, 2, 1, 3, 1, 3, 2, 1, 4, 3, 2, 3, 3, 2, 2, 1, 3, 3, 2, 1, 1, 4, 3, 1, 3, 2, 3, 3, 3, 3, 2, 3, 2, 3, 3, 2, 3, 4, 3, 3, 3, 2, 2
chatcmpl-8W6PYyR0lpEBOzDJxzRMTQ6atSbTC, 2, 1, 2, 1, 3, 2, 1, 3, 3, 3, 2, 3, 3, 2, 1, 3, 3, 2, 2, 1, 3, 4, 1, 3, 1, 3, 2, 3, 3, 2, 3, 2, 3, 3, 3, 3, 3, 3, 3, 3, 1, 3
chatcmpl-8W6QUbcpDNA3Y474ohXn0mnzG3xO3, 2, 1, 1, 1, 2, 2, 1, 3, 2, 1, 2, 2, 1, 2, 1, 2, 1, 2, 1, 1, 1, 2, 1, 2, 1, 1, 2, 1, 2, 1, 2, 3, 2, 1, 3, 1, 1, 1, 2, 1, 1, 2
chatcmpl-8W6RFPe4V9S2tTHuDMChHav5hBxFr, 2, 1, 1, 1, 2, 2, 1, 3, 2, 2, 2, 3, 2, 2, 1, 2, 1, 2, 1, 1, 2, 3, 1, 2, 1, 2, 3, 3, 3, 2, 2, 2, 3, 2, 2, 1, 2, 2, 3, 3, 1, 2
chatcmpl-8W6SE6FNHGuuo9vPvJwdYdT9SCa7J, 2, 2, 2, 1, 3, 2, 1, 3, 3, 3, 2, 3, 2, 2, 1, 3, 2, 2, 1, 2, 3, 3, 1, 3, 2, 3, 3, 3, 3, 2, 3, 3, 3, 3, 3, 2, 3, 3, 3, 3, 1, 3
chatcmpl-8W6TDvm67sv01oT81ZBDUGtkcoT21, 2, 2, 2, 1, 2, 2, 1, 3, 1, 2, 2, 3, 2, 2, 1, 2, 2, 2, 2, 1, 2, 3, 1, 2, 2, 2, 2, 2, 3, 1, 2, 2, 2, 2, 2, 1, 2, 2, 2, 2, 1, 2
chatcmpl-8W6Tx05CuTCcv5QcG8yEkHMSmtqTc, 1, 2, 1, 1, 2, 2, 1, 3, 1, 2, 2, 3, 1, 2, 1, 2, 2, 2, 1, 1, 2, 3, 1, 2, 1, 1, 2, 1, 2, 1, 2, 2, 2, 2, 2, 1, 1, 2, 2, 2, 1, 2
chatcmpl-8W6V4Xwi6RCQkRqrWaj2cDw031qeU, 2, 2, 1, 1, 3, 2, 1, 3, 1, 2, 2, 2, 1, 2, 1, 1, 1, 2, 1, 1, 2, 3, 1, 2, 1, 1, 2, 1, 2, 1, 2, 2, 3, 1, 2, 1, 2, 1, 2, 1, 1, 2
chatcmpl-8W6Vpsj9Ys4mWl0vXvLry23XIX3gK, 2, 1, 2, 1, 3, 2, 1, 3, 2, 2, 2, 3, 2, 2, 1, 2, 2, 2, 1, 2, 2, 3, 1, 2, 1, 2, 2, 2, 3, 1, 2, 2, 3, 2, 2, 1, 2, 2, 2, 2, 1, 2
chatcmpl-8W6WRsFUREJreFFlwtfJDcE3QptQo, 2, 1, 2, 1, 3, 2, 1, 3, 3, 2, 3, 2, 2, 2, 1, 3, 3, 2, 1, 2, 3, 3, 1, 3, 1, 3, 3, 3, 3, 2, 3, 2, 3, 3, 2, 3, 3, 3, 2, 2, 1, 2
chatcmpl-8W6XdIoFcm5iRKR4MMIXHfFIgi8qg, 2, 1, 2, 1, 3, 2, 1, 3, 2, 2, 2, 3, 2, 2, 1, 2, 2, 2, 1, 1, 2, 3, 1, 2, 1, 2, 2, 3, 3, 2, 2, 2, 3, 2, 2, 1, 2, 2, 2, 2, 1, 2
chatcmpl-8W6YHQGcOE51w3dBEBXwyXY5sKVwT, 2, 2, 3, 1, 2, 3, 1, 3, 2, 3, 3, 2, 3, 3, 1, 3, 4, 3, 2, 2, 3, 3, 1, 3, 2, 3, 2, 3, 3, 2, 3, 2, 3, 3, 3, 2, 3, 3, 3, 3, 2, 2
chatcmpl-8W6ZSqGKOZ3dlEeq1e6sl2BhjFv4h, 2, 1, 2, 1, 3, 2, 1, 3, 3, 2, 2, 2, 2, 2, 1, 2, 2, 2, 1, 3, 1, 3, 1, 2, 1, 2, 2, 2, 2, 2, 2, 2, 2, 2, 2, 2, 2, 2, 2, 2, 1, 2
chatcmpl-8W6aW2CY8GcbV2tAdmEDk5ndpnqZb, 2, 1, 3, 1, 3, 2, 1, 3, 3, 3, 3, 2, 4, 2, 1, 4, 4, 2, 1, 2, 4, 3, 1, 3, 2, 4, 3, 2, 3, 2, 3, 3, 3, 4, 3, 2, 4, 4, 2, 2, 2, 3
chatcmpl-8W6bEXDHkKo7hOvLOLPNfIPUJU7R1, 2, 1, 2, 1, 3, 2, 1, 4, 3, 2, 3, 3, 3, 2, 1, 3, 2, 3, 1, 2, 2, 3, 1, 3, 1, 3, 3, 2, 3, 2, 3, 3, 4, 2, 3, 2, 3, 2, 3, 2, 1, 3
chatcmpl-8W6c8WwSheasYQBRcr255u4UB9kX0, 2, 2, 2, 1, 3, 3, 1, 3, 3, 2, 2, 3, 2, 2, 1, 2, 2, 2, 1, 2, 2, 3, 1, 2, 1, 2, 2, 2, 3, 2, 2, 2, 3, 2, 2, 2, 2, 2, 2, 3, 1, 2
chatcmpl-8W6dJqFlULl5tQ7z643F8GX3Y65XD, 2, 1, 2, 1, 3, 2, 1, 3, 2, 2, 2, 2, 2, 2, 1, 3, 3, 2, 1, 1, 3, 3, 1, 3, 1, 2, 2, 1, 3, 1, 2, 2, 2, 3, 2, 1, 2, 1, 2, 2, 1, 2
chatcmpl-8W6e02Ee7Ky1gwEGd77pWsvqOrWIQ, 2, 1, 1, 1, 2, 2, 1, 3, 2, 2, 2, 3, 2, 2, 1, 2, 2, 2, 1, 1, 2, 3, 1, 2, 2, 2, 3, 3, 3, 1, 2, 2, 3, 2, 3, 1, 2, 2, 2, 2, 1, 2
chatcmpl-8W6eoUG8W63M9kkzVg8eUgdRoPDmQ, 2, 1, 1, 2, 3, 2, 1, 3, 3, 2, 3, 3, 2, 2, 1, 2, 2, 2, 2, 1, 2, 3, 1, 2, 1, 2, 2, 2, 3, 2, 3, 2, 3, 2, 3, 1, 2, 2, 3, 3, 1, 3
chatcmpl-8W6fcLxclo3fdPUZd56lrSQiY23am, 3, 2, 3, 2, 3, 3, 2, 4, 3, 3, 3, 3, 3, 3, 2, 3, 3, 3, 2, 3, 3, 4, 2, 3, 2, 3, 3, 4, 3, 3, 3, 3, 3, 3, 3, 3, 3, 3, 4, 3, 2, 3
chatcmpl-8W6i8RgNpLHSyQM1QdFrCWqMNfpf2, 2, 1, 2, 1, 3, 2, 1, 3, 3, 2, 2, 3, 2, 2, 1, 3, 3, 2, 1, 2, 3, 3, 1, 3, 1, 3, 3, 3, 3, 2, 3, 3, 3, 3, 3, 3, 3, 3, 2, 3, 1, 3
chatcmpl-8W6jG6CdyDLQU8RGYK9Fummd6gK9W, 3, 2, 3, 1, 3, 2, 2, 3, 4, 3, 2, 3, 3, 3, 2, 3, 3, 2, 2, 2, 3, 3, 1, 3, 2, 3, 3, 4, 3, 3, 3, 3, 3, 3, 3, 3, 3, 3, 3, 3, 2, 3
chatcmpl-8W6kAPgRKM8snXC6Nft99MSF0iIOK, 2, 2, 2, 1, 4, 3, 1, 4, 2, 4, 3, 4, 3, 3, 1, 3, 3, 3, 2, 2, 4, 3, 1, 3, 2, 3, 3, 2, 3, 2, 3, 3, 3, 3, 3, 2, 3, 3, 3, 3, 2, 3
chatcmpl-8W6kw7J40fRQk1MGjTi7ZKM0xM0nK, 2, 1, 2, 1, 3, 2, 1, 3, 1, 1, 2, 2, 2, 2, 1, 2, 1, 2, 1, 1, 1, 3, 1, 2, 1, 2, 2, 1, 2, 1, 2, 2, 2, 1, 2, 1, 1, 1, 2, 1, 1, 2
chatcmpl-8W6lhzLueFPbsyZpi8Pz1UIh2A16K, 2, 1, 2, 1, 2, 2, 1, 3, 2, 2, 2, 3, 2, 2, 1, 2, 2, 2, 1, 2, 2, 3, 1, 2, 1, 2, 2, 1, 2, 2, 2, 2, 3, 2, 2, 1, 2, 2, 2, 1, 1, 2
chatcmpl-8W6mSZHF1U59i5YQJ93WHggwXu2uv, 2, 1, 1, 1, 2, 2, 1, 3, 2, 2, 2, 3, 2, 2, 1, 2, 2, 2, 1, 1, 2, 3, 1, 2, 1, 2, 2, 2, 2, 2, 2, 2, 3, 2, 2, 1, 2, 2, 2, 2, 1, 2
chatcmpl-8W6nAzq3uwzdDtUkAJFKYPYNx651H, 2, 1, 2, 1, 2, 2, 1, 3, 2, 1, 2, 3, 2, 2, 1, 2, 2, 2, 1, 2, 1, 3, 1, 2, 1, 2, 2, 1, 3, 2, 2, 2, 2, 2, 2, 1, 2, 1, 2, 2, 1, 2
chatcmpl-8W6nr8fFyxNOqe2Iow02d74eIcdIS, 2, 1, 2, 1, 3, 2, 1, 3, 2, 2, 2, 3, 2, 2, 1, 2, 2, 2, 1, 1, 2, 3, 1, 2, 1, 2, 2, 1, 3, 2, 2, 2, 3, 2, 2, 1, 2, 2, 2, 1, 1, 2
chatcmpl-8W6oXXYpfh4Z28te2irjhAXjerYSp, 3, 2, 3, 2, 3, 2, 2, 3, 3, 3, 3, 2, 3, 2, 2, 3, 3, 2, 2, 3, 4, 3, 2, 3, 2, 3, 2, 4, 3, 3, 3, 2, 3, 3, 2, 4, 3, 4, 3, 3, 2, 3
chatcmpl-8W6psRCSUQEL4iwbyyU0cYI7pK2Hx, 3, 2, 4, 2, 3, 3, 2, 4, 3, 3, 3, 3, 3, 2, 2, 3, 3, 3, 2, 3, 3, 3, 2, 3, 2, 3, 3, 3, 3, 3, 3, 3, 3, 3, 3, 3, 3, 3, 3, 3, 2, 3
chatcmpl-8W6r4yVDYYS4HyetIJBkgL0KcuaOu, 3, 2, 3, 2, 3, 2, 2, 3, 3, 3, 3, 3, 3, 2, 2, 3, 3, 2, 2, 2, 3, 3, 2, 3, 2, 3, 3, 3, 3, 2, 3, 2, 3, 3, 2, 3, 3, 3, 2, 3, 2, 2
chatcmpl-8W6sOyrcvMIsV4FFj9PPUAc28fEHp, 2, 1, 2, 1, 3, 2, 1, 3, 2, 2, 2, 3, 2, 2, 1, 2, 1, 2, 1, 2, 2, 3, 1, 2, 1, 2, 2, 1, 3, 1, 2, 2, 3, 1, 2, 2, 2, 2, 2, 2, 1, 2
chatcmpl-8W6t3FQtsjB5VP9hXSPWoGzkD4LUY, 2, 1, 2, 1, 2, 2, 1, 3, 2, 2, 2, 3, 1, 2, 1, 2, 2, 2, 1, 1, 2, 3, 1, 2, 1, 1, 2, 1, 2, 2, 2, 2, 2, 2, 2, 1, 2, 2, 2, 2, 1, 2
chatcmpl-8W6trdFyuTqKAJ1L4VFE2JDvMwjtE, 2, 1, 3, 1, 3, 2, 1, 4, 3, 3, 2, 3, 3, 2, 2, 3, 3, 2, 1, 2, 3, 4, 1, 3, 1, 3, 2, 3, 3, 2, 3, 2, 3, 3, 2, 2, 3, 3, 2, 3, 1, 3
chatcmpl-8W6ugo4JdOXCb8D1BmNtGRrSPnvN4, 2, 1, 2, 1, 3, 2, 1, 3, 2, 1, 2, 3, 2, 2, 1, 2, 2, 1, 1, 1, 1, 3, 1, 2, 1, 2, 2, 1, 3, 1, 2, 1, 3, 2, 1, 1, 2, 1, 2, 2, 1, 2
chatcmpl-8W6vTl7qhm2thKavPwe3XHaL5kko6, 2, 2, 3, 1, 3, 2, 1, 3, 2, 2, 2, 3, 3, 2, 1, 3, 3, 2, 1, 2, 3, 3, 1, 3, 1, 3, 3, 3, 3, 2, 3, 2, 3, 3, 3, 2, 3, 3, 3, 2, 2, 3
chatcmpl-8W6wdvaGk5opOiCCrhtDhELjJZGHz, 3, 2, 2, 2, 3, 3, 2, 4, 3, 3, 3, 3, 3, 2, 2, 3, 3, 2, 2, 2, 3, 4, 2, 3, 2, 4, 3, 4, 3, 3, 3, 3, 3, 3, 3, 4, 3, 3, 3, 3, 2, 3
chatcmpl-8W6xnvVzVY7n5NzdB2RRbkwkImqBV, 2, 1, 3, 1, 4, 2, 1, 4, 3, 3, 3, 3, 2, 2, 1, 3, 3, 3, 2, 3, 4, 3, 1, 3, 1, 3, 2, 2, 3, 2, 3, 3, 3, 3, 3, 3, 4, 3, 3, 3, 1, 3
chatcmpl-8W6yfZCwCOTHHS8cA5MYB5sbegkJf, 2, 1, 2, 2, 3, 2, 1, 4, 3, 3, 3, 3, 3, 2, 1, 3, 2, 2, 1, 1, 3, 3, 1, 2, 2, 3, 3, 2, 3, 2, 3, 3, 3, 2, 3, 1, 3, 3, 3, 3, 1, 3
chatcmpl-8W6zW5oVP5q5PTkTNTxFaSgK2aT5f, 2, 1, 1, 1, 3, 2, 1, 3, 2, 2, 2, 3, 2, 2, 1, 2, 1, 2, 1, 1, 2, 3, 2, 2, 1, 2, 2, 1, 2, 1, 2, 2, 2, 1, 2, 1, 2, 2, 2, 1, 1, 2
chatcmpl-8W70Coo89qRSaQpKP810pj3phHQDh, 2, 1, 2, 1, 3, 2, 1, 3, 2, 3, 2, 3, 2, 2, 1, 2, 2, 2, 1, 1, 2, 3, 1, 2, 1, 2, 2, 2, 3, 2, 2, 2, 3, 2, 2, 1, 2, 2, 2, 3, 1, 2
chatcmpl-8W71nTlS4UpfSHeFFrhsC0aChQShS, 2, 1, 2, 1, 3, 2, 1, 4, 3, 3, 2, 3, 2, 2, 1, 3, 2, 2, 1, 2, 2, 3, 1, 3, 1, 3, 2, 3, 2, 2, 3, 3, 3, 2, 3, 2, 3, 3, 2, 2, 1, 3
chatcmpl-8W72flkvivgvmEWWvnNj8yDuI2b8V, 3, 2, 2, 1, 3, 2, 2, 4, 4, 3, 3, 3, 4, 2, 2, 3, 3, 3, 2, 3, 4, 4, 1, 3, 1, 4, 3, 4, 4, 4, 3, 3, 3, 3, 3, 3, 4, 3, 3, 4, 2, 3
chatcmpl-8W73pFcUi5i4aFsZTEZ0kDw9zhdBf, 2, 1, 2, 1, 2, 2, 1, 3, 2, 2, 2, 2, 2, 2, 1, 2, 2, 2, 1, 2, 2, 2, 1, 2, 1, 2, 2, 1, 3, 1, 2, 2, 2, 2, 2, 1, 2, 2, 2, 1, 1, 2
chatcmpl-8W74UGQjsI0tQiYd8TVmBz6RBRG9t, 2, 1, 1, 1, 2, 3, 1, 3, 3, 2, 2, 2, 2, 2, 1, 2, 3, 2, 1, 2, 2, 3, 1, 2, 1, 2, 3, 3, 2, 2, 2, 2, 3, 3, 2, 3, 2, 2, 2, 3, 1, 2
chatcmpl-8W75ZFhw1OkoiFrWz2nRvb3r2hFur, 2, 1, 2, 1, 3, 2, 1, 4, 3, 2, 3, 3, 2, 2, 1, 3, 2, 3, 1, 2, 2, 3, 1, 3, 1, 3, 3, 3, 4, 2, 3, 3, 3, 2, 3, 2, 2, 3, 3, 2, 1, 3
chatcmpl-8W76PdDZxikQSnSGeb0ecoM4c1tf7, 2, 1, 3, 1, 3, 2, 1, 4, 3, 2, 2, 3, 2, 2, 1, 3, 3, 2, 1, 1, 3, 4, 1, 3, 1, 3, 3, 3, 4, 3, 3, 3, 3, 3, 4, 2, 2, 2, 3, 2, 2, 3
chatcmpl-8W775NVmMI4xNlnYjUF7UtuwwewhH, 2, 1, 2, 1, 3, 2, 1, 3, 2, 2, 2, 2, 2, 2, 1, 2, 2, 2, 1, 1, 2, 2, 1, 2, 1, 2, 2, 2, 3, 1, 2, 2, 2, 2, 2, 1, 2, 2, 2, 2, 1, 2
chatcmpl-8W77nRz5kuQG5vMhsC2Tj7BtzOmWU, 2, 1, 2, 1, 3, 2, 1, 3, 2, 2, 3, 3, 1, 2, 1, 2, 1, 2, 1, 1, 2, 3, 1, 2, 1, 2, 2, 2, 3, 2, 2, 2, 3, 1, 2, 1, 2, 2, 3, 2, 1, 2
chatcmpl-8W78UII5s84gUIspEKXoyFQ6enSJN, 2, 1, 2, 1, 3, 3, 1, 4, 3, 1, 2, 4, 3, 2, 1, 3, 3, 2, 1, 2, 2, 3, 1, 2, 1, 4, 3, 4, 3, 3, 3, 2, 4, 3, 2, 2, 3, 4, 3, 3, 1, 3
chatcmpl-8W79LgjsXEAlO09Ywg5MpfSHDEd9m, 3, 2, 2, 1, 3, 2, 2, 3, 2, 2, 2, 3, 3, 2, 1, 3, 2, 2, 2, 2, 3, 3, 1, 3, 2, 3, 2, 3, 3, 2, 2, 3, 3, 2, 2, 3, 3, 3, 3, 2, 2, 2
chatcmpl-8W7AN6nmObIi5owoknvNgLezYatvh, 2, 1, 3, 1, 3, 2, 2, 3, 3, 3, 3, 3, 2, 2, 1, 3, 2, 2, 1, 2, 3, 3, 1, 3, 1, 3, 2, 3, 3, 2, 3, 2, 3, 3, 2, 3, 3, 3, 3, 3, 1, 3
chatcmpl-8W7BII7h7svF5udX0nhYlCZF5U9Vo, 2, 2, 2, 1, 3, 2, 1, 4, 3, 2, 3, 3, 2, 2, 1, 2, 2, 2, 2, 2, 2, 3, 1, 2, 2, 2, 3, 2, 3, 2, 2, 2, 3, 3, 2, 2, 2, 2, 2, 2, 2, 2
chatcmpl-8W7CA480LtgzZbYqj70J8RJnBbAZ8, 2, 1, 3, 3, 3, 2, 1, 4, 4, 4, 2, 3, 4, 2, 1, 3, 4, 3, 2, 3, 4, 4, 1, 3, 2, 4, 3, 4, 4, 3, 3, 3, 3, 4, 3, 3, 4, 4, 3, 3, 2, 3
chatcmpl-8W7DKZpGJzEXANIe3FrUonU4rzHOK, 3, 2, 3, 1, 3, 3, 2, 3, 3, 2, 3, 3, 4, 3, 2, 4, 3, 3, 2, 2, 3, 4, 2, 3, 2, 4, 3, 4, 3, 3, 3, 3, 3, 3, 3, 4, 3, 3, 3, 3, 2, 3
chatcmpl-8W7EblVdIZQXLZVO0PTItLwOQoBIv, 2, 1, 2, 1, 2, 3, 1, 3, 2, 1, 2, 4, 2, 3, 1, 2, 2, 2, 1, 1, 2, 3, 1, 2, 1, 2, 2, 2, 3, 1, 2, 2, 3, 2, 2, 1, 2, 2, 3, 2, 1, 2
chatcmpl-8W7FIobhM6R4aJmR34mlfrACesYVb, 1, 2, 2, 1, 3, 2, 1, 3, 1, 2, 2, 3, 2, 2, 1, 2, 2, 2, 1, 2, 2, 3, 1, 2, 1, 2, 2, 2, 3, 2, 2, 2, 3, 1, 2, 1, 2, 2, 2, 2, 1, 2
chatcmpl-8W7GBrYscPoCyJbMoMa9CihGHlnZE, 2, 1, 2, 1, 3, 2, 1, 4, 3, 2, 2, 3, 2, 2, 1, 2, 2, 2, 1, 1, 2, 3, 1, 2, 1, 2, 2, 2, 4, 2, 2, 3, 3, 2, 3, 1, 2, 3, 2, 3, 1, 2
chatcmpl-8W7Gt2PMgh0yTQ63cgNrensskEUFc, 3, 2, 2, 2, 4, 3, 2, 4, 3, 3, 3, 3, 4, 3, 2, 3, 3, 3, 2, 3, 3, 3, 2, 3, 2, 4, 3, 4, 3, 3, 3, 3, 3, 3, 3, 3, 3, 3, 3, 3, 2, 3
chatcmpl-8W7IUelqee4ldHHPmv8PvlScVXrZS, 2, 1, 2, 1, 3, 2, 1, 3, 2, 2, 3, 3, 3, 2, 1, 3, 3, 2, 1, 2, 3, 3, 1, 3, 1, 3, 3, 3, 3, 2, 4, 2, 4, 3, 3, 2, 3, 3, 2, 3, 1, 3
chatcmpl-8W7JuD3K4wFQIcsyycohedne305eU, 2, 1, 1, 1, 3, 2, 1, 3, 1, 2, 2, 2, 2, 2, 1, 2, 2, 2, 1, 1, 2, 3, 1, 2, 1, 2, 3, 1, 2, 1, 2, 3, 3, 2, 3, 1, 2, 1, 3, 1, 1, 2
chatcmpl-8W7KgDF45fUfFo7yWIzCVZwlGYTZk, 2, 1, 2, 1, 3, 2, 1, 3, 4, 3, 2, 3, 3, 2, 1, 4, 4, 2, 1, 3, 3, 3, 1, 3, 1, 4, 3, 3, 3, 2, 3, 2, 3, 4, 2, 3, 4, 4, 3, 3, 2, 3
chatcmpl-8W7LgBZlX9p8KZuzhMEaZ8cn7vNvg, 2, 1, 2, 1, 3, 2, 1, 4, 3, 3, 2, 3, 3, 2, 1, 3, 3, 2, 1, 2, 3, 3, 1, 3, 2, 3, 3, 4, 3, 2, 3, 2, 3, 3, 2, 2, 3, 3, 2, 2, 1, 3
chatcmpl-8W7MSSqkFHllLex09FFa1P8G1Ui0O, 2, 1, 2, 1, 3, 2, 1, 3, 1, 2, 2, 2, 2, 1, 1, 2, 2, 2, 1, 1, 2, 3, 1, 2, 1, 2, 2, 1, 3, 1, 2, 2, 2, 2, 2, 1, 2, 2, 2, 1, 1, 2
chatcmpl-8W7NBknArbWBrSl1531spWskEkPpU, 1, 1, 1, 1, 2, 1, 1, 3, 1, 1, 1, 2, 1, 1, 1, 1, 1, 1, 1, 1, 1, 3, 1, 1, 1, 1, 1, 1, 2, 1, 1, 1, 2, 1, 2, 1, 1, 1, 1, 1, 1, 1
chatcmpl-8W7NyMr7nBaC3NBo7IczfZT7FloXK, 2, 1, 2, 1, 3, 2, 1, 3, 3, 2, 2, 4, 3, 2, 2, 3, 3, 2, 2, 2, 3, 3, 1, 3, 1, 3, 2, 3, 3, 2, 2, 3, 3, 3, 3, 3, 3, 3, 2, 3, 2, 2
chatcmpl-8W7P7Sx2OnIWy4xKNM83oHCUM2qUz, 2, 1, 2, 1, 3, 2, 1, 3, 2, 2, 2, 3, 3, 2, 1, 3, 3, 2, 1, 2, 3, 3, 1, 3, 1, 3, 3, 3, 3, 3, 3, 3, 3, 3, 3, 3, 3, 3, 3, 3, 1, 3
chatcmpl-8W7Q9Sz3ReJNfqlM06PbJ14QRefIp, 1, 1, 1, 1, 3, 2, 1, 3, 1, 2, 2, 3, 1, 2, 1, 2, 1, 2, 1, 1, 2, 3, 1, 2, 1, 1, 2, 2, 3, 2, 2, 2, 2, 1, 2, 1, 2, 2, 2, 2, 1, 2
chatcmpl-8W7R3sNk93WRb5oAP6dsxJ6goQQk2, 2, 1, 2, 1, 2, 2, 1, 3, 3, 2, 2, 2, 2, 2, 1, 3, 3, 2, 1, 2, 3, 3, 1, 2, 1, 3, 2, 3, 2, 2, 2, 3, 3, 3, 3, 2, 3, 3, 2, 2, 1, 2
chatcmpl-8W7RmpHKDn4N7vW6eR9v0KfmaVzsN, 2, 1, 2, 1, 3, 1, 1, 3, 2, 2, 2, 3, 2, 2, 1, 2, 2, 2, 1, 1, 2, 3, 1, 2, 1, 2, 2, 2, 3, 1, 2, 2, 3, 2, 2, 1, 2, 2, 2, 1, 1, 2
chatcmpl-8W7SP5qLxWMDlw9zw8DDJ1vwZpNsF, 3, 2, 3, 2, 4, 3, 2, 4, 3, 3, 3, 4, 3, 2, 2, 3, 3, 3, 2, 2, 3, 4, 2, 3, 2, 3, 3, 3, 3, 2, 3, 3, 3, 3, 3, 3, 3, 3, 3, 3, 2, 3
chatcmpl-8W7TDlAbdQJBxc6fbB9uUJQKYKN6i, 2, 1, 3, 1, 3, 2, 1, 3, 4, 3, 2, 3, 3, 2, 1, 3, 3, 2, 1, 3, 4, 3, 1, 3, 1, 3, 2, 3, 3, 3, 3, 3, 3, 3, 3, 4, 3, 4, 3, 3, 1, 3
chatcmpl-8W7U7erzbbj9sZsdlEn7fnvHT9y9K, 2, 1, 2, 1, 3, 2, 1, 3, 1, 1, 2, 3, 2, 2, 1, 2, 2, 2, 1, 1, 1, 2, 1, 2, 1, 2, 2, 2, 2, 1, 2, 2, 3, 2, 2, 1, 1, 1, 2, 2, 1, 3
chatcmpl-8W7Up3MLhtwBOUlt7PVlGndNeqzfh, 2, 2, 3, 2, 4, 3, 2, 4, 3, 3, 3, 3, 3, 3, 2, 3, 3, 3, 2, 3, 3, 3, 2, 3, 2, 3, 3, 3, 3, 3, 3, 3, 3, 3, 3, 3, 3, 3, 3, 3, 3, 3
chatcmpl-8W7VwGDKrTEJCduDiTXWbG4QKwwwh, 2, 1, 1, 1, 3, 2, 1, 4, 2, 2, 3, 2, 2, 3, 1, 2, 2, 1, 1, 1, 2, 3, 1, 2, 1, 2, 2, 2, 3, 2, 2, 2, 3, 2, 2, 1, 2, 2, 2, 2, 1, 2
chatcmpl-8W7WbYnvtidvT05ydwHJqkULg4UVo, 2, 1, 2, 1, 3, 2, 1, 4, 2, 2, 2, 2, 3, 2, 1, 3, 3, 2, 2, 1, 3, 4, 1, 3, 1, 3, 2, 3, 4, 2, 3, 3, 3, 3, 3, 2, 3, 3, 2, 3, 2, 2
chatcmpl-8W7Xlz6IwGd0qsCt18UM85mMqXoLO, 2, 1, 1, 1, 2, 2, 1, 3, 2, 1, 2, 3, 2, 2, 1, 2, 1, 2, 1, 1, 1, 3, 1, 2, 1, 2, 2, 3, 2, 2, 2, 2, 3, 2, 2, 1, 1, 1, 2, 2, 1, 2
chatcmpl-8W7YpI83gttPrLCnLGawnAdrY9TUA, 2, 1, 2, 1, 2, 2, 1, 3, 2, 2, 2, 3, 2, 2, 1, 2, 1, 2, 1, 1, 2, 2, 1, 2, 1, 2, 2, 1, 2, 2, 2, 2, 3, 1, 2, 2, 2, 2, 2, 3, 1, 2
chatcmpl-8W7ZU03oZvX6oxjCSNIWrSCj95sZM, 2, 1, 1, 1, 3, 2, 1, 3, 1, 1, 2, 3, 2, 2, 1, 1, 1, 2, 1, 2, 2, 3, 1, 2, 1, 2, 2, 2, 3, 1, 2, 2, 3, 1, 2, 1, 1, 2, 2, 2, 1, 2
chatcmpl-8W7aCSlGUBjc5yOzjhKT1OC5j2iql, 2, 1, 2, 1, 3, 2, 1, 3, 2, 2, 3, 2, 2, 2, 1, 2, 2, 3, 1, 1, 2, 3, 1, 2, 1, 2, 2, 1, 3, 1, 2, 2, 3, 2, 2, 1, 2, 2, 2, 1, 1, 2
chatcmpl-8W7ayLc6zXT7TrFSPf7lBy0652Xp5, 2, 1, 2, 1, 3, 2, 1, 3, 2, 2, 2, 3, 2, 2, 1, 3, 2, 2, 1, 1, 2, 3, 1, 3, 1, 3, 2, 2, 3, 2, 3, 2, 3, 2, 3, 1, 3, 2, 3, 2, 1, 3
chatcmpl-8W7bgRt6xKpWHLSzN84mYNeUxCzmK, 3, 1, 3, 1, 3, 2, 2, 3, 3, 3, 3, 3, 3, 2, 1, 3, 3, 3, 1, 3, 3, 3, 1, 3, 2, 3, 3, 3, 3, 3, 3, 3, 3, 3, 3, 3, 3, 3, 3, 3, 2, 3
chatcmpl-8W7czEoP3Z9RF7qt3OzXwizJk1vt7, 2, 2, 2, 1, 3, 3, 1, 3, 2, 2, 3, 3, 2, 2, 1, 3, 2, 2, 1, 2, 1, 3, 1, 3, 2, 3, 3, 2, 3, 2, 3, 2, 3, 2, 2, 2, 2, 2, 2, 2, 1, 3
chatcmpl-8W7dhZRXYNhVBFRevTpO1TUrpHTBi, 2, 1, 1, 1, 2, 2, 1, 3, 2, 2, 2, 3, 2, 2, 1, 2, 2, 2, 1, 2, 1, 3, 1, 2, 1, 2, 2, 2, 3, 2, 2, 2, 3, 2, 2, 2, 2, 2, 2, 2, 1, 2
chatcmpl-8W7eeJrjCzOtDhW7koXR7bIrCUtvX, 3, 1, 3, 1, 3, 2, 1, 3, 3, 3, 2, 3, 3, 2, 1, 3, 4, 2, 1, 2, 3, 3, 1, 3, 1, 3, 3, 4, 3, 3, 3, 3, 4, 4, 3, 4, 3, 3, 3, 4, 1, 3
chatcmpl-8W7ff7GAoag4tcL1DbSg0BXYXx8BS, 2, 1, 2, 1, 3, 1, 1, 3, 2, 2, 2, 3, 1, 2, 1, 2, 2, 1, 1, 1, 1, 2, 1, 1, 1, 2, 2, 2, 3, 1, 2, 2, 2, 1, 2, 1, 1, 1, 2, 2, 1, 3
chatcmpl-8W7gCPGIIcih4T2FPHCOY2HFWi3Fi, 2, 1, 2, 1, 2, 3, 1, 3, 2, 2, 2, 3, 2, 2, 1, 3, 2, 2, 1, 2, 2, 3, 1, 3, 1, 2, 3, 3, 3, 2, 2, 3, 3, 2, 3, 2, 2, 3, 2, 3, 1, 2
chatcmpl-8W7gwYyQu5BGT2kgYd3FbQmcwMAr9, 2, 2, 3, 1, 3, 3, 1, 4, 3, 3, 3, 3, 3, 2, 1, 3, 3, 2, 2, 1, 3, 3, 1, 3, 2, 3, 3, 3, 3, 2, 3, 3, 3, 3, 3, 2, 3, 3, 3, 3, 2, 3
chatcmpl-8W7hfZbKngg3zqUSFXixDT7ZfVitw, 2, 1, 2, 1, 3, 2, 1, 3, 3, 3, 2, 3, 2, 2, 1, 3, 3, 2, 1, 2, 3, 3, 1, 3, 1, 3, 3, 3, 3, 2, 3, 3, 3, 3, 3, 3, 3, 3, 3, 3, 1, 3
chatcmpl-8W7jbFuWBFvIFroXt6sYYPZcS91hG, 2, 1, 2, 1, 3, 2, 1, 3, 2, 2, 2, 3, 1, 4, 1, 2, 2, 2, 1, 2, 2, 3, 1, 2, 2, 1, 2, 2, 3, 2, 2, 3, 3, 2, 3, 1, 2, 2, 2, 2, 1, 2
chatcmpl-8W7kL7aP5BaQSnmdxlWejr5L9moWS, 1, 2, 2, 1, 3, 2, 1, 3, 2, 2, 3, 3, 2, 2, 1, 2, 1, 3, 1, 1, 2, 3, 1, 2, 1, 2, 3, 1, 3, 2, 2, 3, 2, 1, 3, 1, 2, 1, 3, 2, 1, 2
chatcmpl-8W7kzSeeTtLipm8rTsx1UwynOODUN, 2, 2, 2, 1, 2, 2, 1, 3, 3, 3, 2, 2, 2, 2, 1, 2, 2, 2, 2, 2, 3, 3, 1, 2, 1, 3, 2, 2, 3, 2, 2, 2, 3, 2, 2, 3, 3, 3, 2, 3, 1, 2
chatcmpl-8W7lvcQu6B6AmmRarq2gil56bIYkS, 2, 1, 2, 1, 3, 2, 2, 3, 3, 2, 2, 3, 2, 2, 1, 2, 2, 2, 1, 2, 2, 3, 1, 3, 2, 3, 2, 3, 3, 2, 2, 3, 3, 2, 3, 3, 3, 2, 3, 3, 1, 2
chatcmpl-8W7mxknu4BhBNb2kGMkyGfH3GXxDc, 2, 1, 2, 1, 2, 2, 1, 3, 2, 2, 2, 3, 2, 2, 1, 2, 3, 2, 1, 2, 2, 3, 1, 2, 1, 2, 2, 2, 3, 2, 2, 2, 3, 3, 2, 2, 2, 3, 2, 3, 1, 2
chatcmpl-8W7o3g6PYP5T5uHBf6Ju2DuTiKFEE, 2, 1, 2, 1, 3, 3, 1, 3, 2, 2, 2, 4, 2, 3, 1, 2, 2, 2, 1, 1, 2, 3, 1, 3, 1, 3, 2, 3, 3, 2, 2, 2, 3, 2, 2, 1, 2, 2, 3, 3, 1, 3
chatcmpl-8W7opE46apuSBXpsiFCibVJA2BkTI, 2, 2, 2, 1, 3, 2, 1, 3, 2, 3, 2, 3, 2, 2, 1, 3, 3, 2, 2, 2, 3, 3, 2, 3, 2, 3, 3, 3, 3, 2, 3, 3, 3, 3, 3, 3, 3, 3, 3, 3, 2, 3
chatcmpl-8W7pfU7MiXZC9YVFWkvqs5rhkqu7v, 2, 1, 1, 1, 3, 2, 1, 3, 2, 1, 2, 3, 1, 2, 1, 2, 1, 2, 1, 1, 1, 3, 1, 2, 1, 2, 2, 1, 3, 1, 2, 2, 3, 1, 2, 1, 2, 1, 2, 2, 1, 2
chatcmpl-8W7qAWByLsmQrBj3DFkWc3NboaUcu, 1, 2, 2, 1, 2, 2, 1, 3, 2, 2, 2, 3, 2, 1, 1, 2, 1, 2, 1, 1, 2, 3, 1, 2, 1, 2, 2, 2, 3, 2, 2, 2, 3, 2, 2, 1, 2, 2, 2, 2, 1, 2
chatcmpl-8W7r2sdI2MaVpVWVekEkmxefZj1QV, 2, 1, 3, 1, 3, 2, 1, 3, 4, 3, 2, 3, 4, 2, 1, 3, 3, 2, 1, 3, 3, 3, 1, 3, 2, 4, 3, 3, 3, 3, 3, 3, 3, 4, 3, 4, 3, 3, 3, 3, 2, 3
chatcmpl-8W7sCpkY0ZZJ2SWcM1I3m3RSHiVhQ, 2, 1, 3, 1, 3, 2, 1, 3, 3, 2, 2, 3, 3, 2, 1, 3, 3, 3, 1, 2, 3, 3, 1, 3, 1, 3, 2, 3, 2, 2, 3, 2, 3, 3, 2, 2, 3, 3, 2, 2, 1, 3
chatcmpl-8W7t8ImEbCpOi5MptrUw36YBQ7qVH, 2, 1, 2, 1, 3, 2, 1, 3, 2, 2, 3, 3, 2, 2, 1, 3, 3, 2, 1, 2, 2, 3, 1, 3, 1, 2, 2, 2, 3, 2, 3, 2, 3, 3, 2, 2, 3, 3, 2, 2, 1, 2
chatcmpl-8W7vD4vQU71tJ7IwVhMSHIORJT4nQ, 2, 1, 2, 1, 3, 2, 1, 4, 3, 2, 3, 2, 3, 2, 1, 3, 2, 2, 1, 2, 3, 3, 1, 3, 1, 3, 2, 3, 3, 3, 3, 2, 3, 3, 2, 3, 3, 3, 3, 3, 1, 3
chatcmpl-8W7wHQ9FILBUY0ZIhlpFMVVjdjpV7, 2, 1, 2, 1, 3, 2, 1, 3, 2, 2, 2, 3, 2, 2, 1, 2, 3, 2, 2, 1, 2, 3, 1, 3, 1, 3, 3, 3, 3, 2, 2, 2, 3, 3, 2, 1, 2, 2, 3, 2, 1, 3
chatcmpl-8W7wzDbtuZQxNmfALIZrUePeqhTZ9, 2, 1, 2, 1, 3, 2, 1, 4, 3, 2, 3, 2, 2, 2, 1, 3, 3, 3, 1, 2, 3, 4, 1, 3, 2, 3, 3, 2, 3, 2, 3, 3, 3, 3, 3, 2, 3, 3, 3, 2, 1, 3
chatcmpl-8W7yEaBPQBYUhBbg0r7GL4wqvV2Sf, 2, 2, 2, 1, 2, 2, 1, 3, 2, 2, 2, 2, 2, 2, 1, 1, 2, 2, 2, 1, 1, 3, 1, 2, 1, 2, 2, 1, 2, 1, 2, 2, 3, 1, 2, 1, 2, 2, 2, 1, 1, 2
chatcmpl-8W80AplBJzV5QyEurcaaf17800L1f, 2, 2, 3, 2, 2, 3, 2, 3, 3, 2, 2, 3, 3, 2, 2, 3, 3, 2, 2, 2, 3, 3, 3, 3, 2, 3, 3, 3, 3, 3, 3, 2, 3, 3, 2, 3, 3, 3, 3, 3, 2, 3
chatcmpl-8W81GiKWRVRBQSq0h6y2RmYrOhTcO, 3, 2, 2, 1, 3, 3, 1, 4, 3, 3, 3, 2, 3, 2, 1, 3, 3, 2, 2, 2, 3, 3, 1, 3, 2, 3, 2, 3, 3, 2, 3, 3, 3, 3, 3, 2, 3, 3, 2, 3, 2, 3
chatcmpl-8W826qvT9tcUj48PhOHoZFgUJ19KR, 2, 1, 1, 1, 2, 2, 1, 3, 3, 2, 3, 2, 2, 2, 1, 1, 1, 2, 1, 2, 2, 3, 1, 2, 1, 2, 2, 2, 3, 2, 2, 3, 2, 1, 3, 2, 2, 2, 2, 2, 1, 3
chatcmpl-8W82e7RTXwthKwI8FQbZgfm2MiRku, 2, 1, 2, 1, 3, 3, 1, 4, 2, 3, 2, 3, 2, 2, 1, 3, 2, 2, 1, 2, 3, 3, 1, 3, 1, 3, 2, 3, 3, 2, 3, 2, 3, 3, 2, 3, 3, 3, 2, 2, 1, 3
chatcmpl-8W83WlMoTxmP3W7uoTEUVFEPHZ9aY, 2, 1, 1, 1, 2, 2, 1, 3, 2, 2, 2, 2, 1, 2, 1, 1, 1, 2, 1, 1, 1, 3, 1, 2, 1, 1, 2, 1, 3, 1, 2, 2, 3, 1, 2, 1, 1, 1, 2, 1, 1, 2
chatcmpl-8W848aHECMusWh51YHYi0COelEHB1, 2, 1, 2, 1, 3, 3, 1, 4, 3, 2, 3, 3, 2, 3, 1, 2, 2, 3, 2, 2, 2, 3, 1, 3, 1, 2, 3, 3, 3, 2, 2, 3, 3, 3, 3, 3, 3, 2, 3, 3, 1, 2
chatcmpl-8W84u6VTEVWxzBU2U1JKyqCU2VWvx, 2, 1, 3, 1, 2, 2, 1, 3, 2, 2, 2, 3, 2, 2, 1, 3, 2, 2, 1, 2, 2, 3, 1, 2, 1, 3, 2, 2, 3, 2, 2, 2, 3, 2, 2, 2, 2, 2, 2, 2, 1, 3
chatcmpl-8W85XQSBnSeofzPZdzOvmRZEg4gst, 2, 1, 2, 1, 3, 2, 1, 4, 2, 2, 2, 3, 1, 3, 1, 3, 1, 2, 1, 1, 2, 3, 1, 3, 1, 2, 3, 2, 4, 2, 3, 3, 3, 1, 2, 1, 2, 2, 3, 3, 1, 2
chatcmpl-8W86ClfNQ762RVkquooTxxIv2t2hb, 3, 2, 3, 2, 3, 2, 2, 4, 3, 3, 3, 2, 4, 2, 2, 4, 3, 2, 2, 3, 3, 3, 2, 4, 2, 4, 3, 4, 4, 3, 4, 3, 4, 3, 2, 4, 3, 3, 3, 3, 2, 3
chatcmpl-8W87Ia5ERIRXnvsR03c17N1FZClXk, 2, 1, 1, 1, 3, 2, 1, 3, 3, 2, 2, 3, 2, 2, 1, 3, 2, 2, 1, 1, 2, 3, 1, 3, 1, 3, 2, 2, 3, 2, 3, 2, 3, 2, 3, 1, 3, 3, 2, 2, 1, 3
chatcmpl-8W885OSoo7rLB5HXhU0Cvvj52dCcz, 2, 1, 4, 1, 3, 2, 1, 3, 3, 2, 2, 3, 3, 2, 1, 4, 4, 2, 1, 2, 4, 3, 1, 3, 1, 4, 3, 3, 3, 3, 4, 3, 4, 3, 4, 4, 4, 4, 3, 3, 1, 2
chatcmpl-8W893r2rZbD1HT8kYcq45aSN8XPxm, 2, 1, 2, 1, 3, 3, 1, 4, 4, 2, 3, 4, 3, 3, 1, 3, 2, 3, 1, 2, 2, 4, 1, 3, 1, 3, 3, 4, 3, 3, 3, 3, 4, 3, 3, 2, 2, 2, 3, 3, 1, 3
chatcmpl-8W89oPqoCcoM6V2wHEyT3tswXnWDo, 2, 1, 2, 1, 3, 2, 1, 4, 2, 3, 3, 4, 3, 2, 1, 3, 3, 2, 1, 3, 4, 4, 2, 3, 1, 3, 3, 2, 4, 3, 2, 3, 4, 3, 3, 2, 3, 4, 3, 2, 1, 3
chatcmpl-8W8AZODdZRNxjyWjA9RKXqG0GKSZd, 2, 1, 2, 1, 2, 2, 1, 3, 2, 2, 2, 3, 2, 2, 1, 2, 2, 2, 1, 1, 2, 3, 1, 3, 1, 2, 2, 1, 3, 2, 2, 2, 3, 2, 2, 1, 2, 2, 2, 1, 1, 2
chatcmpl-8W8BFy0Ad47ACljuJ3366YmVsumLp, 2, 1, 2, 1, 3, 3, 1, 4, 2, 2, 2, 3, 2, 2, 1, 3, 2, 2, 1, 1, 2, 3, 1, 3, 1, 2, 2, 3, 3, 2, 3, 2, 3, 2, 2, 2, 3, 3, 3, 2, 1, 3
chatcmpl-8W8C2CB1D5cJ31SWwckDQqj1E3ZqQ, 2, 1, 2, 1, 2, 2, 2, 3, 2, 2, 2, 3, 2, 3, 1, 2, 3, 2, 1, 2, 2, 3, 1, 2, 1, 2, 2, 2, 3, 2, 2, 2, 3, 2, 3, 2, 2, 2, 2, 3, 1, 2
chatcmpl-8W8Ds8fmaRlOINZ1kYuSX8GCxdB47, 2, 1, 2, 1, 3, 2, 1, 4, 3, 3, 2, 3, 2, 2, 1, 3, 3, 2, 1, 2, 3, 3, 1, 3, 1, 3, 2, 3, 3, 3, 2, 3, 4, 3, 3, 3, 3, 3, 3, 3, 1, 3
chatcmpl-8W8ERZcyLQ3qHUvvGx64Y7j2xrjAO, 2, 1, 2, 1, 2, 2, 1, 3, 1, 2, 2, 2, 2, 1, 1, 2, 1, 1, 1, 1, 2, 3, 1, 2, 1, 2, 2, 2, 3, 1, 2, 1, 2, 1, 1, 1, 2, 2, 2, 2, 1, 2
chatcmpl-8W8F9i7vHzjWhPtRkCTdJVDrlvfdl, 2, 2, 1, 1, 2, 2, 1, 3, 1, 1, 2, 2, 1, 2, 1, 1, 1, 2, 1, 1, 1, 2, 1, 2, 1, 1, 2, 1, 2, 1, 1, 2, 1, 1, 2, 1, 1, 1, 2, 1, 1, 2
chatcmpl-8W8FodNhWUYB2QHW2WOXxFQ3oYOTv, 2, 1, 2, 1, 3, 2, 1, 3, 2, 2, 2, 3, 2, 2, 1, 2, 2, 3, 1, 2, 2, 3, 1, 2, 1, 2, 3, 2, 3, 2, 2, 3, 3, 2, 3, 2, 2, 2, 3, 3, 1, 2
chatcmpl-8W8IHCByvCyUv3tNqs9lyKveQm5xE, 2, 1, 2, 1, 3, 2, 1, 4, 2, 2, 3, 3, 2, 2, 1, 3, 3, 2, 1, 1, 3, 3, 1, 3, 2, 3, 3, 3, 4, 3, 3, 3, 3, 3, 3, 2, 3, 3, 3, 2, 2, 3
chatcmpl-8W8b34sTbLGOT6oo4Dh6WzKsUfhMM, 2, 1, 1, 1, 2, 1, 1, 3, 2, 2, 2, 2, 1, 2, 1, 2, 1, 1, 1, 1, 2, 3, 1, 1, 1, 2, 1, 2, 2, 1, 2, 2, 2, 1, 2, 1, 2, 1, 2, 2, 1, 2
chatcmpl-8W8bia99UAQAvTNwC17XNbmdZ8a0p, 2, 1, 3, 1, 3, 2, 1, 3, 3, 3, 2, 2, 3, 2, 1, 3, 3, 2, 1, 2, 3, 3, 1, 3, 2, 3, 2, 4, 3, 2, 3, 2, 3, 3, 2, 4, 3, 3, 3, 3, 1, 3
chatcmpl-8W8chq5OTu2NLpnf6keOQTa3TpuVw, 2, 1, 1, 1, 3, 2, 1, 3, 3, 2, 2, 3, 2, 2, 1, 2, 2, 2, 1, 2, 1, 3, 1, 3, 1, 2, 2, 2, 3, 2, 2, 2, 3, 2, 2, 2, 2, 2, 2, 2, 1, 2
chatcmpl-8W8ddmKRLzTKzKBgRv61P1JNycwSa, 2, 1, 3, 2, 3, 4, 1, 3, 4, 3, 3, 3, 3, 2, 2, 3, 3, 3, 2, 2, 3, 3, 1, 4, 1, 3, 3, 3, 3, 2, 3, 3, 3, 3, 3, 3, 3, 3, 3, 3, 2, 3
chatcmpl-8W8efn3OfhpsnA5aQVaCuvDwfh4q4, 1, 3, 2, 1, 3, 2, 1, 4, 3, 3, 2, 3, 2, 2, 1, 3, 2, 2, 1, 3, 3, 4, 2, 3, 2, 3, 2, 3, 3, 2, 2, 2, 3, 2, 2, 2, 2, 3, 2, 2, 2, 2
chatcmpl-8W8fLv1rA23NOJHUqQe7YK1qWmavp, 2, 1, 1, 1, 2, 2, 1, 3, 2, 2, 2, 3, 2, 2, 1, 2, 1, 2, 1, 1, 2, 2, 1, 2, 1, 2, 2, 1, 2, 1, 2, 1, 3, 1, 2, 1, 2, 2, 2, 1, 1, 2
chatcmpl-8W8g0EWaWgUyCld0hMdDHRj5lz2Zg, 2, 2, 3, 1, 2, 2, 1, 3, 2, 3, 2, 3, 3, 2, 1, 3, 3, 2, 1, 3, 3, 3, 1, 3, 3, 3, 2, 3, 3, 3, 3, 2, 3, 3, 2, 3, 3, 3, 3, 3, 2, 3
chatcmpl-8W8gwy4BKadrr549GIp6YnoToa2Eu, 2, 1, 3, 1, 3, 2, 1, 3, 3, 3, 2, 2, 4, 2, 2, 4, 3, 2, 3, 2, 4, 3, 2, 4, 2, 4, 3, 4, 3, 3, 3, 2, 3, 3, 2, 4, 4, 4, 3, 3, 2, 3
chatcmpl-8W8htfaCX9UehSzgkyQ58dkoL3hOs, 2, 1, 2, 1, 3, 3, 2, 4, 2, 2, 3, 3, 2, 3, 1, 2, 2, 2, 1, 1, 2, 3, 1, 3, 1, 2, 2, 2, 3, 2, 2, 3, 3, 2, 3, 2, 2, 2, 3, 3, 1, 3
chatcmpl-8W8ibJwkJUhRVn46uZHiSy7NFFK5S, 3, 2, 3, 2, 3, 2, 2, 4, 3, 4, 3, 3, 4, 3, 3, 4, 4, 3, 2, 3, 4, 3, 2, 4, 2, 4, 3, 4, 3, 3, 4, 3, 4, 4, 3, 4, 4, 4, 3, 3, 3, 3
chatcmpl-8W8jl1iUURL1dJr0Nn32VcFJ6g1ul, 2, 1, 2, 1, 3, 2, 1, 3, 3, 3, 2, 2, 3, 2, 1, 3, 3, 2, 1, 3, 3, 3, 1, 3, 2, 3, 2, 3, 3, 2, 2, 3, 3, 3, 3, 3, 3, 3, 3, 3, 2, 3
chatcmpl-8W8kupDQgmHyNJOiMtMvpddrdqt4G, 2, 1, 2, 1, 3, 2, 1, 4, 2, 2, 2, 3, 3, 2, 1, 3, 3, 2, 1, 2, 2, 3, 1, 3, 1, 3, 2, 3, 3, 2, 3, 2, 3, 3, 2, 3, 3, 3, 2, 2, 1, 2
chatcmpl-8W8lymCRgiIPj0NT9Rpz4xsphWmOF, 2, 1, 2, 1, 2, 2, 1, 3, 2, 2, 2, 2, 1, 2, 1, 1, 1, 2, 1, 1, 1, 2, 1, 1, 1, 1, 2, 2, 2, 1, 1, 2, 2, 1, 2, 1, 1, 1, 2, 2, 1, 2
chatcmpl-8W8mUuu6z4OCwLxQqL4i6TfgzDdxo, 2, 1, 2, 1, 3, 2, 1, 3, 2, 2, 2, 3, 2, 2, 1, 3, 3, 2, 1, 1, 2, 3, 1, 2, 1, 3, 2, 2, 3, 2, 3, 2, 3, 3, 2, 1, 3, 3, 2, 2, 1, 2
chatcmpl-8W8n6MRaVz09g6pJJvymLrh6kvUwc, 2, 1, 3, 1, 2, 2, 1, 3, 3, 2, 2, 2, 3, 2, 1, 3, 3, 2, 1, 2, 3, 3, 1, 3, 1, 3, 2, 3, 3, 2, 3, 3, 3, 3, 2, 2, 3, 3, 2, 2, 1, 2
chatcmpl-8W8nk2K733yhwHTvgmBUOSllbrS7p, 2, 1, 1, 1, 2, 2, 1, 3, 2, 1, 2, 3, 2, 2, 1, 2, 2, 2, 1, 1, 1, 3, 1, 2, 1, 2, 2, 2, 3, 2, 2, 2, 3, 2, 2, 1, 2, 1, 2, 2, 1, 2
chatcmpl-8W8oSBbnTk5Qui8J8ItKZLLAmyvg7, 2, 1, 2, 1, 3, 2, 1, 3, 2, 2, 2, 3, 2, 2, 1, 2, 2, 2, 2, 2, 3, 3, 1, 3, 2, 3, 2, 3, 2, 2, 3, 2, 3, 2, 2, 3, 2, 2, 2, 2, 1, 2
chatcmpl-8W8pWvh9MFoWCQ1K1tvHQ2dBqUSzh, 2, 1, 1, 1, 3, 2, 2, 3, 3, 2, 3, 2, 2, 3, 1, 2, 2, 2, 1, 2, 2, 3, 1, 2, 1, 2, 2, 2, 3, 2, 3, 3, 3, 2, 2, 2, 2, 2, 2, 2, 1, 3
chatcmpl-8W8q71LweVbownsMrvYs7HWnaiGB4, 2, 1, 2, 1, 3, 2, 1, 3, 3, 2, 3, 4, 2, 2, 1, 3, 3, 2, 1, 2, 3, 3, 1, 3, 1, 3, 2, 2, 3, 2, 3, 3, 4, 3, 3, 2, 3, 3, 3, 3, 1, 3
chatcmpl-8W8qqRqueE8tzeEDWaKyFvbiAmg6j, 2, 1, 2, 1, 2, 2, 1, 3, 2, 2, 2, 2, 1, 1, 1, 2, 1, 2, 1, 1, 2, 2, 1, 2, 1, 1, 2, 1, 2, 1, 1, 2, 2, 1, 2, 1, 2, 1, 2, 1, 1, 2
chatcmpl-8W8rPM4DIihwL0LBNF1zJ6KWic51z, 3, 2, 4, 2, 3, 3, 2, 4, 4, 3, 3, 3, 3, 2, 2, 4, 3, 3, 2, 3, 3, 3, 2, 4, 3, 4, 3, 4, 3, 3, 4, 3, 4, 3, 3, 4, 3, 4, 3, 3, 2, 3
chatcmpl-8W8slenmHrtDMMFg64hYLAW2uPy3G, 2, 1, 2, 1, 3, 2, 1, 3, 2, 2, 2, 3, 2, 2, 1, 2, 2, 2, 1, 2, 2, 3, 1, 2, 1, 2, 2, 2, 3, 2, 2, 2, 3, 2, 2, 2, 2, 2, 3, 2, 1, 3
chatcmpl-8W8tPMcOwQ3hHz26n5U9N0qbY7MpJ, 2, 1, 1, 1, 3, 2, 1, 3, 2, 2, 2, 3, 2, 2, 1, 2, 1, 2, 1, 2, 2, 2, 1, 3, 1, 2, 2, 2, 2, 2, 2, 2, 3, 2, 2, 2, 2, 2, 2, 2, 1, 2
chatcmpl-8W8uY9iPrhQN97xFfI5eP63c645tb, 2, 1, 1, 2, 2, 2, 1, 3, 2, 2, 2, 3, 3, 2, 1, 2, 2, 2, 1, 2, 2, 3, 1, 2, 2, 3, 2, 3, 3, 3, 2, 2, 3, 2, 2, 2, 3, 2, 2, 3, 2, 2
chatcmpl-8W8vmtv42o8yxlEDyJ9KUhRHLuREb, 3, 2, 3, 2, 3, 2, 2, 4, 3, 3, 3, 2, 3, 2, 2, 3, 3, 2, 2, 2, 3, 4, 2, 3, 2, 3, 3, 3, 3, 2, 3, 2, 3, 3, 2, 3, 3, 3, 3, 3, 2, 2
chatcmpl-8W8xAIRYXFEjuHjFjAcdBRrUW2btk, 2, 1, 2, 1, 3, 2, 1, 3, 3, 3, 2, 3, 2, 2, 1, 2, 1, 2, 1, 1, 2, 3, 1, 2, 1, 2, 2, 1, 3, 2, 2, 3, 3, 2, 3, 1, 3, 3, 3, 2, 1, 2
chatcmpl-8W8xtgWdrh3lJFSzic9uvyH3Xhoxu, 2, 1, 2, 1, 2, 2, 1, 3, 2, 2, 2, 3, 1, 2, 1, 2, 1, 2, 1, 1, 2, 3, 1, 1, 1, 1, 2, 1, 2, 1, 2, 1, 3, 1, 2, 1, 1, 1, 2, 1, 1, 2
chatcmpl-8W8yZZJM4ysbizOtM2pPe03Of2NaB, 2, 1, 2, 1, 2, 2, 1, 3, 2, 2, 2, 3, 2, 2, 1, 2, 2, 2, 1, 2, 2, 3, 1, 2, 1, 2, 2, 2, 3, 2, 2, 2, 3, 2, 2, 1, 2, 2, 2, 3, 1, 2
chatcmpl-8W8zHuvcCfepwDzMn12Cj4QHhcqwI, 1, 2, 2, 1, 3, 2, 1, 3, 2, 2, 2, 3, 2, 2, 1, 2, 1, 2, 1, 1, 2, 3, 1, 2, 1, 3, 2, 2, 3, 2, 2, 2, 3, 1, 2, 1, 3, 2, 2, 2, 1, 2
chatcmpl-8W90Fa4eyjuNodu6koXx2JQ7iPq9F, 2, 1, 1, 1, 2, 2, 1, 3, 2, 1, 2, 2, 1, 2, 1, 1, 1, 2, 1, 1, 1, 3, 1, 1, 1, 1, 2, 2, 2, 1, 2, 2, 2, 1, 2, 1, 1, 1, 2, 1, 1, 2
chatcmpl-8W90tkXcpmStP3NJ5rxOaX1oyTAeY, 2, 2, 3, 2, 3, 3, 2, 3, 3, 3, 2, 3, 4, 2, 2, 3, 4, 2, 2, 2, 3, 3, 2, 3, 2, 4, 3, 4, 3, 3, 3, 3, 3, 4, 3, 3, 3, 3, 3, 3, 3, 3
chatcmpl-8W91kZKQ3Y6WiXuZbYqKUL8kZyCo6, 2, 1, 1, 1, 2, 2, 1, 3, 2, 2, 2, 2, 2, 1, 1, 1, 1, 3, 1, 1, 2, 2, 1, 1, 1, 1, 2, 1, 2, 1, 2, 2, 2, 1, 2, 1, 1, 1, 2, 1, 1, 2
chatcmpl-8W92Xo8Dy5kuDoGhDYHdMg57ubQng, 2, 1, 2, 1, 3, 2, 1, 3, 2, 2, 2, 3, 2, 3, 1, 2, 2, 2, 1, 2, 2, 3, 1, 2, 1, 2, 2, 2, 3, 2, 3, 3, 3, 2, 3, 2, 2, 2, 2, 3, 1, 2
chatcmpl-8W93P4FNVk1M5hubRrjB1M4YCFMVT, 1, 1, 2, 1, 2, 2, 1, 3, 1, 1, 2, 2, 2, 2, 1, 2, 1, 2, 1, 1, 1, 2, 1, 2, 1, 2, 2, 1, 2, 1, 2, 2, 2, 1, 2, 1, 1, 1, 2, 1, 1, 2
chatcmpl-8W94DDgsn1NEidBDLEd6hcshuURRD, 2, 1, 2, 1, 2, 2, 1, 4, 2, 2, 3, 3, 2, 2, 1, 2, 2, 3, 1, 2, 2, 3, 1, 3, 1, 3, 3, 3, 3, 2, 3, 3, 3, 2, 3, 3, 2, 2, 3, 3, 1, 3
chatcmpl-8W95JY2v878CzNHha4GSHwKJf7Zt8, 2, 1, 2, 1, 3, 2, 1, 3, 2, 2, 2, 3, 2, 2, 1, 2, 2, 2, 1, 1, 2, 3, 1, 2, 1, 2, 2, 2, 3, 1, 2, 3, 2, 2, 3, 1, 2, 2, 2, 2, 1, 2
chatcmpl-8W967aqJVfpZJqFm3TKyht15tcn8p, 2, 1, 2, 1, 2, 3, 1, 3, 3, 2, 2, 3, 2, 2, 1, 3, 3, 2, 1, 1, 2, 3, 1, 2, 1, 3, 3, 3, 3, 2, 2, 2, 3, 3, 2, 1, 3, 2, 2, 2, 1, 2
chatcmpl-8W97fOcF62b9BR4g1XsPsFER9ITje, 2, 1, 1, 1, 2, 2, 1, 3, 2, 2, 2, 2, 2, 2, 1, 2, 1, 2, 1, 1, 1, 3, 1, 2, 1, 2, 2, 1, 2, 1, 2, 2, 2, 1, 2, 1, 2, 1, 2, 1, 1, 2
chatcmpl-8W98KOZ0pnQ0EHj1tDXYnFw3wtFzo, 2, 1, 2, 1, 3, 2, 1, 3, 4, 3, 2, 3, 3, 2, 1, 3, 4, 2, 2, 2, 4, 3, 1, 3, 2, 3, 3, 3, 3, 3, 3, 2, 4, 4, 3, 2, 4, 4, 3, 3, 1, 3
chatcmpl-8W99Klc0fWMBQtPBIlNhdY0ILOxMj, 1, 1, 2, 1, 2, 2, 1, 3, 2, 2, 2, 3, 2, 2, 1, 2, 3, 2, 1, 1, 2, 3, 1, 2, 1, 2, 2, 2, 3, 2, 2, 2, 3, 3, 2, 1, 3, 2, 2, 2, 1, 2
chatcmpl-8W9AD9Kndam8vCrYvk8PQWY7oLmQC, 2, 1, 1, 1, 2, 3, 1, 3, 2, 1, 2, 4, 2, 2, 1, 3, 2, 2, 1, 1, 1, 4, 1, 4, 1, 3, 2, 4, 3, 2, 3, 3, 3, 2, 3, 1, 3, 3, 2, 2, 1, 3
chatcmpl-8W9AwN4Z6wgA4EZocPbzbOxmiqaFm, 2, 1, 3, 1, 2, 3, 1, 3, 3, 3, 3, 2, 3, 2, 1, 3, 3, 2, 1, 2, 3, 3, 1, 3, 2, 3, 3, 3, 3, 2, 3, 2, 3, 3, 2, 3, 3, 3, 2, 3, 2, 2
chatcmpl-8W9CDJIy5ZTHKKHz9nmMpY40s1Rlf, 2, 1, 1, 1, 2, 2, 1, 3, 2, 1, 2, 2, 1, 2, 1, 1, 1, 2, 1, 1, 1, 3, 1, 1, 1, 1, 2, 1, 3, 1, 1, 2, 3, 1, 2, 2, 1, 1, 2, 1, 1, 2
chatcmpl-8W9Cz3nYrWqsJn7o6uNN3jfgaIgBg, 2, 1, 3, 1, 3, 2, 1, 3, 2, 3, 3, 2, 3, 2, 1, 3, 3, 2, 1, 3, 3, 3, 1, 3, 1, 3, 2, 3, 3, 3, 3, 3, 3, 3, 2, 3, 3, 3, 2, 3, 1, 2
chatcmpl-8W9DrC3ep4YdmEft83OmBKATkod3H, 3, 2, 3, 2, 3, 3, 2, 4, 3, 4, 3, 3, 3, 3, 2, 3, 3, 3, 2, 3, 3, 4, 2, 3, 3, 3, 3, 4, 3, 3, 3, 3, 3, 3, 3, 3, 3, 3, 3, 3, 2, 3
chatcmpl-8W9ErWok0xlvTjrVkjNaj8GrjZGJi, 2, 2, 1, 1, 3, 2, 1, 3, 2, 2, 2, 3, 2, 2, 1, 2, 2, 2, 1, 1, 2, 3, 1, 2, 1, 2, 2, 2, 3, 1, 2, 2, 3, 2, 2, 1, 2, 1, 2, 2, 1, 2
chatcmpl-8W9H9GC8yIETRZfplx8Brsl7El48n, 2, 1, 2, 1, 3, 3, 1, 4, 3, 2, 2, 3, 2, 2, 1, 1, 1, 2, 1, 1, 1, 3, 1, 2, 1, 3, 2, 2, 3, 2, 2, 2, 3, 2, 2, 1, 3, 2, 3, 2, 1, 3
chatcmpl-8W9Hx5h4Dalrm0A3emOJJuBl4QOy7, 3, 1, 3, 1, 3, 2, 1, 3, 3, 3, 2, 3, 3, 2, 1, 3, 3, 2, 1, 2, 3, 3, 1, 3, 1, 3, 2, 3, 3, 3, 3, 2, 3, 3, 2, 3, 3, 3, 3, 3, 1, 3
chatcmpl-8W9J6TfE0TlZXTaVbY8eG6K248wGS, 1, 2, 2, 1, 3, 2, 1, 3, 2, 2, 2, 3, 2, 2, 1, 2, 2, 2, 2, 1, 2, 3, 1, 2, 2, 2, 2, 2, 3, 2, 2, 2, 2, 2, 2, 1, 2, 2, 2, 2, 1, 2
chatcmpl-8W9Juzb8xsSm8l7glm8kCLr6Ihc0q, 2, 1, 2, 1, 3, 2, 1, 4, 3, 2, 2, 3, 3, 2, 1, 3, 2, 3, 1, 2, 3, 4, 1, 3, 1, 3, 2, 4, 3, 2, 3, 3, 4, 3, 3, 2, 3, 3, 3, 2, 1, 3
chatcmpl-8W9KjNosJ6xw4nOqfY4Jx6yJ7O8ei, 2, 1, 3, 1, 2, 3, 1, 4, 3, 3, 2, 4, 3, 2, 1, 3, 3, 3, 1, 2, 2, 3, 1, 3, 1, 3, 3, 4, 3, 2, 3, 3, 4, 3, 2, 2, 3, 3, 3, 4, 1, 3
chatcmpl-8W9LYLEVmUSDn9gap3a5gdG3pEZr7, 2, 1, 1, 1, 2, 2, 1, 3, 1, 1, 2, 2, 1, 2, 1, 1, 1, 2, 1, 1, 1, 2, 1, 2, 1, 2, 2, 1, 2, 1, 2, 2, 2, 1, 2, 1, 1, 1, 2, 1, 1, 2
chatcmpl-8W9MCRi2Y43GxMyWKyV475zCuiJpU, 3, 2, 3, 2, 3, 2, 2, 4, 3, 3, 3, 4, 3, 2, 2, 4, 4, 3, 2, 3, 4, 3, 2, 4, 2, 3, 3, 3, 3, 3, 3, 3, 4, 4, 3, 4, 4, 4, 3, 3, 2, 3
chatcmpl-8W9N9L2z6f8HzDOXHn3wqNdiyL561, 2, 1, 1, 1, 3, 1, 1, 3, 2, 2, 2, 3, 1, 1, 1, 1, 1, 2, 1, 1, 1, 2, 1, 2, 1, 1, 2, 1, 2, 1, 1, 1, 2, 1, 2, 1, 1, 1, 2, 1, 1, 1
chatcmpl-8W9NnhiBTPhUpcAW6eufWENeL424L, 1, 1, 1, 1, 3, 2, 1, 3, 2, 1, 2, 3, 1, 2, 1, 1, 1, 2, 1, 1, 1, 2, 1, 1, 1, 1, 1, 1, 1, 1, 1, 1, 1, 1, 1, 1, 1, 1, 1, 1, 2, 1
chatcmpl-8W9OdDs7jUS1oKOmGMl0Eiae8LoNe, 2, 1, 3, 2, 3, 2, 1, 3, 3, 3, 2, 3, 4, 2, 1, 4, 4, 3, 2, 2, 4, 3, 2, 3, 2, 4, 3, 3, 3, 2, 3, 3, 4, 4, 3, 4, 4, 4, 3, 3, 2, 2
chatcmpl-8W9Pk0YJ4ghbJbq4HjmWmc76GefRG, 1, 1, 2, 1, 3, 3, 1, 2, 2, 2, 2, 3, 2, 2, 1, 2, 2, 2, 1, 2, 2, 3, 1, 2, 1, 2, 2, 3, 3, 2, 2, 2, 3, 2, 3, 2, 2, 2, 3, 2, 1, 2
chatcmpl-8W9QjFrTqonv92ir91w7BqFxnYour, 2, 1, 2, 1, 3, 2, 1, 3, 3, 2, 2, 4, 3, 2, 1, 3, 2, 2, 1, 2, 2, 3, 1, 3, 1, 3, 3, 1, 3, 2, 3, 3, 4, 2, 3, 2, 3, 3, 3, 3, 1, 3
chatcmpl-8W9RgKZXd4DPnfUAkoUJNbWQx5cbj, 2, 1, 3, 1, 3, 2, 1, 4, 3, 3, 2, 3, 3, 2, 1, 3, 3, 2, 1, 2, 3, 3, 1, 2, 1, 3, 2, 3, 3, 2, 3, 3, 3, 3, 3, 2, 3, 3, 2, 3, 1, 3
chatcmpl-8W9SWtecahwZzjUXlEvN8FD54sSP3, 2, 1, 1, 1, 3, 2, 1, 3, 2, 2, 2, 2, 2, 2, 1, 2, 1, 2, 2, 1, 2, 3, 1, 2, 1, 2, 2, 1, 3, 1, 2, 2, 3, 1, 2, 1, 2, 1, 2, 2, 1, 2
chatcmpl-8W9TB2toe9CgZgddgAUXfMWP4cz1O, 2, 1, 1, 1, 3, 2, 1, 3, 2, 2, 2, 2, 2, 2, 1, 2, 2, 2, 1, 1, 2, 3, 1, 2, 1, 2, 2, 1, 3, 1, 2, 2, 3, 2, 2, 1, 2, 2, 2, 2, 1, 3
chatcmpl-8W9Ti1xSkTPBDw5a2ZUh0tYjP6v2I, 1, 2, 1, 1, 3, 2, 1, 3, 2, 2, 2, 3, 1, 2, 1, 1, 1, 2, 1, 1, 2, 3, 1, 1, 1, 1, 2, 1, 1, 2, 2, 2, 3, 1, 2, 1, 2, 1, 2, 2, 1, 2
chatcmpl-8W9UVtFfIow7pPSW9Auy2HSBN9avT, 2, 1, 2, 1, 3, 2, 1, 3, 3, 2, 3, 3, 2, 3, 1, 3, 3, 3, 1, 2, 3, 3, 1, 3, 1, 3, 3, 3, 3, 3, 3, 3, 3, 3, 3, 3, 3, 3, 3, 3, 1, 3
chatcmpl-8W9VNopazUFEwCNIrFnKv1hPLNw1c, 2, 2, 2, 1, 3, 2, 1, 4, 3, 2, 3, 3, 3, 2, 1, 3, 3, 2, 2, 2, 3, 3, 1, 2, 2, 3, 2, 3, 3, 2, 3, 3, 3, 2, 2, 3, 3, 3, 2, 3, 2, 3
chatcmpl-8W9WdXNh63fcTlMLbo8NwJXW53adr, 2, 1, 2, 1, 3, 2, 1, 3, 2, 2, 2, 3, 2, 2, 1, 2, 2, 2, 1, 2, 2, 3, 1, 2, 1, 3, 2, 2, 3, 2, 2, 3, 2, 2, 3, 2, 2, 2, 2, 2, 1, 2
chatcmpl-8W9XLGw2YPX3K7lWFUCOb1Opath6S, 2, 1, 2, 1, 2, 2, 2, 4, 2, 2, 2, 3, 3, 2, 1, 3, 3, 2, 2, 2, 2, 3, 1, 3, 2, 3, 2, 3, 3, 2, 3, 2, 3, 3, 3, 3, 3, 3, 3, 3, 2, 3
chatcmpl-8W9YIf6mWCDAj9YlpR0Ky4ymWtAuJ, 2, 1, 3, 2, 2, 3, 1, 4, 3, 2, 2, 3, 2, 2, 1, 3, 2, 2, 2, 2, 2, 3, 1, 3, 2, 3, 3, 3, 3, 2, 3, 3, 3, 2, 3, 2, 3, 2, 3, 2, 2, 3
chatcmpl-8W9ZBgGCZUP5EPNEyPEdvBAGHbNBC, 2, 1, 1, 1, 2, 2, 1, 3, 1, 2, 2, 3, 2, 2, 1, 2, 1, 2, 1, 1, 1, 2, 1, 2, 1, 2, 2, 2, 2, 1, 2, 2, 2, 1, 2, 1, 2, 1, 2, 1, 1, 2
chatcmpl-8W9ZpgiuAhYXSIWkmck3uc0ZBrhDx, 2, 1, 2, 1, 3, 2, 1, 3, 3, 2, 2, 3, 3, 2, 1, 4, 3, 2, 1, 2, 3, 3, 1, 3, 1, 3, 2, 3, 3, 3, 3, 2, 3, 3, 2, 3, 3, 3, 2, 3, 1, 2
chatcmpl-8W9asVlASnsSIYCPIhzQsYZnX4dDQ, 2, 1, 2, 1, 3, 2, 1, 3, 2, 2, 3, 3, 2, 2, 1, 3, 3, 2, 1, 2, 3, 3, 1, 2, 1, 3, 2, 3, 3, 2, 3, 2, 3, 3, 2, 2, 3, 3, 2, 2, 1, 3
chatcmpl-8W9bfnnMQjpzGhbXXNHs2tT6FAizL, 2, 2, 1, 1, 3, 2, 2, 3, 3, 2, 2, 3, 2, 2, 1, 2, 2, 2, 1, 2, 1, 3, 1, 2, 1, 2, 2, 3, 3, 2, 2, 2, 3, 2, 2, 2, 2, 1, 2, 2, 1, 2
chatcmpl-8W9cQ9Yg4GUCrJypVPuQSf7LzoFTL, 2, 1, 2, 1, 3, 3, 1, 4, 3, 3, 2, 2, 2, 2, 1, 3, 3, 2, 1, 1, 3, 3, 1, 3, 1, 3, 3, 3, 4, 2, 3, 2, 3, 3, 2, 2, 3, 3, 2, 3, 1, 3
chatcmpl-8W9d7NC6BHj0RtneZB9G4xJufMhgM, 2, 1, 2, 1, 2, 2, 1, 3, 3, 2, 3, 3, 2, 2, 1, 2, 2, 2, 2, 2, 2, 3, 1, 2, 1, 2, 3, 3, 3, 2, 2, 3, 3, 2, 3, 2, 2, 3, 3, 3, 2, 3
chatcmpl-8W9dlI3lFoKKhI9yqnJGpcOV0jXXl, 2, 1, 1, 1, 3, 2, 1, 3, 2, 2, 3, 2, 2, 2, 1, 2, 2, 2, 1, 1, 2, 3, 1, 2, 1, 2, 2, 2, 3, 1, 2, 2, 3, 2, 2, 1, 2, 2, 2, 2, 1, 3
chatcmpl-8W9eLs0zmawKAGpUukatiD7oHcHw7, 2, 1, 2, 1, 3, 2, 1, 3, 2, 2, 3, 3, 3, 2, 1, 3, 3, 2, 1, 2, 3, 3, 1, 3, 2, 3, 2, 2, 3, 2, 3, 2, 3, 3, 2, 2, 3, 3, 2, 2, 1, 3
chatcmpl-8W9eyUjK10uDVZ6n91Y38quyFpsH4, 2, 1, 1, 1, 2, 3, 1, 3, 3, 2, 2, 3, 2, 3, 1, 2, 2, 1, 1, 1, 2, 3, 1, 2, 1, 2, 2, 1, 3, 1, 2, 2, 3, 2, 2, 1, 2, 2, 2, 2, 1, 2
chatcmpl-8W9fYVwtTT1tScnQWXmFAcTDbMM9x, 2, 1, 3, 2, 3, 2, 1, 3, 2, 3, 2, 3, 3, 2, 1, 4, 2, 2, 1, 2, 3, 3, 1, 3, 2, 3, 2, 2, 3, 2, 3, 2, 3, 2, 2, 2, 3, 3, 2, 2, 2, 3
chatcmpl-8W9gOAnKFLjt17YMzMrLXKCKKbF2I, 2, 1, 2, 1, 3, 2, 1, 3, 2, 2, 2, 3, 2, 2, 1, 2, 3, 2, 1, 2, 3, 3, 1, 2, 1, 3, 2, 2, 3, 2, 3, 2, 3, 3, 2, 2, 3, 3, 2, 3, 1, 3
chatcmpl-8W9h0AXaNSvHg5xMxcqPXfukADsQT, 2, 2, 2, 1, 3, 2, 1, 3, 3, 2, 2, 3, 2, 2, 1, 3, 3, 2, 2, 2, 2, 3, 1, 2, 1, 3, 2, 2, 3, 2, 3, 2, 4, 3, 2, 2, 3, 3, 2, 2, 1, 2
chatcmpl-8W9hiP1rl5VvjQsF07PKptSpLaZjf, 2, 1, 3, 1, 3, 2, 1, 3, 3, 3, 3, 3, 3, 2, 1, 3, 3, 2, 1, 2, 3, 3, 1, 3, 1, 3, 3, 3, 3, 2, 3, 3, 3, 3, 3, 3, 3, 3, 3, 3, 1, 3
chatcmpl-8W9ibYafSpaYG6gmre09uWIB4x1cI, 2, 1, 2, 1, 3, 2, 1, 4, 3, 2, 3, 3, 2, 2, 1, 2, 2, 3, 1, 2, 2, 3, 1, 3, 1, 3, 2, 2, 3, 2, 3, 2, 4, 2, 3, 2, 2, 2, 3, 3, 1, 3
chatcmpl-8W9jIHQC3fQQFY6DKDKScrQ74LJej, 2, 1, 3, 1, 2, 3, 1, 3, 3, 2, 2, 4, 3, 2, 1, 3, 3, 3, 2, 3, 3, 3, 2, 3, 1, 3, 3, 3, 3, 3, 2, 3, 3, 3, 3, 3, 3, 3, 2, 3, 1, 3
chatcmpl-8W9k9FjtLVEMQrFBRzMg4xmF4frna, 2, 2, 3, 1, 2, 2, 1, 3, 2, 2, 2, 2, 3, 2, 1, 3, 3, 2, 1, 2, 3, 3, 1, 3, 2, 3, 3, 3, 3, 2, 3, 3, 3, 3, 3, 3, 3, 3, 3, 3, 2, 3
chatcmpl-8W9l7Mbyj1uCVcpLS1lPChgBY8BsF, 2, 1, 2, 1, 3, 2, 1, 3, 3, 2, 2, 4, 2, 2, 1, 2, 2, 1, 1, 1, 2, 3, 1, 2, 1, 2, 2, 1, 3, 1, 2, 2, 3, 2, 2, 1, 2, 2, 2, 1, 1, 3
chatcmpl-8W9lkwalYNnDkeGSWmTlU6LZPabAd, 2, 1, 2, 1, 3, 2, 1, 3, 2, 2, 2, 2, 2, 2, 1, 3, 2, 2, 1, 1, 2, 2, 1, 2, 1, 2, 2, 2, 3, 2, 2, 2, 3, 2, 2, 1, 2, 2, 2, 2, 1, 2
chatcmpl-8W9mUFkUyCgLPS7rVErrVsz1zyMYP, 3, 2, 3, 2, 3, 3, 2, 4, 3, 3, 3, 4, 4, 3, 2, 4, 4, 3, 2, 3, 4, 3, 2, 4, 3, 4, 3, 4, 3, 3, 4, 3, 4, 4, 3, 4, 4, 4, 3, 3, 2, 3
chatcmpl-8W9nZjfTkqjhW41nhRnFj51HBLUbc, 2, 1, 2, 1, 3, 2, 1, 3, 2, 2, 3, 2, 1, 2, 1, 2, 1, 2, 1, 1, 2, 3, 1, 2, 1, 1, 2, 1, 2, 2, 2, 2, 3, 1, 2, 1, 2, 2, 2, 1, 1, 2
chatcmpl-8W9o3sqhzkTuVvKvysxf9EiiL6YLV, 2, 1, 2, 1, 2, 2, 1, 3, 3, 2, 2, 3, 2, 2, 1, 2, 2, 2, 1, 2, 2, 3, 1, 3, 1, 3, 2, 3, 3, 2, 2, 2, 3, 2, 2, 3, 2, 2, 2, 3, 1, 2
chatcmpl-8W9ore2cw8K8tujn2pTHPHs0cZ7Bu, 2, 1, 1, 1, 3, 2, 1, 3, 2, 2, 2, 2, 2, 2, 1, 2, 2, 2, 1, 1, 2, 3, 1, 2, 1, 2, 2, 1, 2, 1, 2, 2, 2, 2, 2, 1, 2, 2, 2, 1, 1, 2
chatcmpl-8W9phSP4BP1hmAKyxwGTm0iq1UFLh, 2, 1, 2, 1, 2, 1, 1, 3, 2, 2, 2, 2, 2, 2, 1, 1, 2, 2, 1, 2, 2, 3, 1, 2, 1, 2, 2, 2, 3, 2, 3, 2, 2, 2, 2, 2, 2, 2, 2, 2, 1, 2
chatcmpl-8W9qdzWVBZuwG3hUbWKRemyb2kaBx, 3, 2, 3, 1, 3, 2, 1, 3, 3, 3, 2, 3, 3, 2, 1, 3, 3, 2, 2, 2, 3, 3, 1, 3, 2, 3, 3, 3, 3, 2, 3, 3, 3, 3, 3, 3, 3, 3, 2, 3, 2, 3
chatcmpl-8W9rfXW9VSGFhzlhh2cPNUmNHk1DS, 2, 1, 2, 1, 3, 2, 1, 3, 2, 2, 2, 3, 2, 2, 1, 2, 1, 2, 1, 2, 1, 2, 1, 2, 1, 3, 2, 2, 3, 2, 2, 2, 3, 1, 3, 2, 2, 1, 2, 2, 1, 2
chatcmpl-8W9sZq3sRELC1EnI4n08ho60KTCQG, 2, 1, 2, 1, 3, 2, 1, 3, 2, 2, 2, 2, 1, 2, 1, 2, 1, 2, 1, 1, 2, 3, 1, 2, 2, 2, 2, 1, 3, 1, 2, 2, 3, 1, 2, 1, 2, 2, 2, 1, 1, 2
chatcmpl-8W9t422u0f4B9CThr1gRdyZI0pJUl, 2, 1, 2, 1, 3, 2, 1, 4, 2, 2, 2, 3, 2, 2, 1, 2, 2, 2, 1, 1, 2, 3, 1, 3, 1, 3, 2, 2, 3, 1, 3, 2, 3, 2, 3, 1, 3, 3, 2, 3, 1, 3
chatcmpl-8W9teHFTsjVhkT1ErkIyJaqR71VTX, 2, 1, 1, 1, 2, 2, 1, 3, 3, 2, 2, 3, 2, 2, 1, 2, 1, 2, 1, 2, 2, 3, 1, 2, 1, 3, 2, 3, 2, 2, 2, 2, 3, 1, 2, 2, 2, 2, 2, 2, 1, 2
chatcmpl-8W9uCjMNbb0IA0IMl3llPrL391hiR, 2, 1, 3, 1, 2, 2, 1, 3, 3, 2, 2, 3, 3, 2, 1, 4, 3, 2, 1, 3, 3, 3, 1, 3, 1, 4, 2, 3, 3, 3, 3, 2, 3, 3, 2, 3, 4, 4, 2, 3, 2, 3
chatcmpl-8W9v7ziPJwLGaZ56anApR2M2ph7dw, 2, 1, 2, 1, 3, 2, 1, 3, 3, 2, 2, 3, 3, 2, 1, 3, 3, 2, 1, 2, 2, 3, 1, 3, 1, 3, 2, 3, 3, 2, 3, 2, 3, 3, 2, 3, 2, 3, 2, 3, 1, 3
chatcmpl-8W9vugAetcAS3es817BDaWmk56IIb, 2, 1, 2, 1, 3, 2, 1, 4, 3, 2, 2, 3, 2, 2, 1, 3, 3, 2, 2, 2, 3, 4, 2, 3, 2, 3, 2, 3, 4, 3, 3, 3, 4, 3, 3, 3, 3, 3, 2, 3, 2, 3
chatcmpl-8W9wZyb7ejaELUZJ4w2Q3YSKoSg3Y, 3, 2, 4, 2, 3, 2, 2, 4, 3, 3, 3, 3, 3, 2, 2, 4, 3, 3, 2, 3, 3, 3, 2, 4, 2, 3, 3, 3, 3, 3, 3, 2, 3, 3, 2, 4, 3, 3, 2, 3, 2, 3
chatcmpl-8W9xrZ4MatgOfgJaZfMZfHCp61jhR, 3, 3, 3, 2, 2, 3, 2, 4, 3, 3, 3, 3, 4, 2, 2, 4, 4, 3, 2, 3, 3, 4, 2, 3, 2, 4, 3, 4, 3, 3, 3, 3, 3, 4, 3, 3, 4, 3, 3, 3, 2, 3
chatcmpl-8W9zGzljVGgXJEpDjJWZqIg9YFd9K, 3, 2, 3, 2, 3, 2, 2, 3, 3, 3, 2, 3, 4, 2, 2, 4, 3, 2, 2, 3, 4, 3, 2, 4, 3, 4, 2, 3, 3, 3, 3, 2, 3, 4, 2, 4, 4, 4, 3, 3, 2, 3
chatcmpl-8WA0Ldfo0v4socM3xNr45sfmWQVuK, 2, 2, 3, 2, 3, 3, 2, 3, 3, 3, 2, 3, 4, 2, 2, 4, 4, 3, 3, 2, 4, 3, 2, 4, 2, 4, 3, 4, 3, 3, 4, 4, 4, 4, 3, 4, 4, 4, 3, 3, 2, 3
chatcmpl-8WA1VpMRpATKIVsNbs3Z4UUkiBCpD, 2, 1, 1, 1, 3, 2, 1, 3, 2, 2, 3, 3, 1, 3, 2, 2, 1, 2, 1, 1, 2, 3, 1, 2, 1, 1, 2, 1, 2, 2, 1, 2, 3, 1, 2, 1, 2, 1, 2, 2, 1, 2
chatcmpl-8WA23kwbh8enXIAMKhjjvglqWxoZL, 2, 2, 3, 2, 3, 2, 2, 3, 3, 3, 2, 3, 4, 2, 2, 4, 4, 2, 2, 3, 4, 3, 2, 3, 2, 4, 3, 3, 3, 2, 4, 2, 3, 4, 2, 4, 4, 4, 3, 3, 2, 3
chatcmpl-8WA2zXVML61MVmIBqmbcb4iJECHbt, 2, 1, 2, 1, 3, 3, 1, 4, 3, 2, 3, 2, 2, 2, 1, 3, 2, 2, 1, 1, 3, 4, 1, 3, 2, 3, 2, 3, 3, 2, 3, 2, 3, 2, 3, 3, 3, 3, 3, 3, 1, 2
chatcmpl-8WA3e5UbjLJYOh3URBe5f5xP6zITE, 3, 2, 3, 2, 4, 3, 2, 4, 3, 3, 3, 3, 3, 3, 2, 4, 3, 3, 2, 3, 3, 4, 2, 4, 3, 3, 3, 4, 3, 3, 4, 3, 4, 3, 3, 4, 3, 3, 3, 3, 2, 3
chatcmpl-8WA4lECjhNwgqnRmuUl9iv4h5wJng, 2, 1, 2, 1, 2, 2, 1, 3, 2, 3, 2, 2, 3, 2, 1, 3, 2, 2, 1, 2, 3, 3, 1, 3, 1, 3, 3, 3, 3, 2, 2, 2, 3, 2, 2, 2, 3, 3, 2, 2, 1, 2
chatcmpl-8WA5keSr4cYBu1wtKz2b0sGp2LrTx, 2, 1, 1, 1, 2, 1, 1, 3, 1, 1, 2, 2, 1, 1, 1, 1, 1, 1, 1, 1, 1, 2, 1, 1, 1, 1, 1, 1, 1, 1, 2, 1, 2, 1, 1, 1, 1, 1, 2, 1, 1, 2
chatcmpl-8WA6WogWNz10FN812VW33Wf1EPKmj, 2, 1, 2, 1, 3, 2, 1, 4, 3, 2, 2, 3, 3, 2, 1, 3, 3, 2, 1, 2, 3, 4, 1, 3, 2, 3, 3, 3, 4, 3, 3, 3, 3, 3, 3, 3, 3, 4, 3, 3, 1, 3
chatcmpl-8WA7aSlI6uPLROVBJCtVM1DFn1jG8, 2, 1, 3, 1, 3, 2, 2, 3, 3, 3, 2, 3, 3, 2, 1, 3, 3, 2, 1, 2, 3, 3, 2, 3, 1, 3, 3, 3, 3, 2, 3, 2, 3, 3, 2, 3, 3, 3, 2, 3, 1, 3
chatcmpl-8WA8SmWJ8cKSwoXwk9SluQXH35qE1, 2, 1, 3, 1, 4, 3, 1, 3, 3, 2, 2, 3, 3, 2, 1, 3, 3, 2, 1, 2, 2, 3, 1, 3, 1, 4, 3, 4, 3, 3, 3, 3, 3, 3, 3, 2, 3, 3, 3, 3, 1, 3
chatcmpl-8WA980gVk5ADwXCPQgY1rX0pkwGtR, 2, 2, 2, 1, 2, 2, 1, 3, 2, 2, 2, 2, 2, 2, 1, 2, 2, 2, 1, 2, 2, 3, 1, 2, 1, 2, 2, 2, 2, 2, 2, 2, 2, 2, 2, 2, 2, 2, 2, 2, 2, 3
chatcmpl-8WAA5PS2iax982GVpCsldkCLRp4H0, 2, 2, 2, 1, 3, 3, 1, 4, 3, 2, 2, 3, 2, 2, 1, 2, 2, 2, 1, 2, 1, 3, 1, 2, 1, 2, 2, 2, 3, 2, 2, 3, 3, 2, 3, 1, 1, 2, 3, 2, 1, 2
chatcmpl-8WAAwVJtRrSpEwMcIdAKJdhebt6SG, 3, 1, 3, 2, 3, 3, 1, 4, 4, 3, 3, 3, 3, 2, 1, 3, 3, 2, 1, 2, 3, 3, 1, 3, 2, 3, 3, 4, 3, 2, 3, 2, 3, 3, 2, 4, 3, 3, 2, 3, 2, 3
chatcmpl-8WABvSe7LkOKNquSnuHJ7wGF87vVn, 2, 1, 2, 1, 3, 2, 1, 3, 2, 1, 2, 3, 2, 2, 1, 2, 1, 2, 1, 1, 1, 3, 1, 2, 1, 2, 2, 1, 3, 1, 1, 2, 3, 1, 2, 1, 1, 1, 2, 1, 1, 2
chatcmpl-8WACXdydupYDdzdVTh9AEYrXy0iLz, 2, 1, 2, 1, 3, 2, 1, 3, 2, 2, 2, 3, 2, 2, 1, 2, 2, 2, 1, 1, 2, 3, 1, 2, 1, 2, 3, 2, 3, 2, 2, 3, 3, 2, 3, 1, 2, 2, 3, 2, 1, 2
chatcmpl-8WAD9FOO42H3G9wpo14cflaRHIL08, 3, 2, 3, 1, 3, 2, 1, 3, 2, 3, 2, 2, 4, 2, 2, 4, 3, 2, 2, 2, 4, 3, 2, 4, 2, 4, 2, 3, 3, 2, 3, 2, 3, 3, 2, 3, 4, 4, 2, 3, 2, 2
chatcmpl-8WADuTwC6ZWqY1RFOsBdNFRm6gW1M, 2, 1, 2, 1, 3, 2, 1, 4, 3, 2, 2, 3, 2, 2, 1, 2, 1, 2, 1, 2, 1, 3, 1, 2, 1, 2, 2, 1, 3, 2, 2, 2, 3, 1, 2, 1, 2, 1, 2, 2, 1, 2
chatcmpl-8WAEuVPOgR6FlcBm5c6tg6L1tDPeb, 2, 2, 3, 2, 3, 2, 1, 3, 3, 3, 2, 3, 3, 2, 1, 3, 4, 2, 1, 3, 4, 3, 1, 4, 2, 4, 3, 3, 3, 3, 3, 3, 4, 4, 3, 3, 4, 3, 3, 4, 2, 3
chatcmpl-8WAFoyxeYSwqHM24w1FCq8V9h3P73, 2, 1, 2, 1, 3, 2, 1, 3, 2, 2, 2, 3, 2, 2, 1, 2, 2, 2, 1, 1, 2, 3, 1, 2, 1, 2, 2, 1, 3, 1, 2, 2, 3, 2, 2, 1, 2, 2, 2, 1, 1, 2
chatcmpl-8WAGTsBXOn1IoC3NvHOdHD1QP3eKx, 2, 1, 1, 1, 2, 2, 1, 3, 2, 2, 2, 3, 1, 2, 1, 2, 2, 2, 1, 1, 2, 3, 1, 2, 1, 1, 3, 2, 3, 2, 2, 2, 3, 2, 2, 1, 1, 1, 2, 2, 1, 2
chatcmpl-8WAHEuPi6I40u0oTNdEPdjwaxydgV, 2, 1, 1, 1, 2, 2, 1, 3, 2, 2, 2, 3, 2, 2, 1, 2, 1, 2, 1, 1, 2, 3, 1, 2, 1, 2, 2, 1, 3, 1, 2, 2, 3, 1, 2, 1, 2, 2, 2, 1, 1, 2
chatcmpl-8WAHs2p7IBTB2CgXdruubxdBxPO1N, 2, 1, 2, 1, 2, 2, 1, 3, 2, 2, 2, 2, 2, 2, 1, 2, 2, 2, 1, 2, 2, 3, 1, 2, 1, 2, 2, 2, 3, 2, 2, 2, 3, 2, 2, 2, 2, 2, 2, 2, 1, 2
chatcmpl-8WAIc0auh2ZFdpKlAAtVjco2Pi93M, 2, 1, 3, 1, 3, 2, 1, 3, 3, 3, 2, 3, 3, 2, 1, 3, 3, 2, 1, 2, 3, 3, 1, 3, 1, 3, 2, 3, 3, 2, 3, 2, 3, 3, 2, 3, 3, 3, 3, 3, 1, 3
chatcmpl-8WAJOx5K6SibJPCqIQOpKVObvVV0a, 2, 1, 3, 1, 2, 2, 1, 3, 3, 2, 2, 3, 3, 2, 1, 3, 3, 2, 1, 1, 3, 3, 1, 3, 1, 3, 2, 3, 3, 2, 3, 2, 2, 3, 2, 1, 3, 3, 2, 3, 1, 2
chatcmpl-8WAK5dXgQ06mrQE99nfjmlWRPG5i6, 2, 1, 1, 1, 4, 2, 1, 3, 3, 2, 2, 3, 2, 2, 1, 3, 2, 3, 1, 2, 2, 3, 1, 3, 1, 3, 2, 2, 3, 2, 3, 2, 3, 2, 2, 1, 2, 2, 2, 2, 1, 4
chatcmpl-8WAKl5SuCwFgP4PFcd49LTur2Mfmj, 2, 2, 2, 1, 3, 2, 1, 4, 2, 2, 2, 3, 2, 2, 1, 2, 2, 2, 1, 1, 1, 3, 1, 2, 1, 2, 2, 1, 3, 1, 2, 2, 3, 2, 3, 1, 1, 1, 2, 1, 1, 2
chatcmpl-8WALQ1fxbIDx4zm1iP8s1zoDzVMX5, 2, 2, 2, 1, 3, 2, 1, 3, 2, 2, 2, 3, 2, 2, 1, 2, 2, 2, 1, 2, 2, 3, 1, 2, 1, 2, 3, 3, 3, 2, 2, 2, 3, 2, 2, 2, 2, 2, 2, 2, 1, 2
chatcmpl-8WAMCOUlgUCUvmEQnEbYLYeLg8qpx, 2, 1, 2, 1, 3, 3, 1, 4, 3, 3, 2, 3, 3, 2, 1, 3, 3, 2, 1, 2, 3, 3, 1, 3, 2, 3, 2, 4, 3, 2, 3, 3, 4, 2, 3, 4, 3, 3, 2, 3, 2, 3
chatcmpl-8WAN0keAYHlaNiVmUhqqjHGvBo445, 3, 1, 2, 1, 3, 3, 1, 3, 3, 3, 3, 3, 2, 3, 1, 3, 3, 3, 1, 2, 3, 3, 1, 3, 2, 3, 3, 3, 3, 2, 3, 3, 3, 3, 3, 3, 3, 3, 3, 3, 1, 3
chatcmpl-8WANip5MVuV7w0O4Pb97J4VMTQPfr, 2, 1, 2, 1, 2, 2, 1, 3, 2, 2, 2, 2, 3, 2, 1, 3, 3, 2, 1, 1, 3, 3, 1, 3, 1, 3, 2, 1, 2, 1, 2, 3, 3, 3, 2, 1, 3, 3, 2, 2, 1, 2
chatcmpl-8WAOIPTqwb1F7FcRSd5sgj12GyeFL, 2, 1, 2, 1, 3, 3, 1, 3, 3, 2, 2, 3, 3, 3, 1, 3, 2, 2, 1, 2, 3, 3, 1, 3, 1, 3, 2, 3, 3, 2, 3, 3, 4, 2, 3, 3, 3, 3, 3, 3, 1, 3
chatcmpl-8WAPAUX3yjFWZJO7xKiTrHD7OizLE, 2, 1, 2, 1, 3, 2, 1, 3, 3, 2, 2, 3, 2, 2, 1, 2, 2, 2, 1, 2, 2, 3, 1, 2, 1, 3, 2, 2, 3, 2, 2, 2, 3, 2, 2, 2, 2, 2, 2, 2, 1, 2
chatcmpl-8WAPzjzlHeTKSBrRzpPGTpIhGpZvz, 2, 1, 1, 1, 2, 2, 1, 3, 1, 2, 3, 3, 1, 2, 1, 1, 1, 2, 1, 1, 2, 3, 1, 2, 1, 1, 2, 1, 2, 1, 2, 2, 2, 2, 2, 1, 2, 2, 2, 1, 1, 2
chatcmpl-8WAQYzY5pCrDXuQ0bLQYMmY4Zblfa, 2, 1, 1, 1, 2, 2, 1, 3, 1, 2, 2, 2, 1, 2, 1, 1, 1, 2, 1, 2, 2, 2, 1, 1, 1, 1, 2, 2, 3, 2, 1, 2, 2, 1, 2, 1, 2, 1, 2, 2, 1, 2
chatcmpl-8WARA81pIUNoIawhYBdU9FCk3BhAj, 2, 1, 1, 1, 2, 1, 1, 3, 2, 2, 2, 3, 1, 2, 1, 1, 2, 2, 1, 1, 1, 3, 1, 1, 1, 1, 2, 2, 3, 1, 1, 2, 3, 2, 2, 1, 2, 1, 3, 2, 1, 2
chatcmpl-8WARiJICeQMdpZNXW1tsT26Mpyjjc, 2, 1, 2, 1, 3, 2, 1, 3, 2, 1, 2, 1, 1, 1, 1, 2, 1, 1, 1, 1, 1, 3, 1, 2, 1, 1, 2, 1, 2, 1, 2, 2, 3, 1, 2, 1, 1, 1, 2, 2, 1, 2
chatcmpl-8WASVtlVcZvCAK6aXaPF7uEJ0cldb, 3, 2, 3, 2, 3, 2, 2, 4, 4, 3, 3, 3, 4, 2, 2, 4, 4, 3, 2, 3, 3, 4, 2, 4, 2, 4, 3, 4, 3, 3, 3, 4, 3, 4, 4, 4, 3, 4, 3, 4, 2, 3
chatcmpl-8WATWHEfKRSPJHGNSRviSyRo7Drgo, 2, 1, 2, 1, 4, 3, 2, 3, 3, 3, 3, 3, 2, 3, 2, 3, 2, 2, 1, 3, 3, 4, 1, 3, 2, 3, 3, 3, 3, 3, 3, 3, 3, 2, 3, 3, 3, 3, 3, 3, 2, 3
chatcmpl-8WAUI69K5oeTUsh9aHJZOTV1TdVRm, 2, 1, 2, 1, 4, 2, 1, 3, 3, 3, 2, 3, 3, 2, 1, 3, 3, 2, 1, 2, 3, 3, 1, 3, 1, 3, 3, 3, 4, 2, 3, 3, 3, 3, 3, 4, 3, 3, 3, 3, 1, 3
chatcmpl-8WAV8kc8n6pH0Ua9RDdqUYZ7LtTwI, 3, 2, 3, 1, 3, 2, 1, 4, 2, 2, 3, 2, 3, 2, 1, 4, 3, 3, 2, 3, 3, 4, 1, 4, 2, 4, 3, 3, 3, 3, 4, 3, 4, 3, 3, 4, 3, 4, 3, 3, 2, 3
chatcmpl-8WAWasmHhnowduN0wShMVrzTKpGXY, 2, 1, 2, 1, 3, 2, 1, 3, 3, 2, 2, 2, 2, 2, 1, 2, 2, 2, 1, 2, 2, 3, 1, 2, 1, 2, 2, 2, 3, 2, 2, 2, 3, 2, 2, 3, 2, 3, 2, 3, 1, 2
chatcmpl-8WAXZDNpGL344tUjUEa49QSjlOYGn, 2, 1, 2, 1, 3, 2, 1, 3, 3, 3, 3, 3, 3, 2, 1, 3, 3, 2, 1, 2, 3, 3, 1, 3, 1, 3, 3, 4, 3, 2, 3, 2, 3, 3, 2, 3, 3, 3, 3, 3, 1, 3
chatcmpl-8WngsSNGDBZ2CTjVWbtGVqpTzCDly, 2, 1, 2, 1, 3, 3, 1, 3, 2, 2, 2, 3, 2, 2, 1, 2, 2, 3, 1, 1, 2, 3, 1, 2, 1, 2, 3, 2, 3, 2, 2, 3, 3, 2, 3, 2, 2, 2, 2, 2, 1, 2
chatcmpl-8WnhUTdnNu8LjuFhqj4HLU8mnl3MK, 2, 1, 3, 1, 3, 2, 1, 4, 3, 3, 3, 3, 4, 3, 1, 4, 4, 2, 1, 2, 4, 3, 1, 4, 1, 4, 3, 4, 3, 3, 4, 3, 4, 4, 3, 4, 4, 4, 3, 3, 1, 3
chatcmpl-8WniIaxbYAZwUTSkpbnJT3vAFoEHH, 2, 1, 2, 1, 2, 2, 1, 3, 1, 2, 2, 2, 3, 2, 1, 3, 3, 2, 1, 2, 3, 3, 2, 2, 1, 3, 2, 3, 3, 2, 2, 3, 4, 3, 3, 2, 3, 3, 3, 3, 1, 2
chatcmpl-8Wnj9Wq76DMjKA49xcKq77M84UArp, 2, 1, 2, 1, 3, 2, 1, 3, 2, 2, 3, 3, 2, 3, 1, 2, 1, 2, 1, 2, 2, 3, 1, 2, 1, 2, 3, 2, 3, 2, 2, 3, 3, 1, 3, 2, 2, 2, 2, 3, 1, 2
chatcmpl-8Wnji2FP4HJx43BTyACJSKx1RSPLR, 3, 2, 2, 1, 3, 2, 1, 4, 3, 2, 3, 3, 3, 2, 2, 3, 4, 2, 2, 2, 3, 3, 2, 2, 2, 3, 3, 3, 3, 3, 3, 3, 3, 3, 3, 3, 3, 3, 3, 3, 2, 3
chatcmpl-8WnkTQDzvC9hEPUVqaTjqvDdZLiyb, 2, 1, 2, 1, 3, 2, 1, 4, 2, 2, 3, 3, 2, 3, 1, 3, 1, 2, 1, 2, 2, 3, 1, 3, 1, 3, 2, 2, 3, 2, 2, 2, 3, 2, 2, 2, 2, 3, 2, 2, 1, 3
chatcmpl-8WnlEgvZsi76y5nttBVMoMmrRUo5g, 2, 1, 1, 1, 2, 3, 1, 3, 2, 2, 2, 3, 2, 2, 1, 2, 1, 2, 1, 1, 1, 3, 1, 2, 1, 2, 2, 2, 3, 2, 2, 2, 3, 1, 2, 1, 1, 1, 2, 3, 1, 1
chatcmpl-8WnmHqWvH2F3I1kt1VeB1kjusSeac, 2, 2, 2, 1, 3, 2, 1, 3, 3, 3, 2, 3, 3, 2, 1, 3, 3, 2, 1, 2, 3, 3, 1, 3, 1, 3, 2, 3, 3, 3, 3, 2, 3, 3, 2, 3, 3, 3, 3, 3, 1, 3
