chatcmpl-8MNaQPr800n80okUhkN7w7oGTvo3a, 1, 1, 1, 1, 2, 2, 1, 3, 2, 2, 2, 2, 2, 2, 1, 2, 2, 2, 1, 1, 2, 3, 1, 2, 1, 2, 2, 1, 2, 1, 2, 3, 3, 1, 3, 1, 2, 2, 2, 1, 1, 2
chatcmpl-8MNcrecwtY5rKlVvTR0EDtFHgqWOA, 2, 1, 1, 1, 2, 2, 1, 3, 2, 2, 3, 2, 2, 2, 1, 1, 1, 2, 1, 1, 1, 2, 1, 1, 1, 1, 2, 1, 2, 1, 1, 2, 2, 1, 2, 1, 1, 1, 2, 1, 1, 2
chatcmpl-8MNf1xMpEAep5cHlJ4JlH79Q5dNKy, 2, 1, 1, 1, 1, 3, 1, 3, 1, 2, 2, 2, 1, 2, 1, 1, 2, 2, 1, 1, 1, 3, 1, 2, 1, 1, 2, 1, 2, 1, 1, 2, 2, 1, 2, 1, 1, 1, 2, 1, 1, 1
chatcmpl-8MNqSBVmWeTt6kHnKGbFtD4qV4mPo, 2, 1, 1, 1, 2, 2, 1, 3, 2, 1, 2, 3, 2, 2, 1, 1, 1, 2, 1, 1, 1, 2, 1, 2, 1, 2, 2, 1, 3, 2, 2, 2, 3, 2, 2, 1, 1, 1, 3, 2, 1, 2
chatcmpl-8MNt053BRmJpEJFez5ejZ3g62cYk1, 2, 1, 3, 1, 2, 3, 1, 3, 3, 2, 2, 2, 3, 2, 1, 3, 3, 2, 1, 2, 2, 3, 1, 3, 2, 3, 2, 3, 2, 2, 3, 2, 3, 3, 2, 2, 3, 3, 2, 2, 1, 2
chatcmpl-8MNuycXI1I5HXOWf92N5ScEmJspaF, 2, 1, 1, 1, 3, 2, 1, 4, 2, 3, 2, 3, 2, 2, 1, 2, 1, 2, 1, 1, 3, 3, 1, 2, 1, 2, 2, 1, 2, 1, 2, 2, 3, 1, 2, 1, 2, 2, 2, 1, 1, 2
chatcmpl-8MNwubkXvbWyS7NGWTUnfMQqJreey, 3, 2, 3, 2, 4, 3, 2, 4, 3, 3, 3, 3, 3, 2, 2, 4, 3, 3, 2, 2, 3, 4, 2, 4, 2, 3, 3, 3, 3, 4, 3, 3, 3, 3, 3, 4, 3, 3, 3, 3, 2, 3
chatcmpl-8MO1Y3UqnZ2hYVjk6bE58pYYZdM6O, 2, 1, 2, 1, 2, 2, 1, 3, 2, 1, 3, 2, 1, 2, 1, 1, 1, 2, 1, 1, 1, 1, 1, 1, 1, 1, 2, 1, 3, 1, 2, 2, 2, 1, 2, 1, 1, 1, 2, 1, 1, 2
chatcmpl-8MO9OD4OMhrHlx4gYwNYfzv0kVtlm, 1, 1, 1, 1, 2, 2, 1, 3, 2, 1, 2, 2, 1, 1, 1, 1, 1, 2, 1, 1, 1, 3, 1, 1, 1, 1, 2, 1, 2, 1, 1, 2, 2, 1, 2, 1, 1, 1, 2, 1, 1, 1
chatcmpl-8MOBU4BnKCPH8ByqP4Oo7hDjmfaJE, 2, 1, 1, 1, 2, 2, 1, 3, 2, 2, 2, 2, 1, 2, 1, 2, 1, 2, 1, 1, 1, 2, 1, 2, 1, 1, 2, 2, 2, 1, 2, 2, 2, 1, 2, 1, 1, 1, 2, 2, 1, 2
chatcmpl-8Ptgrf2qtin2dNY4jVy5f97DxW1sr, 2, 1, 1, 1, 1, 1, 1, 3, 2, 1, 2, 1, 1, 2, 1, 1, 1, 1, 1, 1, 1, 1, 1, 1, 1, 1, 1, 1, 1, 1, 1, 1, 1, 1, 1, 1, 1, 1, 1, 1, 1, 1
chatcmpl-8PtiCNAkbhdkIPJnaxXcIyTQ0r7t9, 2, 1, 1, 1, 2, 2, 1, 3, 1, 1, 2, 2, 1, 2, 1, 1, 1, 2, 1, 1, 1, 3, 1, 1, 1, 1, 2, 1, 2, 1, 1, 2, 2, 1, 2, 1, 1, 1, 2, 1, 1, 2
chatcmpl-8PtkGMDFYrZiM6Fe72GPhAE87tefo, 2, 1, 2, 1, 2, 2, 1, 3, 2, 2, 2, 2, 1, 2, 1, 2, 1, 3, 1, 1, 2, 2, 1, 2, 1, 2, 2, 1, 2, 1, 2, 2, 2, 1, 2, 1, 2, 2, 2, 1, 1, 2
chatcmpl-8PtlUaGFDxqujOF7qAhZyK2Uh5RBy, 2, 1, 1, 1, 1, 2, 1, 3, 1, 1, 2, 2, 1, 1, 1, 1, 1, 2, 1, 1, 1, 3, 1, 1, 1, 1, 2, 1, 2, 1, 1, 2, 1, 1, 2, 1, 1, 1, 2, 1, 1, 1
chatcmpl-8Ptn0b1DmMJCmdJrtBqfQZkcgA1hP, 2, 1, 2, 1, 3, 2, 1, 3, 1, 2, 2, 2, 1, 2, 1, 1, 1, 2, 1, 1, 1, 3, 1, 1, 1, 1, 1, 1, 3, 1, 2, 2, 2, 1, 2, 1, 2, 1, 2, 1, 1, 2
chatcmpl-8Ptob4XdaiKSG6Hu2KgqGgTbVBElj, 2, 1, 2, 1, 3, 2, 1, 3, 2, 2, 3, 3, 2, 2, 1, 2, 2, 2, 1, 2, 2, 3, 1, 3, 1, 3, 2, 2, 3, 2, 2, 2, 3, 2, 2, 2, 3, 2, 2, 2, 1, 2
chatcmpl-8PtqlMnYBkieoLillR4kHnVYEZxnt, 2, 1, 2, 1, 2, 1, 1, 3, 1, 2, 2, 1, 1, 1, 1, 1, 1, 2, 1, 1, 1, 3, 1, 2, 1, 1, 1, 1, 2, 1, 2, 2, 2, 1, 2, 1, 2, 1, 2, 1, 1, 2
chatcmpl-8PtsPx8kVDoqK4m4zhn4IThdSYe30, 2, 1, 1, 1, 2, 2, 1, 3, 1, 2, 2, 2, 1, 1, 1, 1, 1, 2, 1, 1, 1, 2, 1, 1, 1, 1, 2, 1, 2, 1, 1, 1, 2, 1, 1, 1, 1, 1, 1, 1, 1, 2
chatcmpl-8Ptywm3MptsudIHQqdkVvnMBPoMoX, 2, 1, 1, 1, 2, 2, 1, 3, 2, 1, 2, 2, 1, 2, 1, 1, 1, 1, 1, 1, 1, 2, 1, 1, 1, 1, 2, 1, 2, 1, 1, 2, 2, 1, 1, 1, 1, 1, 2, 2, 1, 1
chatcmpl-8Pu03niNvjVHsODDuiB7GAt9Md3ix, 2, 1, 1, 1, 3, 2, 1, 3, 1, 1, 2, 1, 1, 2, 1, 1, 1, 2, 1, 1, 1, 3, 1, 1, 1, 1, 1, 1, 2, 1, 1, 1, 2, 1, 2, 1, 1, 1, 2, 1, 1, 1
chatcmpl-8Pu1nb9G7VJFPAHo4uGV9VEDe9KnN, 2, 1, 1, 1, 3, 2, 1, 3, 2, 2, 2, 3, 2, 2, 1, 2, 1, 2, 1, 2, 1, 3, 1, 2, 1, 2, 2, 1, 2, 2, 2, 2, 2, 1, 2, 2, 2, 1, 2, 2, 1, 2
chatcmpl-8Pu5UAYkwkznxDwTp1CJoCw9YPXeB, 2, 1, 1, 1, 1, 2, 1, 3, 1, 1, 1, 2, 1, 1, 1, 1, 1, 1, 1, 1, 1, 2, 1, 1, 1, 1, 1, 1, 1, 1, 1, 1, 1, 1, 1, 1, 1, 1, 1, 1, 1, 1
chatcmpl-8Pu9EQYl3KLKZLI7NfmkKyoeAEdvo, 2, 1, 2, 1, 3, 2, 1, 3, 2, 1, 2, 2, 2, 1, 1, 2, 1, 2, 1, 1, 1, 2, 1, 2, 1, 2, 2, 1, 2, 2, 2, 2, 2, 1, 2, 1, 1, 1, 2, 2, 1, 2
chatcmpl-8PuAm5ZM8ksa2MxdKVuQ90R1G8tCT, 2, 1, 1, 1, 3, 1, 1, 2, 2, 2, 2, 3, 1, 2, 1, 1, 1, 2, 1, 1, 2, 2, 1, 1, 2, 1, 1, 1, 2, 1, 2, 2, 3, 1, 2, 1, 1, 1, 2, 1, 1, 2
chatcmpl-8PuCO8xuSkWzSWiYvbTxDXh518gTk, 1, 1, 1, 1, 2, 2, 1, 3, 1, 1, 2, 2, 1, 2, 1, 1, 1, 2, 1, 1, 1, 2, 1, 1, 1, 1, 2, 1, 2, 1, 1, 2, 2, 1, 2, 1, 1, 1, 2, 1, 1, 2
chatcmpl-8PuENf1ALdtIzRHNf68WW10Y7oogW, 2, 1, 1, 1, 2, 1, 1, 3, 1, 1, 3, 2, 1, 1, 1, 2, 1, 1, 1, 1, 1, 3, 1, 2, 1, 1, 2, 1, 1, 1, 2, 1, 2, 1, 2, 1, 1, 1, 2, 1, 1, 2
chatcmpl-8PuIF3gXqBu0cnzyVdw6eXjdgMYXx, 1, 2, 1, 1, 2, 2, 1, 3, 1, 2, 1, 2, 1, 2, 1, 2, 1, 1, 1, 1, 1, 2, 1, 1, 1, 1, 1, 1, 1, 1, 2, 1, 2, 1, 2, 1, 1, 2, 1, 1, 1, 1
chatcmpl-8PuKEAFQI6rcJrR88eae6JoX2w0mf, 1, 1, 2, 1, 2, 2, 1, 3, 2, 1, 2, 2, 1, 2, 1, 1, 1, 2, 1, 1, 1, 3, 1, 1, 1, 1, 2, 1, 2, 1, 1, 2, 2, 1, 2, 1, 1, 1, 2, 1, 1, 1
chatcmpl-8PuMGX3RWzQ679lE1w8t2h9nO8x3o, 2, 2, 1, 1, 2, 2, 1, 3, 1, 1, 2, 2, 1, 2, 1, 1, 2, 2, 1, 1, 1, 2, 1, 2, 1, 1, 2, 1, 2, 2, 1, 2, 2, 2, 2, 1, 1, 1, 2, 1, 1, 2
chatcmpl-8PuQV4mGLdoGWzt50Fjoi4ljk4sgZ, 2, 1, 2, 1, 2, 2, 1, 3, 2, 2, 2, 3, 2, 2, 1, 2, 2, 3, 1, 1, 2, 3, 1, 2, 1, 2, 2, 1, 2, 1, 2, 2, 3, 2, 2, 1, 2, 1, 3, 1, 1, 2
chatcmpl-8PuRTsesNT0672h6qpj7GFAuvlXQv, 2, 1, 1, 1, 3, 2, 1, 3, 2, 1, 2, 3, 1, 2, 1, 1, 1, 2, 1, 1, 1, 2, 1, 1, 1, 1, 2, 1, 1, 1, 1, 2, 2, 1, 2, 1, 1, 1, 2, 1, 1, 2
chatcmpl-8PuhIsLFpGzuRsGPwzP1KaRwSdCRG, 2, 1, 1, 1, 1, 2, 1, 3, 2, 2, 2, 1, 1, 2, 1, 1, 1, 2, 1, 1, 1, 2, 1, 1, 1, 1, 1, 1, 2, 1, 1, 1, 2, 1, 2, 1, 1, 1, 2, 1, 1, 2
chatcmpl-8PujGYYE1qPKBWb6jkeNpJ3VMJ5V6, 1, 2, 2, 1, 2, 1, 1, 3, 1, 2, 2, 2, 1, 2, 1, 1, 1, 1, 1, 1, 1, 2, 1, 1, 1, 1, 1, 1, 1, 1, 1, 1, 1, 1, 1, 1, 2, 1, 1, 1, 1, 1
chatcmpl-8PulCxGrrL8y9W56Xo1s4IjGD4JzM, 2, 1, 2, 1, 1, 2, 1, 2, 1, 1, 2, 2, 1, 2, 1, 1, 1, 2, 1, 1, 1, 2, 1, 2, 1, 1, 2, 1, 2, 1, 2, 2, 2, 1, 2, 1, 1, 1, 2, 1, 1, 2
chatcmpl-8PumuxSdxaHQPJAkNj7QXQF4S1btg, 2, 1, 1, 1, 3, 2, 1, 4, 3, 3, 2, 3, 2, 3, 1, 2, 2, 2, 1, 1, 1, 3, 1, 2, 1, 2, 3, 1, 3, 1, 2, 2, 3, 2, 2, 1, 2, 1, 2, 2, 1, 2
chatcmpl-8PuopdtCIAbq30YLkidU1PAnySPpX, 2, 1, 1, 1, 2, 2, 1, 3, 1, 1, 2, 2, 2, 2, 1, 1, 1, 2, 1, 1, 2, 3, 1, 2, 1, 2, 2, 1, 1, 1, 2, 2, 3, 1, 2, 1, 2, 2, 2, 1, 1, 2
chatcmpl-8PuqnG7rEuIL0Y9ACNCJbhHn6uqyN, 2, 1, 1, 1, 2, 2, 1, 3, 1, 1, 2, 2, 1, 2, 1, 2, 1, 2, 1, 1, 1, 3, 1, 2, 1, 2, 2, 1, 2, 1, 2, 2, 2, 1, 2, 1, 1, 1, 2, 1, 1, 2
chatcmpl-8PuuV2Bg4UuM5Q2g5vBI5p1HkDvWy, 2, 1, 1, 1, 2, 2, 1, 2, 1, 2, 2, 2, 2, 2, 1, 2, 1, 2, 1, 1, 2, 2, 1, 3, 1, 2, 2, 1, 2, 1, 2, 2, 2, 1, 2, 1, 2, 1, 2, 1, 1, 2
chatcmpl-8PuwCrzSlJOl05FdoypmiWaMnYsj7, 2, 1, 2, 1, 2, 2, 1, 3, 1, 1, 2, 2, 1, 2, 1, 1, 1, 2, 1, 1, 1, 2, 1, 2, 1, 1, 2, 1, 3, 1, 1, 2, 1, 1, 2, 1, 1, 1, 2, 1, 1, 1
chatcmpl-8Puy5yBQcjRdYznQkFVAPGMovtNk9, 2, 1, 2, 1, 3, 2, 1, 3, 1, 2, 2, 3, 2, 2, 1, 3, 1, 2, 1, 2, 2, 4, 1, 2, 1, 2, 2, 1, 2, 1, 2, 2, 3, 2, 2, 1, 2, 2, 2, 1, 1, 3
chatcmpl-8Pv04J1G5BU5aQBeqzrrxSgfHA4Cf, 2, 1, 1, 1, 2, 2, 1, 3, 2, 1, 2, 2, 1, 2, 1, 1, 1, 2, 1, 1, 1, 2, 1, 2, 1, 1, 2, 1, 3, 1, 1, 2, 2, 1, 2, 1, 1, 1, 2, 2, 1, 2
chatcmpl-8Pv1CfQxHzkYsybsHOpUNDFtWqTQ2, 2, 1, 2, 1, 3, 2, 1, 3, 2, 1, 2, 3, 2, 2, 1, 2, 2, 2, 1, 1, 1, 3, 1, 2, 1, 2, 2, 1, 2, 1, 2, 2, 2, 2, 2, 1, 1, 2, 2, 1, 1, 2
chatcmpl-8Pv2G63AAVXiBWBZJQLLnJ9l8homP, 2, 1, 2, 1, 3, 3, 1, 4, 3, 2, 2, 3, 3, 2, 1, 2, 2, 2, 1, 2, 2, 3, 1, 2, 1, 3, 2, 3, 3, 2, 2, 3, 3, 2, 3, 3, 3, 3, 2, 2, 1, 2
chatcmpl-8PvDnnLlhM3OLfFQb1tcvyv9CVNZj, 2, 1, 2, 1, 3, 2, 1, 4, 1, 2, 2, 2, 2, 2, 1, 2, 2, 2, 1, 1, 2, 3, 1, 2, 2, 2, 2, 1, 2, 1, 2, 2, 2, 2, 2, 1, 2, 2, 2, 1, 1, 2
chatcmpl-8PvFC8Vuho1x0uTMPu38Ur77gcOZm, 2, 1, 2, 1, 3, 2, 1, 4, 1, 2, 2, 3, 2, 2, 1, 2, 2, 2, 1, 1, 2, 3, 1, 2, 1, 2, 3, 1, 3, 1, 2, 2, 3, 2, 2, 1, 2, 2, 2, 1, 1, 2
chatcmpl-8PvJygVyhqC4cHefBrJdovSNssoV6, 2, 1, 2, 1, 3, 2, 1, 3, 2, 2, 2, 3, 2, 2, 1, 2, 1, 2, 1, 1, 2, 3, 1, 2, 1, 2, 2, 2, 3, 1, 2, 3, 2, 1, 2, 1, 2, 2, 2, 2, 1, 2
chatcmpl-8PvL7CumysCSITYIn4LlSytIZzC1U, 1, 1, 1, 1, 3, 1, 1, 2, 2, 1, 2, 1, 1, 1, 1, 1, 1, 1, 1, 1, 1, 2, 1, 1, 1, 1, 1, 1, 2, 1, 1, 1, 1, 1, 1, 1, 1, 1, 1, 1, 1, 1
chatcmpl-8PvMMfnoYSic3QZmj3NFt1SDsOV37, 2, 1, 1, 1, 3, 2, 1, 3, 2, 2, 3, 2, 2, 2, 1, 2, 1, 2, 1, 1, 2, 3, 1, 3, 1, 3, 2, 1, 2, 1, 2, 3, 3, 1, 2, 1, 2, 1, 2, 2, 1, 2
chatcmpl-8PvOkuF2QAjOKQRsmMXIWolkhGv6V, 2, 1, 1, 1, 3, 1, 1, 3, 1, 2, 2, 2, 2, 2, 1, 1, 2, 2, 1, 1, 1, 3, 1, 2, 1, 2, 2, 1, 2, 1, 2, 2, 2, 2, 2, 1, 1, 1, 2, 1, 1, 2
chatcmpl-8PvQTPHu9zdCdwKEg2IbRb1js8a12, 2, 1, 1, 1, 3, 2, 1, 3, 2, 1, 2, 3, 1, 2, 1, 1, 1, 2, 1, 1, 1, 3, 1, 2, 1, 1, 2, 1, 3, 1, 1, 2, 3, 1, 2, 1, 1, 1, 2, 1, 1, 2
chatcmpl-8PvShhNa6UcWKseJ8Xy3Wt44a8dlG, 2, 1, 2, 1, 3, 2, 1, 4, 2, 2, 2, 3, 2, 2, 1, 2, 2, 2, 1, 1, 2, 3, 1, 2, 1, 2, 2, 1, 3, 1, 2, 2, 2, 2, 2, 1, 2, 1, 2, 1, 1, 2
chatcmpl-8PvUeFQqnn9Yajedl4uMPUkkhUobG, 2, 1, 1, 1, 2, 2, 1, 3, 1, 2, 2, 3, 2, 2, 1, 2, 1, 2, 1, 1, 1, 2, 1, 2, 2, 2, 2, 1, 2, 1, 2, 2, 2, 1, 2, 1, 1, 1, 2, 1, 1, 2
chatcmpl-8PvWS2u7lolDDCB9eqyDgRjxkCway, 2, 2, 1, 1, 2, 2, 1, 3, 3, 2, 2, 2, 2, 2, 1, 2, 1, 2, 1, 1, 1, 2, 1, 2, 1, 2, 2, 2, 3, 1, 2, 2, 3, 1, 2, 1, 2, 1, 2, 1, 1, 2
chatcmpl-8Pvbza55GR6qE0rwhVRJlZqtmIAIT, 2, 1, 1, 1, 2, 2, 1, 3, 2, 1, 2, 1, 1, 2, 1, 1, 1, 2, 1, 1, 1, 2, 1, 1, 1, 1, 2, 1, 2, 1, 1, 2, 2, 1, 2, 1, 1, 1, 2, 1, 1, 1
chatcmpl-8PvdmOm33Ppb6w0PgGJpPXyRJE34v, 2, 1, 2, 1, 3, 1, 2, 3, 1, 2, 2, 3, 2, 2, 1, 2, 1, 1, 1, 1, 1, 3, 1, 2, 1, 2, 1, 1, 2, 1, 2, 1, 2, 1, 2, 1, 1, 1, 2, 1, 1, 3
chatcmpl-8Pvep9XgNXhRscUfxfS9mVwLtMHwG, 2, 1, 1, 1, 2, 2, 1, 3, 3, 2, 2, 2, 2, 2, 1, 2, 2, 3, 1, 1, 2, 3, 1, 2, 1, 2, 2, 1, 2, 1, 2, 2, 3, 2, 2, 1, 2, 2, 2, 2, 1, 2
chatcmpl-8PvhArRJWnzIXiPmUtX83HdSKdkfd, 2, 1, 2, 1, 2, 2, 1, 3, 2, 2, 2, 3, 2, 2, 1, 2, 1, 2, 1, 1, 2, 3, 1, 2, 1, 2, 2, 2, 3, 2, 3, 2, 3, 1, 2, 1, 3, 2, 2, 2, 1, 2
chatcmpl-8PvjZ0xj1jTp2fklJgvbB5L2swR88, 2, 1, 1, 1, 2, 2, 1, 2, 2, 1, 2, 2, 2, 1, 1, 2, 2, 1, 1, 1, 1, 2, 1, 2, 1, 2, 2, 1, 1, 1, 2, 1, 2, 2, 1, 1, 1, 1, 2, 1, 1, 2
chatcmpl-8PvlEuv54X9ExQFtHfWAsYGyr2vQY, 2, 1, 1, 1, 2, 1, 1, 4, 2, 1, 2, 3, 2, 2, 1, 1, 1, 2, 1, 1, 1, 2, 1, 2, 1, 3, 2, 2, 3, 1, 1, 2, 2, 1, 2, 1, 1, 1, 2, 2, 1, 3
chatcmpl-8PvnBya2TDqx615QZyezVOfnXNVrg, 2, 1, 1, 1, 2, 2, 1, 3, 1, 1, 2, 2, 2, 2, 1, 2, 1, 2, 1, 1, 1, 2, 1, 2, 1, 2, 1, 1, 2, 1, 2, 2, 2, 1, 2, 1, 1, 1, 2, 2, 1, 2
chatcmpl-8Pvoxf9ROrH5YicGoL5LIs5yfvjuQ, 2, 1, 2, 1, 2, 3, 1, 3, 2, 1, 2, 2, 1, 2, 1, 1, 1, 2, 2, 1, 1, 3, 1, 1, 1, 1, 2, 1, 3, 1, 2, 2, 2, 1, 2, 1, 1, 1, 2, 1, 1, 2
chatcmpl-8PvsSMvN2m6ONyN4Yu4uROvIft7pZ, 2, 2, 2, 1, 2, 2, 1, 3, 2, 2, 2, 2, 1, 2, 1, 1, 1, 2, 1, 1, 1, 2, 1, 2, 1, 1, 1, 1, 1, 1, 1, 2, 2, 1, 2, 1, 1, 1, 2, 2, 1, 2
chatcmpl-8PvuClObuIK3RM0VHJHipB8dbom94, 2, 1, 1, 1, 2, 2, 1, 3, 1, 1, 2, 2, 1, 2, 1, 1, 1, 2, 1, 1, 1, 2, 1, 1, 1, 1, 2, 1, 2, 1, 1, 2, 1, 1, 2, 1, 1, 1, 1, 1, 1, 1
chatcmpl-8Pvw1GuI2igJxBPlUTTIRfWYm3SgR, 2, 1, 2, 1, 2, 3, 1, 4, 3, 2, 3, 2, 3, 3, 1, 3, 3, 2, 2, 2, 4, 4, 1, 3, 2, 3, 3, 3, 4, 2, 3, 2, 3, 3, 2, 3, 4, 3, 3, 3, 2, 2
chatcmpl-8PvxcLGMsMb9ND6zdyLWDxDGTfswf, 2, 1, 1, 1, 2, 2, 1, 3, 1, 2, 2, 3, 2, 2, 1, 2, 2, 2, 1, 1, 2, 3, 1, 2, 1, 2, 2, 2, 2, 1, 2, 2, 2, 1, 2, 1, 2, 1, 2, 2, 1, 2
chatcmpl-8PvzftIPyVMYv46z1RSPwOufnrihz, 2, 1, 2, 1, 2, 3, 1, 3, 2, 2, 2, 2, 1, 2, 1, 2, 1, 2, 1, 1, 2, 3, 1, 2, 1, 1, 2, 1, 3, 2, 2, 2, 3, 1, 2, 1, 2, 2, 2, 2, 1, 2
chatcmpl-8Pw1Bp8VsOwboVQUStitaAahauXos, 1, 1, 1, 1, 2, 2, 1, 3, 2, 2, 2, 3, 1, 2, 1, 1, 1, 2, 1, 1, 2, 3, 1, 2, 1, 1, 1, 1, 2, 1, 2, 1, 2, 1, 2, 1, 2, 1, 2, 2, 1, 2
chatcmpl-8Pw54hwGPgahQUDJNeN4tPcffKuzd, 1, 1, 2, 1, 2, 1, 1, 2, 2, 2, 1, 2, 2, 1, 1, 2, 1, 1, 1, 1, 1, 2, 1, 2, 1, 2, 1, 1, 2, 2, 2, 1, 2, 1, 2, 1, 2, 1, 2, 2, 1, 2
chatcmpl-8Pw6XWVMsmDHoy1hYkldTjVbGuG3f, 1, 1, 1, 1, 2, 2, 1, 3, 1, 1, 2, 2, 1, 2, 1, 1, 1, 2, 1, 1, 1, 2, 1, 2, 1, 1, 1, 1, 1, 1, 1, 2, 1, 1, 2, 1, 1, 1, 2, 1, 1, 2
chatcmpl-8PwG6nvj46qIOYFKsMmsBcoxQ0tmm, 1, 2, 2, 1, 2, 2, 1, 3, 1, 1, 1, 2, 1, 1, 1, 1, 1, 2, 1, 1, 1, 3, 1, 1, 1, 1, 1, 1, 2, 1, 1, 1, 2, 1, 1, 1, 1, 1, 2, 1, 1, 1
chatcmpl-8PwHpMucr3cimbDXWlsYPP4gJOOJC, 2, 1, 1, 1, 2, 2, 1, 3, 2, 1, 2, 2, 1, 2, 1, 1, 1, 2, 1, 1, 1, 2, 1, 1, 1, 1, 2, 1, 1, 1, 1, 2, 1, 1, 2, 1, 1, 1, 2, 1, 1, 1
chatcmpl-8PwJTUAwZtEdfuFVrJSroaDDRsBG6, 2, 1, 1, 1, 2, 2, 1, 3, 1, 2, 2, 3, 2, 2, 1, 1, 1, 2, 1, 1, 1, 2, 1, 2, 1, 2, 2, 1, 3, 1, 2, 2, 2, 1, 2, 1, 2, 1, 2, 2, 1, 2
chatcmpl-8PwLN2e4QfWEFdYsgCkwgGmEFMzTu, 1, 2, 2, 1, 2, 2, 1, 3, 1, 2, 2, 2, 2, 2, 1, 2, 2, 2, 1, 1, 2, 3, 1, 2, 1, 2, 2, 1, 3, 1, 2, 2, 2, 2, 2, 1, 2, 2, 2, 1, 1, 2
chatcmpl-8PwNKg7biqBgcgG5zqcltXCyHpNRZ, 2, 1, 2, 1, 2, 1, 1, 2, 1, 2, 2, 3, 2, 2, 1, 1, 1, 2, 1, 1, 2, 3, 1, 2, 1, 2, 1, 1, 2, 1, 2, 2, 2, 2, 2, 1, 1, 1, 2, 1, 1, 2
chatcmpl-8Px2gIEcJGtT3W5I2qHZOtQiGqrFh, 2, 1, 2, 1, 2, 2, 1, 3, 2, 2, 2, 3, 2, 2, 1, 3, 2, 2, 1, 1, 2, 3, 1, 2, 1, 2, 2, 2, 2, 1, 2, 2, 2, 2, 2, 2, 2, 1, 2, 2, 1, 2
chatcmpl-8Px73re5TnIb7iHehYL5YSkuIpGly, 2, 1, 2, 1, 3, 2, 1, 3, 2, 2, 2, 3, 2, 2, 1, 3, 1, 2, 1, 2, 2, 3, 1, 2, 1, 2, 2, 2, 3, 2, 3, 2, 3, 1, 2, 1, 3, 2, 2, 2, 1, 2
chatcmpl-8Px92qI3HEMjfoSlxGqfRGrr4r0sL, 2, 1, 1, 1, 2, 2, 1, 2, 2, 1, 2, 1, 1, 1, 1, 1, 1, 2, 1, 1, 1, 2, 1, 1, 1, 1, 1, 1, 1, 1, 1, 1, 2, 1, 2, 1, 1, 1, 2, 1, 1, 1
chatcmpl-8PxBIgVvLd9NCRf3QbLGR165DR7QT, 2, 1, 2, 1, 2, 2, 1, 3, 2, 2, 3, 2, 2, 2, 1, 2, 1, 2, 1, 1, 2, 3, 1, 2, 1, 2, 2, 1, 2, 1, 2, 2, 2, 1, 2, 1, 2, 2, 2, 2, 1, 2
chatcmpl-8PxD9u0n2C1sC9prQDDCiiqEZRp5U, 2, 1, 1, 1, 2, 2, 1, 3, 2, 2, 2, 2, 2, 2, 1, 2, 1, 2, 1, 1, 2, 3, 1, 2, 1, 2, 2, 1, 2, 1, 2, 2, 2, 1, 2, 1, 2, 1, 2, 1, 1, 2
chatcmpl-8PxEI4pAb9dyroV5CKXWyQlO7wAyY, 2, 1, 1, 1, 3, 2, 1, 2, 2, 2, 2, 2, 1, 2, 1, 1, 1, 2, 1, 1, 1, 3, 1, 2, 1, 1, 2, 1, 2, 1, 2, 2, 2, 1, 2, 1, 1, 1, 2, 2, 1, 2
chatcmpl-8PxGY0wvuMKYkUfSFeabrgLkutqfQ, 2, 1, 2, 1, 2, 2, 1, 3, 2, 1, 2, 3, 2, 2, 1, 1, 2, 2, 1, 2, 1, 3, 1, 2, 1, 2, 2, 2, 3, 1, 2, 2, 3, 2, 2, 1, 1, 2, 2, 2, 1, 2
chatcmpl-8PxHpoP5oQoG5hzJtE1FGTQgbByze, 2, 1, 1, 1, 2, 2, 1, 3, 1, 2, 2, 3, 2, 2, 1, 1, 1, 2, 1, 1, 1, 2, 1, 1, 1, 2, 2, 1, 3, 1, 2, 2, 2, 1, 2, 1, 2, 1, 2, 1, 1, 2
chatcmpl-8PxJJKXLheurpmSPpTzohXm63JebM, 2, 1, 1, 1, 2, 2, 1, 3, 2, 1, 2, 1, 1, 2, 1, 1, 1, 2, 1, 1, 1, 2, 1, 1, 1, 1, 2, 1, 2, 1, 1, 2, 2, 1, 3, 1, 1, 1, 2, 1, 1, 2
chatcmpl-8PxKfxEZKZH8Sm2ZXogzVNR2lrKWU, 1, 1, 1, 1, 1, 1, 1, 1, 1, 1, 1, 1, 1, 1, 1, 1, 1, 1, 1, 1, 1, 1, 1, 1, 1, 1, 1, 1, 1, 1, 1, 1, 1, 1, 1, 1, 1, 1, 1, 1, 1, 1
chatcmpl-8PxMIoHx7eGF5Q7Fv02wbERJXCGOn, 1, 1, 2, 1, 1, 3, 1, 2, 2, 1, 2, 2, 2, 2, 1, 2, 1, 2, 1, 1, 1, 2, 1, 2, 1, 2, 2, 1, 2, 2, 2, 2, 3, 2, 2, 1, 2, 1, 2, 2, 1, 2
chatcmpl-8PxSnr7E2E8iuj2XVm0n0B20N4kyY, 2, 1, 1, 1, 2, 2, 1, 3, 2, 2, 2, 3, 2, 2, 1, 1, 1, 2, 1, 1, 2, 2, 1, 1, 1, 2, 2, 1, 1, 1, 1, 2, 2, 1, 2, 1, 1, 1, 2, 1, 1, 2
chatcmpl-8PxUbjY1Wtm5ShFvLvOk4escOjYYQ, 2, 1, 2, 1, 3, 2, 1, 2, 1, 2, 3, 3, 2, 2, 1, 2, 1, 2, 1, 1, 2, 3, 1, 3, 1, 2, 3, 2, 2, 1, 2, 2, 3, 2, 2, 1, 2, 2, 2, 1, 1, 3
chatcmpl-8PxW5sLeUCIdqjK59rURuTLDLMu8T, 2, 1, 1, 1, 2, 2, 1, 3, 2, 2, 2, 3, 2, 2, 1, 2, 2, 2, 1, 1, 2, 3, 1, 2, 1, 2, 2, 1, 3, 1, 3, 2, 3, 2, 2, 1, 2, 2, 2, 1, 1, 2
chatcmpl-8PxY7UJT5oiaa0WBuETVVUDwAgOD2, 2, 1, 2, 1, 3, 2, 1, 3, 2, 2, 2, 3, 2, 2, 1, 2, 2, 2, 1, 2, 2, 3, 1, 3, 1, 2, 2, 2, 2, 2, 2, 2, 3, 2, 2, 2, 2, 2, 2, 2, 1, 2
chatcmpl-8PxZy6iavje79qyYaRwL0soULNni4, 1, 1, 2, 1, 2, 2, 1, 3, 2, 2, 2, 2, 2, 2, 1, 2, 1, 2, 1, 1, 2, 3, 1, 2, 1, 2, 2, 1, 3, 1, 2, 2, 2, 2, 2, 1, 2, 2, 2, 1, 1, 2
chatcmpl-8PxeNZqCdP9GaDHo28Cd3n6MefUld, 1, 1, 1, 1, 2, 2, 1, 2, 1, 1, 2, 1, 1, 2, 1, 1, 1, 2, 1, 1, 1, 2, 1, 1, 1, 1, 2, 1, 1, 1, 1, 1, 1, 1, 1, 1, 1, 1, 2, 1, 1, 1
chatcmpl-8PxgcYEWECQqL2c9xWbzmJjJSq2uz, 2, 1, 2, 1, 3, 2, 1, 4, 3, 2, 3, 2, 3, 2, 1, 3, 3, 2, 2, 2, 3, 4, 1, 3, 2, 4, 2, 4, 4, 3, 3, 3, 3, 3, 3, 4, 3, 3, 3, 4, 2, 3
chatcmpl-8PxiuFzOYq3wsEsxWmojExDsZtOXr, 2, 1, 2, 1, 2, 3, 1, 3, 1, 2, 2, 3, 2, 1, 1, 2, 2, 2, 1, 1, 2, 3, 1, 2, 1, 2, 2, 1, 3, 1, 2, 2, 3, 2, 3, 1, 2, 2, 2, 1, 1, 2
chatcmpl-8PxkaPkeCZrTJRKPYNl5zNu1q3Ajr, 2, 1, 1, 1, 3, 2, 2, 3, 1, 1, 2, 2, 1, 2, 1, 1, 1, 2, 1, 1, 1, 3, 1, 1, 1, 1, 2, 2, 3, 1, 1, 2, 2, 1, 2, 1, 1, 1, 2, 1, 1, 1
chatcmpl-8PxmcGTH7auaFcpebpqYSdLDSQe5X, 2, 1, 2, 1, 1, 2, 1, 3, 2, 1, 2, 2, 2, 2, 1, 2, 2, 2, 1, 1, 1, 3, 1, 2, 1, 2, 2, 2, 3, 1, 2, 2, 3, 2, 2, 1, 2, 1, 2, 2, 1, 2
chatcmpl-8Pxp0r1wPIqh7d8r8jGbUXpshrY3k, 2, 1, 1, 1, 2, 2, 1, 3, 1, 2, 1, 2, 1, 2, 1, 1, 1, 1, 1, 1, 1, 2, 1, 1, 1, 1, 1, 1, 1, 1, 1, 1, 2, 1, 2, 1, 1, 1, 1, 1, 1, 1
chatcmpl-8PxpwAKrvsqmMBSRNhFmjA6BbuLPU, 1, 2, 1, 1, 2, 2, 1, 3, 1, 2, 2, 3, 1, 2, 1, 1, 1, 2, 1, 1, 1, 3, 1, 2, 1, 1, 1, 1, 1, 1, 1, 1, 1, 1, 1, 1, 1, 1, 2, 1, 1, 1
chatcmpl-8Pxu9UwYT0MMF6N7pKALu9xQqkeJZ, 2, 1, 1, 1, 2, 2, 1, 3, 1, 1, 2, 2, 2, 2, 1, 2, 1, 2, 1, 1, 1, 2, 1, 1, 1, 2, 2, 1, 1, 1, 1, 1, 2, 1, 1, 1, 1, 1, 2, 1, 1, 1
chatcmpl-8PyCvyqzoxPbm8rL0iEYN6oMKVvHj, 2, 1, 2, 1, 2, 2, 1, 3, 1, 1, 2, 2, 2, 2, 1, 2, 2, 2, 1, 1, 1, 3, 1, 2, 1, 2, 2, 1, 3, 1, 2, 2, 2, 2, 2, 1, 1, 1, 2, 1, 1, 2
chatcmpl-8PyF1dtRvxjVHX7ttrfE6QnlG6dwK, 2, 1, 1, 1, 2, 2, 1, 3, 2, 2, 3, 2, 2, 2, 1, 2, 1, 2, 1, 1, 1, 2, 1, 2, 1, 2, 2, 1, 1, 1, 2, 2, 2, 1, 2, 1, 1, 1, 2, 1, 1, 2
chatcmpl-8PyGPLUBnAJBmWLZdfTjBDC5sIGdw, 2, 1, 1, 1, 2, 2, 1, 3, 2, 2, 2, 2, 2, 2, 1, 2, 2, 2, 1, 1, 1, 2, 1, 2, 1, 2, 2, 1, 2, 1, 2, 2, 3, 2, 2, 1, 1, 1, 2, 1, 1, 2
chatcmpl-8PyHqXDa2nglp7uIJJQG1Y0dFkxOq, 3, 2, 3, 2, 2, 3, 2, 4, 3, 3, 2, 2, 4, 2, 2, 3, 3, 2, 2, 3, 3, 4, 2, 3, 2, 4, 3, 4, 3, 3, 3, 3, 4, 3, 3, 4, 3, 4, 3, 3, 3, 2
chatcmpl-8PyJtMnng7PQFP2kSeAJ2Az9j4md9, 2, 1, 1, 1, 2, 2, 1, 3, 2, 2, 2, 2, 1, 2, 1, 1, 2, 2, 1, 2, 2, 3, 1, 2, 1, 1, 2, 2, 2, 2, 2, 2, 2, 2, 2, 2, 2, 2, 2, 2, 1, 2
chatcmpl-8PyNjlyLBryt5QwVsiPRW6MIqpkTw, 2, 1, 1, 1, 2, 2, 1, 3, 2, 2, 2, 2, 1, 1, 1, 1, 1, 2, 1, 1, 1, 2, 1, 1, 1, 1, 1, 1, 2, 1, 1, 1, 2, 1, 2, 1, 1, 1, 2, 1, 1, 1
chatcmpl-8PyPRXpAkRWbZKIrbAQ7TcfgReus9, 1, 1, 2, 1, 2, 1, 1, 3, 1, 1, 1, 2, 2, 1, 1, 1, 1, 1, 1, 1, 1, 1, 1, 2, 1, 2, 1, 1, 1, 1, 2, 1, 2, 1, 2, 1, 2, 1, 1, 1, 1, 1
chatcmpl-8PyQlO2SPEUhBFYCCWNbYU2amf5Zq, 2, 1, 1, 1, 3, 2, 1, 3, 1, 2, 3, 3, 2, 2, 1, 2, 2, 2, 1, 1, 2, 3, 1, 2, 1, 2, 2, 1, 3, 1, 2, 2, 2, 2, 2, 1, 2, 2, 3, 2, 1, 2
chatcmpl-8PySPtSVqRocTvTuNJKo2xhtPs9GF, 2, 1, 1, 1, 2, 2, 1, 3, 1, 1, 2, 2, 1, 1, 1, 1, 1, 2, 1, 1, 1, 3, 1, 1, 1, 1, 2, 1, 3, 1, 1, 1, 2, 1, 2, 1, 1, 1, 1, 1, 1, 1
chatcmpl-8PyTr6HzTYwfop4BWB2OfVGNm4g9j, 2, 1, 1, 1, 2, 2, 1, 3, 2, 1, 2, 2, 1, 2, 1, 1, 1, 2, 1, 1, 1, 2, 1, 1, 1, 1, 2, 1, 2, 1, 1, 2, 2, 1, 2, 1, 1, 1, 2, 1, 1, 2
chatcmpl-8PyVCXCFCYfldDt7s0wGX9lWI9ExR, 2, 1, 1, 1, 2, 2, 1, 3, 2, 1, 2, 2, 2, 2, 1, 2, 2, 2, 1, 1, 1, 3, 1, 2, 1, 2, 2, 1, 2, 1, 2, 2, 2, 2, 2, 1, 2, 1, 2, 1, 1, 2
chatcmpl-8PyWyuvkkX1lIgKXmPmIX1aDEE5FO, 2, 1, 2, 1, 2, 2, 1, 3, 2, 2, 2, 3, 2, 2, 1, 2, 1, 2, 1, 1, 2, 3, 1, 2, 1, 2, 2, 2, 2, 1, 2, 2, 3, 1, 2, 1, 2, 2, 2, 2, 1, 2
chatcmpl-8PyaVwo5t9Tdxvgw7WGW5UiFTpo0f, 1, 1, 1, 1, 3, 1, 1, 3, 2, 1, 1, 1, 1, 2, 1, 1, 1, 1, 1, 1, 1, 2, 1, 1, 1, 1, 1, 1, 1, 1, 1, 1, 1, 1, 1, 1, 1, 1, 1, 1, 1, 1
chatcmpl-8PycchZPjNs5CcJYaeWWR8io0UYcU, 2, 1, 1, 1, 2, 2, 1, 3, 2, 1, 2, 3, 1, 2, 1, 1, 1, 2, 1, 1, 1, 2, 1, 1, 1, 2, 2, 1, 2, 1, 1, 3, 2, 1, 3, 1, 1, 1, 2, 2, 1, 1
chatcmpl-8Pye7I4O0UDrLDFWAagdQ2vedkRil, 1, 1, 1, 1, 2, 2, 1, 3, 2, 1, 2, 2, 1, 2, 1, 1, 1, 2, 1, 1, 1, 3, 1, 1, 1, 1, 1, 1, 2, 1, 1, 2, 2, 1, 2, 1, 1, 1, 2, 1, 1, 1
chatcmpl-8PyffydBkemF2WIvnAOZ8z693nTER, 2, 2, 3, 1, 2, 2, 1, 3, 2, 2, 2, 3, 3, 2, 1, 3, 3, 2, 1, 2, 3, 3, 1, 3, 2, 3, 2, 3, 3, 2, 3, 2, 3, 3, 2, 3, 3, 3, 2, 2, 1, 2
chatcmpl-8Pyk1a6P1GFP7nuEGMom9TcGUOriG, 2, 2, 2, 1, 2, 3, 1, 3, 2, 2, 2, 2, 2, 2, 1, 2, 2, 2, 1, 1, 2, 3, 1, 3, 1, 2, 2, 3, 3, 2, 2, 2, 3, 2, 2, 1, 2, 2, 2, 3, 1, 2
chatcmpl-8PymABKAZWkJQpaAd9j0bBb1654Lw, 2, 1, 1, 1, 2, 2, 1, 3, 1, 2, 2, 1, 1, 2, 1, 1, 1, 1, 1, 1, 1, 1, 1, 1, 1, 1, 1, 1, 2, 1, 1, 1, 1, 1, 1, 1, 1, 1, 1, 1, 1, 1
chatcmpl-8PynewXDLEXnqdO9hCUawQocvEEUd, 2, 1, 1, 1, 2, 3, 1, 3, 2, 1, 2, 2, 1, 2, 1, 1, 1, 2, 1, 1, 2, 3, 1, 1, 1, 1, 3, 1, 3, 2, 1, 2, 2, 1, 2, 1, 1, 1, 2, 1, 1, 2
chatcmpl-8Pyp4D9ZSAbLk48Q4TnoeK2umNBb3, 2, 1, 2, 1, 2, 1, 1, 2, 2, 1, 2, 2, 1, 2, 1, 1, 1, 2, 1, 1, 1, 2, 1, 1, 1, 1, 2, 1, 2, 1, 2, 2, 2, 1, 2, 1, 1, 1, 2, 1, 1, 1
chatcmpl-8PyswIijrSOBAZOoTmW48EFc6O4A2, 2, 1, 2, 1, 2, 2, 1, 3, 2, 1, 2, 3, 2, 2, 1, 2, 1, 2, 1, 2, 1, 3, 1, 2, 1, 2, 2, 2, 2, 2, 2, 2, 3, 1, 2, 2, 2, 1, 2, 2, 1, 2
chatcmpl-8PyxHmHoOa1PfX6wdwUy4CPwhVmyJ, 2, 1, 2, 1, 3, 2, 1, 4, 2, 2, 3, 2, 2, 2, 1, 2, 2, 2, 1, 1, 2, 3, 1, 2, 1, 2, 2, 2, 3, 2, 2, 2, 3, 2, 2, 1, 2, 2, 2, 2, 1, 2
chatcmpl-8PyyOWumBtf2YsqXTRomVnxMaSlyH, 1, 2, 1, 1, 3, 2, 1, 3, 1, 1, 2, 2, 1, 2, 1, 1, 1, 2, 2, 1, 1, 2, 1, 2, 1, 1, 2, 1, 2, 1, 1, 2, 2, 1, 2, 1, 1, 1, 2, 1, 1, 2
chatcmpl-8Pz0BXL8JNR22uSL66nTkLCGhmvdd, 2, 1, 1, 1, 3, 2, 1, 3, 2, 1, 2, 2, 1, 2, 1, 1, 1, 2, 1, 1, 1, 3, 1, 1, 1, 1, 2, 1, 3, 1, 1, 2, 2, 1, 2, 1, 1, 1, 2, 1, 1, 1
chatcmpl-8Pz6jj0Fd1Sgm5vS5Kk3iuRNcBMiO, 2, 1, 2, 1, 2, 1, 1, 3, 2, 1, 2, 2, 1, 2, 1, 1, 1, 2, 1, 1, 1, 2, 1, 2, 1, 1, 2, 1, 2, 1, 1, 2, 2, 1, 2, 1, 1, 1, 1, 1, 1, 2
chatcmpl-8Pz8eJGcYEFSdGlY76WvbtHuVyvrZ, 2, 1, 2, 1, 2, 2, 1, 3, 2, 2, 3, 2, 1, 2, 1, 1, 1, 2, 1, 1, 1, 3, 1, 2, 1, 1, 2, 2, 3, 1, 2, 2, 2, 1, 2, 1, 1, 1, 2, 1, 1, 2
chatcmpl-8PzAlZIahkeNW7fV2UqQfJW7ys4R7, 2, 1, 2, 1, 3, 2, 1, 3, 3, 2, 2, 3, 2, 2, 1, 2, 2, 2, 1, 1, 2, 3, 1, 2, 1, 2, 2, 1, 3, 1, 2, 2, 3, 2, 2, 1, 2, 2, 2, 2, 1, 3
chatcmpl-8PzFCgGYGmzdW0kBkWbbGW4yVaRE1, 2, 1, 1, 1, 2, 2, 1, 3, 1, 1, 2, 1, 1, 1, 1, 1, 1, 1, 1, 1, 1, 1, 1, 1, 1, 1, 1, 1, 1, 1, 1, 1, 2, 1, 1, 1, 1, 1, 1, 1, 1, 2
chatcmpl-8PzGkwiJEJ28hAYJr7ba8FPLJVTJ2, 2, 1, 1, 2, 3, 2, 1, 3, 3, 2, 2, 3, 1, 2, 1, 1, 1, 2, 1, 1, 2, 3, 1, 2, 1, 1, 2, 1, 2, 1, 2, 2, 3, 1, 2, 1, 1, 1, 2, 1, 1, 2
chatcmpl-8PzHzylfycd5L7srxTgcnyP1Eq2rm, 2, 1, 1, 1, 2, 2, 1, 2, 1, 1, 2, 2, 1, 2, 1, 1, 1, 2, 1, 1, 1, 3, 1, 1, 1, 1, 2, 1, 2, 1, 1, 2, 2, 1, 2, 1, 1, 3, 2, 1, 1, 2
chatcmpl-8PzJ9T4MQWWU7weVnOAMb0oEtIKkd, 2, 1, 2, 1, 2, 2, 1, 3, 2, 2, 2, 3, 2, 2, 1, 2, 1, 2, 1, 1, 2, 3, 1, 2, 1, 2, 2, 1, 2, 1, 2, 2, 3, 2, 2, 1, 2, 2, 2, 1, 1, 3
chatcmpl-8PzKbj8Kd3XAVFiXksokGBxt8CP88, 1, 1, 1, 1, 3, 2, 1, 3, 2, 1, 2, 2, 1, 1, 1, 1, 1, 2, 1, 1, 1, 3, 1, 2, 1, 1, 2, 1, 3, 1, 1, 1, 2, 1, 2, 1, 1, 1, 2, 1, 1, 2
chatcmpl-8PzMaCutB13BoolVFL3092XmP6yWT, 2, 1, 2, 1, 1, 2, 1, 3, 2, 2, 2, 2, 2, 2, 1, 3, 3, 2, 1, 1, 2, 2, 1, 2, 1, 2, 2, 1, 3, 1, 2, 2, 3, 3, 2, 1, 3, 3, 2, 2, 1, 2
chatcmpl-8PzNzpxpd89XaZqECSIODkEjWzybl, 2 , 1 , 2 , 1 , 1 , 2 , 1 , 3 , 2 , 2 , 2 , 2 , 1 , 1 , 1 , 1 , 1 , 2 , 1 , 1 , 1 , 3 , 1 , 1 , 1 , 1 , 2 , 1 , 2 , 1 , 2 , 2 , 2 , 1 , 1 , 1 , 2 , 1 , 2 , 1 , 1 , 2 
chatcmpl-8PzP5W5xMLkEkDhk0NWQVB2Jlo4AJ, 2, 1, 1, 1, 1, 1, 1, 3, 1, 1, 1, 1, 1, 1, 1, 1, 1, 1, 1, 1, 1, 1, 1, 1, 1, 1, 1, 1, 1, 1, 1, 1, 1, 1, 1, 1, 1, 1, 1, 1, 1, 1
chatcmpl-8PzQo4oZadxrzpuJYCN3h6hFQH3Nz, 2, 1, 2, 1, 3, 2, 1, 3, 2, 2, 2, 3, 3, 2, 1, 3, 2, 2, 1, 2, 2, 3, 1, 3, 1, 3, 2, 3, 3, 2, 3, 3, 3, 2, 2, 2, 2, 2, 2, 2, 1, 3
chatcmpl-8PzVEitE0iKWfUbkRlJBQ9VhGWJQx, 2, 1, 1, 1, 3, 2, 1, 3, 1, 1, 2, 2, 2, 2, 1, 2, 1, 2, 1, 1, 1, 3, 1, 2, 1, 2, 2, 1, 2, 1, 2, 2, 2, 1, 2, 1, 1, 1, 2, 1, 1, 3
chatcmpl-8PzWGOdBvRYyqRFiDy8N6dnRrIkz3, 1, 2, 2, 1, 3, 2, 1, 4, 1, 2, 2, 2, 2, 2, 1, 2, 2, 2, 1, 1, 1, 3, 1, 2, 1, 2, 2, 1, 2, 1, 3, 2, 3, 2, 2, 1, 1, 2, 2, 1, 1, 2
chatcmpl-8PzXZHdlipfavTn8rsIwG8jj3Ikz5, 2, 1, 1, 1, 3, 1, 1, 3, 1, 2, 2, 2, 1, 2, 1, 1, 1, 2, 1, 1, 1, 3, 1, 2, 1, 1, 2, 1, 2, 1, 1, 2, 2, 1, 2, 1, 1, 1, 1, 1, 1, 2
chatcmpl-8PzYZ77MCWh7uipXFfwotyf3K7CXm, 2, 1, 3, 1, 2, 1, 1, 3, 2, 1, 2, 1, 2, 1, 1, 1, 1, 1, 1, 1, 1, 2, 1, 1, 1, 2, 2, 1, 2, 1, 2, 2, 3, 1, 2, 1, 2, 1, 2, 1, 1, 2
chatcmpl-8PzZjGjlyohtOFiYsfM3zFK7hfBA2, 1, 1, 1, 1, 2, 2, 1, 3, 1, 1, 2, 2, 1, 1, 1, 1, 1, 2, 1, 1, 1, 2, 1, 1, 1, 1, 2, 1, 2, 1, 1, 2, 2, 1, 2, 1, 1, 1, 2, 1, 1, 1
chatcmpl-8PzdeupWcx7IOZR9vGVsGhBdDh3Q0, 2, 1, 2, 1, 3, 2, 1, 3, 2, 2, 2, 3, 1, 2, 1, 2, 1, 2, 1, 1, 2, 2, 1, 2, 1, 2, 2, 1, 2, 1, 2, 2, 2, 1, 2, 1, 2, 1, 2, 1, 1, 2
chatcmpl-8PzfgswEV70EsZx84AakC0rucwqkU, 2, 1, 1, 1, 2, 2, 1, 3, 1, 2, 2, 2, 1, 2, 1, 1, 1, 2, 1, 1, 1, 2, 1, 1, 1, 1, 2, 2, 1, 1, 1, 2, 2, 1, 2, 1, 1, 1, 2, 1, 1, 1
chatcmpl-8PzhjUmRpXGbhRzv3Zi2la8HrCR8H, 2, 1, 1, 1, 1, 2, 1, 3, 3, 1, 2, 2, 1, 2, 1, 1, 1, 2, 1, 1, 1, 2, 1, 1, 1, 2, 2, 1, 1, 1, 1, 1, 1, 1, 1, 1, 1, 1, 2, 1, 1, 1
chatcmpl-8Pzjf9P8r6fnoqhr5vFsSwNZVx4Oo, 2, 1, 1, 1, 2, 2, 1, 3, 1, 2, 2, 3, 1, 1, 1, 2, 1, 2, 1, 1, 1, 2, 1, 2, 1, 2, 2, 2, 3, 1, 2, 2, 2, 1, 2, 1, 1, 1, 2, 1, 1, 2
chatcmpl-8PzlrJ7js9HH1H6GMtqNFyrSE1pS4, 2, 1, 2, 1, 1, 2, 1, 3, 1, 1, 2, 2, 2, 1, 1, 2, 1, 2, 1, 1, 1, 2, 1, 2, 1, 2, 2, 1, 2, 1, 1, 2, 1, 1, 2, 1, 1, 1, 1, 1, 1, 1
chatcmpl-8Pzn89toruzkngmGoODhj6ytrTSfL, 2, 1, 1, 1, 2, 2, 1, 2, 1, 1, 2, 3, 2, 2, 1, 1, 1, 2, 1, 1, 1, 2, 1, 2, 1, 2, 2, 1, 1, 1, 1, 1, 2, 1, 1, 1, 1, 1, 2, 1, 1, 1
chatcmpl-8PzoFa1RgyWwrjSq0P1lSAJcs2znr, 2, 2, 1, 1, 2, 2, 1, 3, 1, 2, 3, 2, 2, 2, 1, 2, 1, 2, 1, 1, 2, 3, 1, 2, 1, 2, 2, 1, 3, 1, 2, 2, 3, 1, 2, 1, 1, 1, 2, 1, 1, 2
chatcmpl-8PzpdbIa0nMTBSKXyNP3itPbUPDOe, 2, 1, 1, 1, 3, 2, 1, 3, 2, 1, 3, 3, 1, 2, 1, 2, 1, 2, 1, 1, 1, 2, 1, 2, 1, 2, 2, 2, 3, 1, 2, 2, 3, 1, 2, 1, 1, 2, 2, 1, 1, 2
chatcmpl-8PzqpPQ5ZBQbKcwgZFrYv0vt9KLHh, 2, 1, 2, 1, 1, 2, 1, 3, 1, 1, 1, 2, 2, 2, 1, 2, 1, 2, 1, 1, 1, 2, 1, 2, 1, 2, 1, 1, 2, 1, 2, 2, 1, 1, 2, 1, 1, 1, 2, 1, 1, 1
chatcmpl-8Q0McjXybUVX2eMY3pJ3ipAZU99SF, 2, 1, 2, 1, 3, 2, 1, 3, 2, 2, 2, 2, 1, 2, 1, 2, 1, 2, 1, 1, 2, 3, 1, 2, 1, 1, 2, 1, 2, 1, 2, 2, 2, 1, 2, 1, 1, 1, 2, 2, 1, 2
chatcmpl-8Q0OJcAMq5QgdqpwbvApizmQqlezV, 2, 2, 1, 1, 3, 2, 1, 3, 2, 2, 2, 3, 2, 2, 1, 3, 3, 2, 1, 1, 2, 3, 1, 2, 1, 2, 2, 2, 2, 1, 3, 2, 3, 3, 2, 1, 2, 2, 2, 1, 1, 3
chatcmpl-8Q0RpSMKAnh1AeVtbx2q5PXGveu5d, 3, 2, 4, 2, 3, 2, 2, 4, 3, 3, 3, 3, 3, 2, 2, 4, 3, 2, 2, 3, 3, 4, 2, 4, 3, 3, 3, 4, 3, 3, 3, 2, 3, 3, 3, 4, 3, 4, 3, 3, 2, 3
chatcmpl-8Q0TsbphTAiEZcXR36x1BT75jJH8e, 2, 1, 2, 1, 3, 2, 1, 3, 2, 2, 2, 3, 1, 2, 1, 1, 1, 2, 1, 1, 1, 2, 1, 2, 1, 1, 2, 1, 2, 1, 1, 2, 2, 1, 2, 1, 1, 1, 2, 1, 1, 2
chatcmpl-8Q0V03HhrBwblGzsc1iFx24eupwcT, 2, 1, 2, 1, 2, 2, 1, 3, 2, 2, 2, 1, 3, 2, 1, 2, 2, 2, 1, 1, 2, 2, 1, 2, 1, 3, 2, 1, 2, 1, 2, 2, 2, 2, 2, 1, 3, 2, 2, 2, 1, 2
chatcmpl-8Q0Zlk4NWOXuf4dyGZeYUk0nRVtQZ, 2, 1, 2, 1, 3, 2, 1, 3, 1, 2, 2, 3, 2, 2, 1, 2, 2, 2, 1, 1, 2, 3, 1, 2, 1, 2, 2, 1, 3, 1, 2, 3, 3, 2, 3, 1, 2, 2, 2, 1, 1, 2
chatcmpl-8Q0anTzyH7EAiD8cZQ0C8MGPfw68R, 2, 2, 2, 1, 3, 2, 1, 3, 2, 2, 2, 3, 2, 2, 1, 2, 2, 2, 2, 2, 2, 3, 1, 2, 1, 2, 2, 3, 2, 2, 2, 2, 3, 2, 2, 2, 2, 2, 2, 2, 1, 2
chatcmpl-8Q0cInCfQ4pSpTKENjB21qNRsce9t, 2, 1, 1, 1, 2, 2, 1, 3, 1, 1, 2, 2, 1, 1, 1, 1, 1, 2, 1, 1, 1, 2, 1, 1, 1, 1, 1, 1, 1, 1, 1, 1, 1, 1, 1, 1, 1, 1, 1, 1, 1, 1
chatcmpl-8Q0dj6wJlFH4AKmkxFLlDGFlzoxMi, 2, 1, 2, 1, 3, 2, 1, 3, 2, 2, 2, 3, 2, 2, 1, 2, 2, 2, 1, 1, 2, 3, 1, 2, 1, 2, 2, 1, 2, 1, 2, 2, 3, 2, 2, 1, 2, 2, 2, 1, 1, 2
chatcmpl-8Q0ezivxMLAgMJVSoiMqDFska8pkd, 2, 1, 2, 1, 2, 2, 1, 3, 2, 2, 2, 3, 2, 2, 1, 2, 1, 2, 1, 1, 2, 3, 1, 2, 1, 2, 2, 1, 2, 1, 2, 2, 2, 1, 2, 1, 2, 2, 2, 2, 1, 2
chatcmpl-8Q0guNcI55fksJtuPAFud8wsNsdGj, 2, 1, 1, 1, 2, 2, 1, 3, 1, 1, 2, 2, 1, 2, 1, 1, 1, 2, 1, 1, 1, 2, 1, 1, 1, 1, 2, 1, 2, 1, 2, 2, 2, 1, 2, 1, 1, 1, 2, 1, 1, 2
chatcmpl-8Q0l9Q09GmHZbq4QUo0T9yhyeBC53, 2, 1, 1, 1, 2, 2, 1, 3, 2, 1, 2, 2, 1, 2, 1, 1, 1, 2, 1, 1, 1, 2, 1, 1, 1, 1, 1, 1, 2, 1, 2, 2, 2, 1, 2, 1, 1, 1, 2, 1, 1, 2
chatcmpl-8Q0nL3qQapQwr76lmxeSaXCDdhpUK, 1, 1, 1, 1, 2, 2, 1, 3, 1, 1, 1, 2, 1, 1, 1, 1, 1, 1, 1, 1, 1, 1, 1, 1, 1, 1, 1, 1, 1, 1, 1, 1, 1, 1, 1, 1, 1, 1, 1, 1, 1, 1
chatcmpl-8Q0pcRH7UroIPwVLQjrxlE7y1ohZp, 2, 1, 1, 1, 2, 2, 1, 3, 2, 1, 2, 1, 1, 2, 1, 1, 1, 2, 1, 1, 1, 2, 1, 1, 1, 1, 1, 1, 2, 1, 1, 1, 1, 1, 1, 1, 1, 1, 1, 1, 1, 1
chatcmpl-8Q0rT4HHBx3jb0GBdNgjvNChH37Io, 2, 1, 2, 1, 3, 2, 1, 3, 2, 2, 2, 3, 2, 2, 1, 3, 3, 2, 1, 2, 3, 3, 1, 3, 1, 3, 2, 3, 2, 2, 3, 3, 3, 3, 3, 2, 3, 3, 2, 2, 1, 2
chatcmpl-8Q0v4ilGgK2jnmjrglDOLf1vM8Q83, 1, 1, 2, 1, 2, 2, 1, 3, 2, 2, 1, 2, 1, 1, 1, 2, 1, 1, 1, 1, 1, 2, 1, 2, 1, 1, 1, 1, 2, 1, 2, 1, 2, 1, 1, 1, 1, 1, 2, 1, 1, 2
chatcmpl-8Q0wP4mu36JGZ6fjo9iJ3jBgchhrk, 1, 1, 1, 1, 2, 2, 1, 3, 1, 1, 2, 2, 1, 2, 1, 1, 1, 2, 1, 1, 1, 2, 1, 1, 1, 1, 1, 1, 1, 1, 1, 1, 1, 1, 1, 1, 1, 1, 1, 1, 1, 1
chatcmpl-8Q0yReoloxUuLGNWW9teDeQD5gjDT, 2, 1, 2, 1, 2, 2, 1, 3, 2, 2, 2, 3, 2, 2, 1, 2, 1, 2, 1, 1, 2, 3, 1, 2, 1, 2, 2, 1, 2, 1, 2, 2, 2, 1, 2, 1, 1, 1, 2, 1, 1, 2
chatcmpl-8Q132FlCsgMw576H001VUn7xOBCtU, 2, 1, 1, 1, 2, 2, 1, 3, 2, 1, 2, 3, 1, 1, 1, 1, 1, 2, 1, 1, 1, 2, 1, 1, 1, 1, 2, 2, 2, 1, 1, 2, 2, 1, 2, 1, 1, 1, 2, 1, 1, 2
chatcmpl-8Q16fvrr6lReDVgy2WUirWPNBZIDC, 2, 1, 2, 1, 2, 3, 1, 4, 2, 2, 2, 3, 2, 2, 1, 2, 2, 3, 1, 1, 2, 3, 1, 2, 1, 3, 3, 3, 3, 1, 2, 3, 3, 2, 3, 1, 2, 2, 3, 2, 1, 2
chatcmpl-8Q17tQaIH2K8jhL9lbfNQQy9WIEDE, 3, 2, 3, 2, 3, 2, 2, 3, 3, 3, 3, 3, 3, 2, 2, 3, 2, 2, 2, 2, 3, 3, 2, 3, 2, 3, 2, 3, 3, 3, 3, 2, 3, 2, 2, 3, 3, 3, 2, 3, 2, 3
chatcmpl-8Q1A9pDBFonFwR0diIbJMI29QVsWB, 2, 1, 1, 1, 2, 2, 1, 3, 1, 1, 2, 2, 1, 2, 1, 1, 1, 2, 1, 1, 1, 3, 1, 1, 1, 1, 2, 1, 2, 1, 2, 1, 2, 1, 2, 1, 1, 1, 2, 1, 1, 2
chatcmpl-8Q1BOw2bmtOec5FDNvd73J6oqBZkS, 2, 1, 2, 1, 2, 2, 1, 3, 2, 1, 2, 3, 2, 2, 1, 2, 2, 2, 1, 1, 2, 2, 1, 3, 1, 2, 2, 2, 3, 2, 2, 2, 3, 2, 2, 1, 2, 2, 2, 2, 1, 2
chatcmpl-8Q1CfU3RYtt5jgTK4cR1P8v8kCtp1, 1, 1, 2, 1, 1, 1, 1, 3, 1, 1, 1, 1, 1, 1, 1, 1, 1, 1, 1, 1, 1, 1, 1, 1, 1, 1, 1, 1, 1, 1, 1, 1, 1, 1, 1, 1, 1, 1, 1, 1, 1, 1
chatcmpl-8Q1Dw7iSPwSYgjpicgjweHsM3cnWf, 2, 1, 2, 1, 3, 2, 1, 3, 2, 2, 2, 3, 2, 2, 1, 2, 1, 2, 1, 1, 2, 3, 1, 2, 1, 2, 2, 1, 3, 1, 2, 2, 3, 1, 2, 1, 2, 1, 2, 2, 1, 2
chatcmpl-8Q1FGJgr2HQGdxX44HCsFhmIl49SX, 1, 1, 1, 1, 2, 2, 1, 3, 1, 1, 1, 2, 1, 1, 1, 1, 1, 1, 1, 1, 1, 2, 1, 1, 1, 1, 2, 1, 2, 1, 1, 1, 2, 1, 1, 1, 1, 1, 2, 1, 1, 2
chatcmpl-8Q1Gqi1xIAnMo0WTwK8WAaD8eG9nx, 2, 1, 2, 1, 3, 2, 1, 3, 2, 1, 2, 2, 1, 2, 1, 1, 1, 3, 1, 1, 1, 2, 1, 2, 1, 1, 2, 1, 2, 1, 2, 3, 2, 1, 3, 1, 1, 1, 2, 1, 1, 2
chatcmpl-8Q1Ihx6PEkIjXuhg5y8RAaKa3aK9g, 1, 1, 1, 1, 2, 2, 1, 2, 2, 1, 2, 2, 1, 2, 1, 1, 1, 2, 1, 1, 1, 3, 1, 1, 1, 1, 2, 1, 2, 1, 1, 2, 2, 1, 2, 1, 1, 1, 2, 1, 1, 2
chatcmpl-8Q1KWrxSkhAQC7QBk8cv5rC2V8ZL9, 2, 1, 1, 1, 2, 2, 1, 3, 2, 1, 2, 2, 1, 2, 1, 1, 1, 2, 1, 1, 1, 2, 1, 1, 1, 1, 2, 1, 2, 1, 1, 1, 1, 1, 1, 1, 1, 1, 2, 1, 1, 1
chatcmpl-8Q1O2vG9ahBPr2ZgAKUsEp6bOZkrP, 2, 1, 1, 1, 2, 2, 1, 3, 1, 1, 2, 1, 1, 1, 1, 1, 1, 2, 1, 1, 1, 2, 1, 1, 1, 1, 2, 1, 2, 1, 1, 2, 2, 1, 2, 1, 1, 1, 2, 1, 1, 2
chatcmpl-8Q1Q3Hs7z6LptyifkbH9QPezLP37T, 2, 1, 2, 1, 2, 2, 1, 3, 1, 2, 2, 1, 2, 1, 1, 2, 2, 2, 1, 1, 2, 3, 1, 2, 1, 2, 2, 1, 3, 1, 2, 2, 2, 2, 2, 1, 2, 2, 2, 1, 1, 2
chatcmpl-8Q1R5OPkZU4m1ojYpTNRjRv1SPhJj, 2, 1, 1, 1, 2, 2, 1, 3, 1, 1, 2, 2, 1, 2, 1, 2, 1, 2, 1, 1, 1, 3, 1, 2, 1, 1, 2, 1, 2, 1, 2, 2, 2, 1, 2, 1, 2, 1, 2, 1, 1, 2
chatcmpl-8Q1T5ixexjhjHp74KTMi10LEmQnKI, 2, 1, 2, 1, 3, 2, 1, 3, 2, 2, 2, 2, 2, 2, 1, 2, 2, 2, 1, 1, 2, 3, 1, 2, 1, 2, 2, 1, 3, 1, 2, 2, 3, 2, 2, 1, 2, 2, 2, 1, 1, 2
chatcmpl-8Q1VIR9wpVn9iZacBb5vkiHWOmsRv, 2, 1, 2, 1, 3, 2, 1, 2, 1, 1, 2, 3, 1, 2, 1, 1, 1, 2, 1, 1, 1, 3, 1, 1, 1, 1, 2, 1, 1, 1, 2, 2, 2, 1, 2, 1, 1, 1, 2, 1, 1, 1
chatcmpl-8Q1WG0wiuLrH1KGiRn5B7suTr2ssn, 2, 1, 1, 1, 1, 1, 1, 3, 1, 1, 1, 2, 1, 1, 1, 1, 1, 1, 1, 1, 1, 1, 1, 1, 1, 1, 1, 1, 1, 1, 1, 1, 1, 1, 1, 1, 1, 1, 1, 1, 1, 1
chatcmpl-8Q1XPa7B9MAXbu3H0h9fQ2REuVQQS, 2, 1, 1, 1, 3, 2, 1, 3, 2, 2, 2, 3, 1, 2, 1, 1, 1, 2, 1, 1, 2, 3, 1, 1, 1, 1, 2, 1, 2, 1, 1, 2, 2, 1, 2, 1, 2, 2, 2, 1, 1, 2
chatcmpl-8Q1YCv4iSkcsSagg8JtWush0wiTKt, 1, 1, 1, 1, 3, 2, 1, 2, 2, 1, 2, 2, 1, 1, 1, 1, 1, 1, 1, 2, 1, 2, 1, 1, 1, 1, 1, 1, 2, 1, 1, 2, 1, 1, 2, 1, 1, 1, 1, 1, 1, 1
chatcmpl-8Q1Ze8ARaM69f1glCxnHR8hzKXiep, 2, 1, 2, 1, 2, 2, 1, 3, 2, 2, 2, 4, 2, 2, 1, 3, 2, 2, 2, 1, 2, 3, 1, 3, 1, 2, 2, 2, 3, 1, 2, 2, 3, 2, 2, 1, 3, 3, 2, 3, 1, 2
chatcmpl-8Q1bXy7Zd5NQWbF54rctKZNBOJi4f, 2, 1, 2, 1, 3, 2, 1, 3, 1, 2, 2, 2, 2, 2, 1, 2, 1, 2, 1, 2, 2, 3, 1, 3, 1, 2, 2, 1, 2, 2, 2, 3, 2, 1, 2, 2, 2, 2, 2, 2, 1, 2
chatcmpl-8Q1dBGGIDQb45ESU2G7OiFRyUhvNH, 2, 1, 1, 1, 2, 2, 1, 3, 2, 2, 2, 3, 1, 2, 1, 2, 1, 2, 1, 1, 2, 2, 1, 2, 1, 1, 2, 1, 3, 1, 2, 2, 3, 1, 3, 1, 2, 2, 1, 1, 1, 2
chatcmpl-8Q1fF2XRTpkOwqEmWJhrA22qyqU9M, 2, 1, 2, 1, 3, 2, 1, 3, 2, 2, 2, 3, 2, 2, 1, 2, 2, 2, 1, 1, 2, 3, 1, 2, 1, 2, 2, 1, 3, 1, 2, 2, 3, 2, 2, 1, 2, 2, 2, 1, 1, 2
chatcmpl-8Q1gj9bMCuesJqjrbpKZGHfUUF577, 2, 1, 2, 1, 3, 2, 1, 3, 2, 2, 3, 2, 3, 2, 1, 2, 3, 2, 1, 1, 2, 3, 1, 3, 1, 3, 3, 3, 3, 2, 2, 2, 3, 3, 2, 1, 2, 2, 2, 2, 1, 3
chatcmpl-8Q1iMGgFxKIUSQ4T9leOqLFBxGqM0, 2, 1, 2, 1, 2, 2, 1, 3, 1, 2, 2, 2, 1, 2, 1, 2, 2, 2, 1, 1, 2, 3, 1, 2, 1, 1, 2, 1, 3, 1, 2, 2, 2, 1, 2, 1, 2, 1, 2, 1, 1, 2
chatcmpl-8Q1kOb0XARqs74nY67gM5uT1ABIS6, 2, 1, 2, 1, 3, 2, 1, 3, 2, 2, 2, 2, 1, 1, 1, 2, 1, 2, 1, 1, 2, 3, 1, 2, 1, 1, 2, 1, 3, 2, 2, 3, 3, 1, 3, 1, 2, 1, 2, 2, 1, 3
chatcmpl-8Q1lwG197BPIhfPSbwm6a7KCyH1yL, 2, 1, 1, 1, 2, 3, 1, 3, 2, 1, 2, 3, 2, 1, 1, 2, 1, 2, 1, 1, 1, 3, 1, 2, 1, 2, 3, 2, 3, 1, 2, 2, 3, 1, 2, 1, 1, 1, 2, 2, 1, 2
chatcmpl-8Q1nQma1cQWWgrHP3rmdT3J13m12N, 1, 1, 1, 1, 2, 2, 1, 4, 1, 1, 2, 2, 2, 1, 1, 1, 1, 2, 1, 1, 1, 3, 1, 2, 1, 2, 2, 1, 1, 1, 1, 2, 2, 1, 2, 1, 1, 1, 2, 1, 1, 2
chatcmpl-8Q1phva5PQZIShdijILnMPxybsE3c, 2, 1, 2, 1, 1, 2, 1, 3, 2, 1, 2, 3, 1, 2, 1, 1, 1, 2, 1, 1, 1, 2, 1, 1, 1, 1, 1, 1, 1, 1, 1, 1, 1, 1, 1, 1, 1, 1, 1, 1, 1, 1
chatcmpl-8Q1qgLeUIsmnrUlrm6RwK34ERoVr1, 2, 1, 3, 1, 2, 2, 1, 4, 2, 1, 2, 3, 3, 2, 1, 3, 3, 1, 1, 1, 2, 3, 1, 3, 1, 3, 2, 2, 3, 1, 3, 2, 3, 3, 2, 1, 3, 3, 2, 2, 1, 2
chatcmpl-8Q1vJUOwmgciU96JsB5j849nUntI1, 2, 1, 2, 1, 2, 2, 1, 3, 2, 3, 2, 2, 1, 2, 1, 2, 1, 2, 1, 1, 2, 3, 1, 2, 1, 1, 2, 1, 3, 1, 2, 2, 2, 1, 2, 1, 2, 1, 2, 1, 1, 2
chatcmpl-8Q1wf140CUp0lIa2y5Yqj7N5J8PPL, 1, 1, 2, 1, 2, 2, 1, 3, 2, 1, 2, 2, 1, 2, 1, 2, 1, 2, 1, 1, 1, 2, 1, 2, 1, 2, 2, 1, 2, 1, 2, 2, 2, 1, 2, 1, 1, 1, 2, 2, 1, 2
chatcmpl-8QCGYbTWCCfmo6Mk3dJFz3ylH7h3D, 1, 1, 1, 1, 2, 2, 1, 3, 1, 1, 2, 2, 1, 2, 1, 1, 1, 2, 1, 1, 1, 3, 1, 1, 1, 1, 1, 1, 1, 1, 1, 2, 2, 1, 2, 1, 1, 1, 1, 1, 1, 2
chatcmpl-8QCHPPbhFtNQIYbAWM3ZH51FMcwKt, 1, 1, 1, 1, 2, 2, 1, 3, 1, 1, 2, 2, 1, 2, 1, 1, 1, 2, 1, 1, 1, 2, 1, 1, 1, 1, 2, 1, 2, 1, 1, 2, 1, 1, 2, 1, 1, 1, 2, 1, 1, 2
chatcmpl-8QCIVJj4DES3wT7dEydlrydG4MLNT, 2, 1, 1, 1, 2, 2, 1, 3, 1, 1, 2, 3, 1, 2, 1, 1, 1, 2, 1, 1, 1, 3, 1, 2, 1, 1, 2, 1, 2, 1, 2, 3, 2, 1, 2, 1, 1, 1, 2, 1, 1, 2
chatcmpl-8QCJoL17BesuvlwF2nErdYWyK4vlS, 2, 1, 2, 1, 2, 2, 1, 3, 3, 2, 2, 3, 3, 2, 1, 3, 3, 2, 1, 2, 3, 3, 1, 4, 2, 4, 2, 4, 3, 2, 3, 2, 3, 3, 2, 4, 3, 4, 3, 3, 2, 2
chatcmpl-8QCL4N4S9UXO1SdEt6n79FuEiPUim, 2, 1, 1, 1, 2, 2, 1, 3, 2, 1, 2, 3, 1, 2, 1, 1, 1, 2, 1, 1, 1, 3, 1, 1, 1, 1, 2, 1, 2, 1, 1, 1, 2, 1, 2, 1, 1, 1, 2, 1, 1, 2
chatcmpl-8QCMhQaxDQ72QlM9I2WLv2mS06eIc, 2, 1, 2, 1, 2, 3, 1, 3, 2, 2, 2, 3, 2, 2, 1, 2, 1, 2, 1, 1, 2, 3, 1, 2, 1, 2, 2, 1, 2, 1, 2, 2, 3, 2, 2, 1, 2, 2, 2, 2, 1, 2
chatcmpl-8QCNgTqFR489E9ucI3bZ5I3cfnuqV, 2, 1, 2, 1, 2, 2, 1, 3, 2, 2, 2, 2, 2, 1, 1, 2, 2, 2, 1, 1, 2, 3, 1, 2, 1, 2, 2, 1, 1, 1, 3, 3, 2, 2, 1, 1, 1, 2, 2, 1, 1, 2
chatcmpl-8QCPGrmozQcgHhJFobTB7jukdVT7b, 1, 1, 1, 1, 2, 2, 1, 3, 1, 1, 2, 2, 1, 2, 1, 1, 1, 2, 1, 1, 1, 2, 1, 1, 1, 1, 2, 1, 1, 1, 1, 1, 2, 1, 1, 1, 1, 1, 2, 1, 1, 1
chatcmpl-8QCQemFL7fz1DZ7hFODbUFK9TfcSU, 2, 1, 1, 1, 3, 2, 1, 2, 2, 1, 2, 2, 1, 1, 1, 1, 1, 2, 1, 1, 1, 2, 1, 2, 1, 1, 2, 1, 1, 1, 2, 1, 2, 1, 1, 1, 2, 1, 1, 1, 1, 2
chatcmpl-8QCRVm2SwUZ65FYcVwNLmbfVrZl8B, 1, 1, 1, 1, 2, 1, 1, 3, 1, 1, 1, 2, 1, 1, 1, 1, 1, 1, 1, 1, 1, 2, 1, 1, 1, 1, 1, 1, 1, 1, 1, 1, 1, 1, 2, 1, 1, 1, 1, 1, 1, 1
chatcmpl-8QCSjHVBywFX6fWCQT1oneeJmThas, 2, 2, 2, 1, 3, 2, 1, 3, 2, 2, 2, 3, 2, 2, 1, 2, 1, 2, 2, 1, 2, 3, 2, 3, 1, 3, 2, 1, 2, 1, 2, 2, 3, 2, 2, 1, 2, 2, 2, 2, 2, 2
chatcmpl-8QCTvItELqmJyY4TZ8Ghj8Q6XKPFc, 1, 2, 1, 1, 3, 2, 1, 4, 2, 1, 2, 2, 1, 2, 1, 1, 1, 2, 1, 1, 1, 3, 1, 1, 1, 1, 1, 1, 2, 1, 1, 2, 2, 1, 2, 1, 1, 1, 2, 1, 1, 2
chatcmpl-8QCUq3krxWCG6BjyMihxAVVoptiSg, 2, 1, 2, 1, 3, 2, 1, 3, 1, 2, 2, 3, 2, 2, 1, 2, 2, 2, 1, 1, 2, 3, 1, 2, 1, 2, 2, 1, 3, 1, 2, 2, 2, 2, 2, 1, 2, 1, 2, 1, 1, 2
chatcmpl-8QCVilF5zwQHOBSOyDpa52EWRhaMr, 2, 1, 2, 1, 3, 2, 1, 4, 3, 2, 3, 3, 3, 2, 1, 3, 3, 3, 1, 2, 3, 3, 1, 3, 1, 3, 3, 2, 3, 2, 3, 3, 3, 3, 3, 2, 3, 3, 3, 3, 1, 3
chatcmpl-8QCXME9Rp6f4B69HrtAkuC8e561g6, 2, 1, 3, 1, 2, 2, 1, 3, 2, 2, 3, 2, 3, 3, 1, 3, 3, 2, 1, 2, 2, 3, 1, 2, 1, 3, 3, 2, 3, 2, 3, 3, 3, 2, 3, 2, 2, 2, 3, 2, 1, 2
chatcmpl-8QCZRJmpOpRfUVxA40AXBQZssgt2J, 2, 1, 2, 1, 3, 2, 1, 3, 2, 2, 2, 2, 2, 2, 1, 2, 1, 2, 1, 1, 2, 3, 1, 2, 1, 2, 2, 1, 2, 2, 2, 2, 2, 1, 2, 1, 2, 2, 2, 2, 1, 2
chatcmpl-8QCaM6NivMgQHG0i5JPXJ64vhCDpc, 2, 1, 1, 1, 4, 2, 1, 3, 3, 2, 3, 2, 2, 2, 1, 1, 2, 2, 1, 2, 1, 3, 1, 1, 1, 2, 2, 1, 2, 1, 2, 2, 2, 1, 2, 2, 2, 1, 2, 1, 1, 2
chatcmpl-8QCcFsnO5f1bHCWe1NUy3Lox96gQQ, 2, 1, 2, 1, 3, 1, 1, 3, 2, 2, 2, 3, 2, 2, 1, 2, 2, 2, 1, 1, 2, 3, 1, 2, 1, 2, 2, 1, 2, 1, 2, 2, 3, 2, 2, 1, 2, 2, 2, 1, 1, 3
chatcmpl-8QCdHLbDTwfu3Mxx3r396rTrWSTuJ, 1, 2, 1, 1, 2, 2, 1, 3, 2, 2, 2, 2, 1, 2, 1, 1, 1, 1, 1, 1, 1, 2, 1, 1, 1, 1, 2, 1, 2, 1, 1, 2, 2, 1, 2, 1, 1, 1, 2, 1, 1, 2
chatcmpl-8QCfRZ2MXSFdFLDzen9CTAz3MC00Q, 1, 1, 2, 1, 3, 2, 1, 3, 2, 2, 2, 3, 2, 2, 1, 2, 2, 2, 1, 1, 2, 3, 1, 2, 1, 2, 2, 1, 2, 1, 2, 2, 3, 2, 2, 1, 2, 2, 2, 2, 1, 2
chatcmpl-8QCgwKjbQ6MndGoyLrwPrjdpoTyHN, 2, 1, 1, 1, 2, 3, 2, 3, 2, 2, 2, 3, 2, 2, 1, 2, 1, 2, 2, 1, 2, 2, 1, 2, 1, 2, 2, 1, 2, 1, 2, 2, 3, 1, 2, 1, 2, 2, 3, 2, 1, 2
chatcmpl-8QCiRys0iY21Y47HFwNYENVvkQkeD, 2, 1, 1, 1, 2, 2, 1, 3, 1, 1, 2, 2, 2, 1, 1, 1, 1, 2, 1, 1, 1, 3, 1, 2, 1, 2, 2, 1, 2, 1, 2, 2, 2, 1, 1, 1, 1, 1, 2, 2, 1, 2
chatcmpl-8QCjvWThX4XM0Z1AU4DW84j5oudTH, 2, 1, 1, 1, 1, 2, 1, 3, 2, 1, 2, 2, 1, 2, 1, 1, 2, 2, 1, 1, 1, 2, 1, 1, 2, 1, 2, 1, 2, 1, 2, 2, 2, 2, 2, 1, 1, 1, 2, 1, 1, 2
chatcmpl-8QCoJMeCS61EO016eOeZZNWGx0IRM, 2, 1, 1, 1, 2, 2, 1, 2, 1, 1, 2, 3, 1, 1, 1, 1, 1, 2, 1, 1, 1, 2, 1, 1, 1, 1, 2, 1, 2, 1, 1, 2, 2, 1, 1, 1, 1, 1, 2, 1, 1, 2
chatcmpl-8QCpmO4SQPHERuv1Ru7Y0UmZ3n6m8, 2, 1, 2, 1, 3, 2, 1, 3, 1, 2, 2, 3, 2, 2, 1, 2, 2, 2, 1, 2, 2, 3, 1, 2, 1, 2, 2, 1, 2, 1, 2, 2, 3, 2, 2, 1, 2, 2, 2, 1, 1, 2
chatcmpl-8QCqajjaZ1chDYhJ8jzXLwJYFmPLy, 2, 1, 1, 1, 2, 2, 1, 2, 2, 1, 2, 3, 1, 1, 1, 2, 1, 2, 1, 1, 1, 2, 1, 1, 1, 1, 2, 1, 2, 1, 2, 1, 2, 1, 2, 1, 1, 1, 2, 1, 1, 2
chatcmpl-8QCru1K1bytHDelP2qBFtzq5fZQ9s, 2, 1, 1, 1, 2, 2, 1, 3, 2, 1, 2, 2, 2, 2, 1, 2, 1, 2, 1, 1, 1, 2, 1, 2, 1, 2, 2, 1, 2, 1, 1, 2, 2, 1, 2, 1, 1, 1, 2, 1, 1, 2
chatcmpl-8QCt8ksmSjAgJ4XHSdOVgwb27qVeI, 2, 1, 1, 1, 2, 2, 1, 3, 2, 1, 2, 3, 1, 1, 1, 1, 1, 2, 1, 1, 1, 2, 1, 1, 1, 1, 2, 1, 1, 1, 2, 2, 1, 1, 2, 1, 1, 1, 2, 2, 1, 2
chatcmpl-8QCuKXzrKJ0etQ4BAUmRjsHRitKhw, 2, 1, 2, 1, 2, 2, 1, 3, 2, 2, 2, 3, 2, 2, 1, 2, 2, 2, 1, 2, 2, 3, 1, 2, 1, 2, 2, 2, 2, 2, 2, 2, 3, 2, 2, 2, 2, 2, 2, 2, 1, 2
chatcmpl-8QCvoRko6tTgonjtvo5cIdycHbKIa, 2, 1, 2, 1, 3, 2, 1, 3, 2, 2, 2, 3, 2, 2, 1, 3, 2, 2, 1, 2, 3, 3, 1, 2, 2, 3, 2, 2, 2, 2, 2, 2, 3, 2, 2, 2, 3, 3, 2, 2, 1, 2
chatcmpl-8QCxOodMBKTL7AyBhIitWeqeU4gNG, 2, 1, 2, 1, 2, 2, 1, 3, 3, 2, 2, 3, 2, 2, 1, 2, 2, 2, 1, 2, 2, 3, 1, 3, 1, 2, 2, 3, 3, 2, 2, 2, 3, 2, 2, 2, 2, 2, 3, 3, 1, 2
chatcmpl-8QCzG6SuED9WoyOZwhtOs6ZuW4nZx, 2, 1, 2, 1, 3, 2, 1, 3, 2, 2, 2, 2, 2, 2, 1, 2, 1, 2, 1, 1, 1, 3, 1, 2, 1, 2, 2, 2, 2, 3, 2, 2, 3, 1, 2, 1, 1, 1, 2, 3, 1, 2
chatcmpl-8QD0TXLLAiIB38NpBXrNk6cbUQ8sZ, 2, 1, 1, 1, 2, 2, 1, 3, 2, 1, 1, 2, 2, 1, 1, 2, 1, 2, 1, 1, 1, 2, 1, 2, 1, 2, 2, 1, 2, 1, 2, 1, 3, 1, 1, 1, 1, 1, 2, 1, 1, 2
chatcmpl-8QD1UIIddXxN5jdi69gakCb5Y3fTV, 2, 1, 1, 1, 1, 1, 1, 3, 1, 1, 1, 1, 1, 1, 1, 1, 1, 1, 1, 1, 1, 1, 1, 1, 1, 1, 1, 1, 1, 1, 1, 1, 1, 1, 1, 1, 1, 1, 1, 1, 1, 1
chatcmpl-8QD29ZvX15ft9EEp674zuVTdv9zIS, 2, 1, 2, 1, 2, 2, 1, 3, 2, 2, 2, 2, 2, 2, 1, 2, 2, 2, 1, 1, 1, 2, 1, 2, 1, 2, 2, 1, 2, 1, 2, 2, 2, 2, 2, 1, 2, 1, 2, 1, 1, 2
chatcmpl-8QD3gUAlTFECAV3tukqcnijqFBnIW, 2, 1, 2, 1, 2, 2, 1, 3, 2, 2, 2, 3, 2, 2, 1, 2, 1, 2, 2, 1, 1, 3, 1, 2, 1, 2, 2, 1, 2, 2, 2, 2, 3, 2, 2, 1, 2, 1, 2, 2, 1, 2
chatcmpl-8QD53SK8jMw0AL2nudCEyuN7KR5zJ, 2, 1, 1, 1, 2, 2, 1, 3, 1, 2, 2, 3, 2, 2, 1, 2, 1, 2, 1, 1, 2, 3, 1, 2, 1, 2, 2, 1, 2, 1, 2, 2, 3, 1, 2, 1, 2, 1, 2, 2, 1, 2
chatcmpl-8QD5xIdG0Cv6C8lelwH9b7bn88ODR, 2, 1, 2, 1, 3, 2, 1, 3, 2, 2, 2, 2, 2, 2, 1, 2, 1, 2, 1, 2, 2, 2, 1, 2, 1, 2, 2, 1, 3, 1, 2, 2, 3, 1, 2, 1, 2, 1, 2, 2, 1, 2
chatcmpl-8QD7INoRo2ecN8TcASapNBx4YJUL4, 1, 2, 1, 1, 3, 1, 1, 3, 2, 1, 1, 2, 1, 1, 1, 1, 1, 2, 1, 1, 1, 2, 1, 1, 1, 1, 1, 1, 2, 1, 1, 1, 1, 1, 1, 1, 1, 1, 1, 1, 1, 1
chatcmpl-8QD8PmAwe0DuX3bDJxbESqT72veNV, 2, 2, 1, 1, 2, 2, 1, 3, 2, 1, 3, 2, 1, 2, 1, 1, 1, 2, 1, 1, 1, 3, 1, 1, 1, 1, 2, 1, 2, 1, 1, 2, 1, 1, 2, 1, 1, 1, 2, 1, 1, 1
chatcmpl-8QD9kguejAQDvYDyXObyT2WR9dbtL, 2, 1, 2, 1, 3, 2, 1, 3, 2, 2, 2, 3, 2, 2, 1, 2, 2, 2, 1, 1, 2, 3, 1, 2, 1, 2, 2, 2, 3, 1, 2, 3, 3, 2, 3, 1, 2, 1, 3, 2, 1, 2
chatcmpl-8QDBBhIh8OQ7yYa5YfZEhzatIJp6A, 2, 1, 2, 1, 2, 2, 1, 3, 2, 2, 3, 3, 2, 2, 1, 2, 2, 2, 1, 1, 2, 3, 1, 2, 1, 2, 2, 1, 2, 2, 2, 2, 3, 2, 2, 1, 2, 2, 2, 2, 1, 2
chatcmpl-8QDCo1WXQSg7L5lnSWB1WtiytMM3h, 2, 2, 2, 1, 2, 2, 1, 2, 2, 2, 2, 1, 2, 2, 1, 2, 1, 2, 1, 1, 2, 2, 1, 2, 1, 2, 1, 1, 3, 1, 2, 2, 3, 1, 2, 1, 2, 1, 2, 1, 1, 2
chatcmpl-8QDFxZP2Sjf8hjg8c3M6EHBNfr31a, 2, 2, 2, 1, 2, 2, 1, 3, 2, 1, 2, 2, 2, 2, 1, 2, 2, 2, 1, 1, 1, 2, 1, 2, 1, 2, 2, 1, 2, 1, 2, 2, 2, 2, 2, 1, 2, 1, 2, 2, 1, 2
chatcmpl-8QDJdiRlnQi98xdFNbbjbz3R4oKlf, 2, 1, 2, 1, 1, 2, 1, 3, 1, 1, 2, 2, 1, 2, 1, 1, 1, 1, 1, 1, 1, 2, 1, 2, 1, 1, 2, 1, 2, 1, 2, 2, 2, 1, 2, 1, 1, 1, 2, 1, 1, 2
chatcmpl-8QDKgeva5Xypw5OPf5YuR8uJ9lZOX, 2, 1, 2, 1, 3, 2, 1, 3, 2, 2, 2, 3, 2, 2, 1, 2, 2, 2, 1, 1, 2, 3, 1, 2, 1, 3, 2, 1, 3, 1, 2, 2, 3, 2, 2, 1, 2, 2, 2, 2, 1, 2
chatcmpl-8QDM47xTq4o7xAW58jJArB3xrrdbj, 2, 1, 1, 1, 2, 2, 1, 3, 2, 1, 2, 2, 1, 1, 1, 1, 1, 2, 1, 1, 1, 2, 1, 1, 1, 1, 2, 1, 2, 1, 1, 2, 2, 1, 2, 1, 1, 1, 2, 1, 1, 2
chatcmpl-8QDNayo74PmVB5zn7VTpdDnLh6oNZ, 2, 1, 2, 1, 2, 2, 1, 3, 2, 2, 2, 3, 2, 2, 1, 2, 2, 3, 1, 2, 2, 3, 1, 2, 1, 2, 2, 2, 3, 2, 2, 2, 3, 2, 2, 2, 3, 3, 2, 2, 1, 2
chatcmpl-8QDPmvPJrG9cPi1N9rqXHmb6r8pCO, 2, 1, 2, 1, 2, 2, 1, 3, 2, 2, 2, 2, 2, 2, 1, 2, 2, 2, 1, 2, 2, 3, 1, 2, 1, 2, 2, 3, 2, 2, 2, 2, 3, 2, 2, 3, 2, 3, 2, 3, 1, 2
chatcmpl-8QDR0ZWcsmb8wYhB37cTmAEnnWMkN, 2, 1, 2, 1, 1, 2, 1, 3, 1, 2, 2, 2, 2, 2, 1, 3, 2, 1, 1, 1, 2, 3, 1, 2, 1, 2, 1, 1, 2, 1, 2, 2, 2, 1, 2, 1, 2, 1, 2, 1, 1, 2
chatcmpl-8QDRoSuWxgOD8SuVg2nad6QQMdEQD, 1, 1, 1, 1, 2, 2, 1, 3, 1, 2, 2, 2, 1, 2, 1, 1, 1, 2, 2, 1, 1, 3, 1, 1, 1, 1, 2, 1, 1, 1, 1, 1, 2, 1, 2, 1, 1, 1, 1, 1, 1, 2
chatcmpl-8QDShMAPg022cdAIGIxvt0xZdgIS9, 2, 1, 2, 1, 2, 2, 1, 3, 3, 2, 2, 3, 2, 2, 1, 2, 1, 2, 1, 1, 3, 3, 1, 2, 1, 2, 2, 2, 2, 1, 2, 2, 3, 1, 2, 1, 3, 2, 2, 2, 1, 2
chatcmpl-8QDTZupGCkTC6iErK8NTYf36gMdSf, 2, 1, 1, 1, 1, 2, 1, 3, 2, 1, 2, 2, 1, 2, 1, 1, 1, 2, 1, 1, 1, 2, 1, 1, 1, 1, 2, 1, 1, 1, 1, 1, 1, 1, 1, 1, 1, 1, 2, 1, 1, 1
chatcmpl-8QDUNcEq2ES3lFA7EwKhcxL0EeRyQ, 2, 1, 3, 2, 2, 2, 1, 3, 2, 2, 2, 3, 3, 2, 1, 3, 2, 2, 2, 1, 2, 3, 1, 3, 2, 3, 2, 2, 3, 2, 2, 2, 3, 2, 2, 1, 3, 3, 2, 2, 1, 2
chatcmpl-8QDVHw4hihTyUlVuxpg2aDS3ZXOtl, 2, 1, 2, 1, 2, 2, 1, 3, 2, 2, 3, 2, 2, 3, 1, 2, 2, 2, 1, 1, 2, 3, 1, 2, 1, 2, 2, 2, 3, 2, 2, 3, 3, 2, 2, 1, 2, 2, 2, 3, 1, 2
chatcmpl-8QDWmnXE4YAO0aakRKKEuEtT1qIu0, 2, 1, 1, 1, 2, 1, 1, 2, 1, 1, 2, 2, 1, 1, 1, 1, 1, 2, 1, 1, 1, 2, 1, 1, 1, 1, 1, 1, 1, 1, 1, 1, 1, 1, 1, 1, 1, 1, 2, 1, 1, 1
chatcmpl-8QDYNiOXK5iDP5bRiaZ34kfBqMInn, 2, 1, 1, 1, 2, 3, 1, 3, 2, 1, 2, 2, 1, 2, 1, 2, 1, 2, 1, 1, 1, 2, 1, 2, 1, 1, 2, 1, 2, 1, 2, 2, 2, 1, 3, 1, 1, 1, 2, 1, 1, 2
chatcmpl-8QDZfkvPeNNMX5j0dzRfBJEx2Jzav, 2, 1, 2, 1, 3, 2, 1, 3, 2, 2, 2, 3, 2, 2, 1, 2, 2, 2, 1, 1, 2, 3, 1, 3, 1, 2, 2, 1, 3, 1, 2, 2, 2, 2, 2, 1, 2, 2, 2, 2, 1, 2
chatcmpl-8QDbH363VjB1dAgyEea4rMFon2O9j, 2, 1, 1, 1, 2, 1, 1, 3, 2, 1, 2, 2, 1, 2, 1, 1, 1, 1, 1, 1, 1, 2, 1, 1, 1, 1, 2, 1, 2, 1, 1, 1, 2, 1, 2, 1, 1, 1, 2, 2, 1, 1
chatcmpl-8QDc3hLkOJDryRZYX68lq91WPfKpE, 2, 1, 2, 1, 3, 2, 1, 3, 2, 2, 2, 2, 2, 2, 1, 2, 1, 2, 1, 1, 2, 3, 1, 2, 1, 2, 2, 1, 3, 1, 2, 2, 3, 2, 2, 1, 2, 2, 2, 2, 1, 2
chatcmpl-8QDdHwlj0znE6cI46ZDVNqAyQ1yjL, 3, 2, 2, 1, 2, 2, 1, 3, 3, 2, 2, 2, 2, 2, 1, 2, 2, 2, 1, 2, 2, 3, 2, 2, 2, 2, 3, 3, 3, 2, 2, 3, 3, 2, 3, 3, 2, 2, 3, 3, 2, 2
chatcmpl-8QDeuVO7yzA29TdCeKvlNxKcN1j0g, 2, 1, 1, 1, 2, 2, 1, 3, 1, 1, 2, 3, 1, 2, 1, 1, 1, 3, 1, 1, 1, 3, 1, 1, 1, 1, 2, 1, 2, 1, 1, 2, 2, 1, 2, 1, 1, 1, 2, 1, 1, 2
chatcmpl-8QDfud1G0uqM8usCK6cgbFwhPuYAs, 2, 1, 1, 1, 2, 2, 1, 3, 1, 1, 2, 1, 1, 1, 1, 1, 1, 2, 1, 1, 1, 2, 1, 1, 1, 1, 2, 1, 1, 1, 1, 2, 2, 1, 2, 1, 1, 1, 2, 1, 1, 2
chatcmpl-8QDgh1U16WLuDR9b4djNx4xc41WQV, 2, 1, 2, 1, 3, 3, 1, 3, 2, 2, 2, 3, 2, 2, 1, 2, 2, 3, 1, 2, 2, 3, 1, 2, 1, 2, 2, 2, 3, 2, 2, 2, 3, 2, 2, 2, 2, 2, 3, 2, 1, 2
chatcmpl-8QDiSJD9heTqX0RM7qD6HzUWnzfhC, 2, 1, 1, 1, 2, 2, 1, 3, 1, 1, 2, 2, 1, 2, 1, 1, 1, 2, 1, 1, 1, 2, 1, 1, 1, 1, 2, 1, 2, 1, 1, 2, 2, 1, 2, 1, 1, 1, 2, 1, 1, 2
chatcmpl-8QDjePMi7UExRz5U970kxfYAq7lb6, 2, 1, 1, 1, 3, 2, 1, 3, 1, 2, 2, 3, 2, 2, 1, 2, 1, 2, 1, 1, 1, 2, 1, 2, 1, 2, 1, 1, 2, 1, 2, 2, 2, 1, 2, 1, 2, 1, 2, 1, 1, 2
chatcmpl-8QDlI7RzbAFyweRRZm1RdB25YcLiT, 2, 1, 1, 1, 2, 2, 1, 3, 2, 1, 2, 3, 2, 2, 1, 2, 2, 2, 1, 1, 1, 3, 1, 2, 1, 2, 2, 2, 3, 1, 2, 2, 3, 2, 2, 1, 1, 2, 2, 2, 1, 2
chatcmpl-8QDmwAjOKpvHk6dHuebezdznjoxh8, 1, 2, 1, 1, 3, 2, 1, 3, 2, 1, 2, 2, 1, 2, 1, 2, 1, 2, 1, 1, 1, 3, 1, 1, 1, 1, 2, 1, 2, 1, 1, 2, 2, 1, 2, 1, 1, 1, 1, 1, 1, 1
chatcmpl-8QDoxm7eKka9HfZoyHwxE13NCMVFH, 2, 1, 2, 1, 3, 2, 1, 4, 3, 3, 2, 3, 2, 2, 1, 3, 2, 2, 2, 1, 3, 4, 1, 3, 1, 2, 2, 2, 3, 2, 3, 2, 3, 2, 3, 1, 3, 2, 3, 2, 1, 2
chatcmpl-8QDpm3f0uUpQK91nCEf7VsJrF4LDD, 2, 1, 2, 1, 2, 1, 1, 3, 1, 1, 2, 2, 2, 2, 1, 2, 1, 2, 1, 1, 1, 3, 1, 2, 1, 2, 2, 1, 2, 1, 2, 2, 2, 1, 2, 1, 1, 1, 2, 1, 1, 2
chatcmpl-8QDrC4EcqIDzYAY2Hj5pvnMLegYwd, 1, 1, 1, 1, 2, 2, 1, 3, 2, 1, 2, 3, 1, 1, 1, 1, 1, 2, 1, 1, 1, 3, 1, 2, 1, 1, 2, 1, 2, 1, 1, 1, 2, 1, 2, 1, 1, 1, 2, 1, 1, 1
chatcmpl-8QDsCrFzYjQnqCwIknb4NOlIfDQGI, 2, 1, 1, 1, 2, 2, 1, 2, 1, 1, 2, 1, 1, 1, 1, 1, 1, 1, 1, 1, 1, 1, 1, 1, 1, 1, 2, 1, 1, 1, 1, 1, 2, 1, 1, 1, 1, 1, 1, 1, 1, 1
chatcmpl-8QDtTnjj5WG187AGvVQlJqx6jtQmm, 2, 1, 1, 1, 1, 2, 1, 3, 1, 1, 2, 1, 1, 2, 1, 1, 1, 2, 1, 1, 1, 2, 1, 1, 1, 1, 2, 1, 2, 1, 1, 2, 1, 1, 2, 1, 1, 1, 2, 1, 1, 1
chatcmpl-8QDu8XlnFUf9tGfpfNf0Bv0aNNQFI, 2, 1, 1, 1, 2, 2, 1, 3, 2, 1, 2, 2, 1, 2, 1, 1, 1, 2, 1, 1, 1, 3, 1, 1, 1, 1, 2, 1, 2, 1, 1, 1, 2, 1, 2, 1, 1, 1, 2, 1, 1, 2
chatcmpl-8QDvRa1kMSOyh5dmhFrb9GxqL3PAh, 2, 1, 2, 1, 3, 1, 1, 3, 2, 1, 2, 3, 2, 2, 1, 2, 1, 2, 1, 2, 1, 3, 1, 2, 1, 3, 1, 2, 3, 2, 2, 2, 3, 1, 2, 2, 3, 3, 2, 2, 1, 2
chatcmpl-8QDwjih10z1eluKsHVyHLmYWcegGs, 1, 1, 1, 1, 2, 2, 1, 3, 2, 2, 2, 3, 2, 2, 1, 2, 1, 2, 1, 1, 2, 2, 1, 2, 1, 2, 2, 1, 3, 1, 2, 2, 2, 1, 2, 1, 2, 1, 2, 2, 1, 2
chatcmpl-8QDymVlT7MQImMH0NwqTqJOy6b3KW, 2, 1, 1, 1, 4, 2, 1, 3, 2, 2, 2, 2, 1, 2, 1, 1, 1, 2, 1, 1, 1, 3, 1, 1, 1, 1, 2, 2, 3, 1, 1, 2, 3, 1, 2, 1, 1, 1, 2, 1, 1, 2
chatcmpl-8QDzfHeTTgiSELfJu0gQIxYbBRLh8, 2, 1, 2, 1, 3, 2, 1, 3, 2, 2, 2, 2, 2, 2, 1, 2, 1, 2, 1, 1, 1, 3, 1, 2, 1, 2, 2, 1, 3, 2, 2, 2, 3, 1, 2, 1, 2, 1, 2, 2, 1, 3
chatcmpl-8QE0uyiZI1R3T93UpOaoxz6r8lYX6, 2, 1, 2, 1, 3, 2, 1, 3, 1, 2, 2, 2, 2, 2, 1, 2, 1, 2, 1, 1, 1, 3, 1, 2, 1, 2, 3, 1, 2, 1, 2, 3, 2, 1, 2, 1, 2, 2, 2, 1, 1, 2
chatcmpl-8QE1oDbY3zlRK93Uu22iGqplscfDg, 2, 1, 1, 1, 2, 2, 1, 3, 1, 1, 2, 1, 1, 2, 1, 1, 1, 2, 1, 1, 1, 2, 1, 2, 1, 1, 1, 1, 2, 1, 1, 2, 2, 1, 2, 1, 1, 1, 2, 1, 1, 1
chatcmpl-8QE2YARLuqP80gPOrwGbLuAFxefLG, 2, 1, 1, 1, 2, 2, 1, 3, 2, 1, 2, 3, 2, 2, 1, 2, 2, 2, 1, 1, 1, 2, 1, 2, 1, 2, 2, 2, 2, 1, 2, 2, 2, 2, 2, 1, 1, 1, 2, 2, 1, 2
chatcmpl-8QE3lbratBjF5bqJyplBrbNga2Ggx, 2, 1, 2, 1, 3, 2, 1, 3, 2, 2, 2, 3, 2, 1, 1, 1, 1, 2, 1, 1, 2, 3, 1, 2, 1, 2, 2, 1, 2, 1, 2, 2, 2, 1, 2, 1, 2, 1, 2, 1, 1, 2
chatcmpl-8QE5VTyYilUZvbpGWx5TLtf7pDS7x, 2, 1, 2, 1, 2, 2, 1, 3, 3, 2, 2, 2, 2, 2, 1, 2, 1, 2, 1, 1, 2, 3, 1, 2, 1, 2, 2, 2, 3, 2, 2, 2, 3, 1, 2, 1, 3, 3, 2, 2, 1, 2
chatcmpl-8QE9jIoZBVuTyL5awTJ3DnfLifqtB, 2, 1, 1, 1, 2, 2, 1, 3, 1, 1, 2, 3, 2, 2, 1, 1, 1, 2, 1, 1, 1, 2, 1, 2, 1, 2, 2, 1, 3, 1, 2, 1, 2, 1, 2, 1, 1, 1, 2, 1, 1, 2
chatcmpl-8QEBPi1o75wkOQ6wDdqfiJaPk9aoy, 2, 2, 2, 1, 2, 2, 1, 3, 2, 2, 2, 3, 2, 2, 1, 2, 2, 2, 1, 2, 2, 3, 1, 2, 1, 2, 2, 1, 2, 1, 2, 2, 2, 2, 2, 1, 2, 2, 2, 2, 1, 2
chatcmpl-8QECtwxXAnNfVaOBvbmPAVHwQrPnG, 2, 1, 1, 1, 1, 2, 1, 3, 1, 1, 1, 2, 1, 2, 1, 1, 1, 1, 1, 1, 1, 3, 1, 1, 1, 2, 1, 1, 1, 1, 1, 1, 2, 1, 1, 1, 1, 1, 1, 1, 1, 1
chatcmpl-8QEEZc34kqn7wbjkvSszgwl32MVTs, 1, 1, 1, 1, 3, 1, 1, 3, 1, 2, 2, 2, 2, 1, 1, 2, 1, 1, 1, 1, 2, 2, 1, 2, 1, 2, 3, 1, 2, 1, 1, 1, 2, 1, 1, 1, 1, 1, 2, 1, 1, 2
chatcmpl-8QEGPFoJUSBgsJyOR2Apn3vK5cu3J, 2, 2, 1, 1, 2, 2, 1, 3, 1, 2, 2, 3, 2, 2, 1, 2, 1, 2, 1, 1, 2, 3, 1, 2, 1, 2, 2, 1, 2, 2, 2, 2, 2, 1, 2, 1, 2, 1, 2, 1, 1, 2
chatcmpl-8QEHzKCwEeNWO49ybVrgwaWogUqVK, 2, 1, 2, 1, 2, 2, 1, 3, 2, 1, 2, 2, 1, 2, 1, 1, 1, 2, 1, 1, 1, 3, 1, 2, 1, 1, 2, 2, 3, 2, 2, 3, 3, 2, 3, 1, 3, 2, 2, 2, 1, 2
chatcmpl-8QEMZ6zU93zI8hc6g91XPr3RjgSrQ, 1, 1, 1, 1, 2, 2, 1, 3, 1, 2, 2, 2, 1, 2, 1, 1, 1, 2, 1, 1, 2, 1, 1, 2, 1, 1, 2, 1, 1, 1, 2, 2, 1, 1, 2, 1, 1, 1, 2, 1, 1, 2
chatcmpl-8QEO3mmGiIfA24ws6Vul7ccXVRJMG, 1, 2, 1, 1, 2, 2, 1, 3, 1, 1, 2, 2, 1, 1, 1, 1, 1, 2, 1, 1, 1, 2, 1, 2, 1, 1, 1, 1, 1, 1, 1, 1, 1, 1, 1, 1, 1, 1, 2, 1, 1, 1
chatcmpl-8QEPD32lKFwbyyQBV4aSFva2P0CyK, 2, 1, 1, 1, 2, 1, 1, 3, 2, 1, 2, 2, 1, 1, 1, 1, 1, 1, 1, 1, 1, 2, 1, 1, 1, 1, 2, 1, 2, 1, 1, 1, 1, 1, 1, 1, 1, 1, 1, 1, 1, 1
chatcmpl-8QEQ1JXqwvVIrZRS77Ei3sNCCfqRJ, 2, 1, 2, 1, 2, 2, 1, 3, 2, 2, 3, 1, 1, 2, 1, 2, 1, 2, 1, 1, 1, 3, 1, 2, 1, 1, 2, 2, 3, 1, 2, 2, 2, 1, 2, 1, 1, 1, 2, 1, 1, 2
chatcmpl-8QEQurjJHwmNHyIT0ICfDJEPUlJO9, 2, 1, 2, 1, 2, 2, 1, 3, 2, 2, 2, 1, 1, 2, 1, 1, 1, 2, 1, 1, 1, 2, 1, 1, 1, 1, 1, 1, 1, 1, 1, 2, 2, 1, 2, 1, 1, 1, 2, 1, 1, 1
chatcmpl-8QESNGEEdcedYGLbNXPH9p1InxsUI, 2, 1, 2, 1, 2, 2, 1, 3, 2, 2, 2, 3, 2, 2, 1, 2, 2, 2, 1, 1, 2, 3, 1, 2, 1, 2, 2, 2, 3, 3, 1, 2, 3, 2, 2, 3, 2, 2, 2, 2, 1, 2
chatcmpl-8QEUQpY1jbAy21uTO0UVJCCVzHl3v, 2, 1, 1, 1, 2, 2, 1, 3, 2, 2, 2, 1, 1, 2, 1, 1, 1, 2, 1, 1, 1, 2, 1, 1, 1, 1, 2, 1, 2, 1, 1, 2, 2, 1, 2, 1, 1, 1, 1, 1, 1, 1
chatcmpl-8QEVXxRdq2I7LyBoFgu0Rui4xe5ub, 2, 1, 2, 1, 3, 2, 1, 3, 1, 3, 2, 2, 2, 2, 1, 2, 1, 2, 1, 1, 2, 3, 1, 2, 1, 2, 2, 1, 2, 1, 2, 2, 3, 1, 2, 1, 2, 1, 2, 1, 1, 2
chatcmpl-8QEWXyAEbrvEelyO1ulk9pGKtiBHW, 2, 1, 1, 1, 3, 2, 1, 3, 2, 2, 2, 3, 1, 2, 1, 2, 1, 2, 1, 1, 1, 3, 1, 2, 1, 1, 2, 2, 2, 2, 2, 2, 2, 1, 2, 1, 2, 1, 2, 3, 1, 2
chatcmpl-8QEXaKUbxS8tc8iURpoQb2lb1FsYs, 2, 1, 2, 1, 2, 2, 1, 3, 1, 2, 2, 2, 2, 2, 1, 2, 1, 3, 1, 1, 2, 3, 1, 2, 1, 2, 2, 1, 2, 1, 2, 2, 2, 1, 2, 1, 2, 2, 2, 1, 1, 2
chatcmpl-8QEZ2UhFlIumnzYOFWI5Toof9QwvV, 2, 1, 1, 1, 1, 2, 1, 3, 1, 1, 2, 2, 1, 1, 1, 1, 1, 1, 1, 1, 1, 2, 1, 1, 1, 1, 1, 1, 3, 1, 1, 1, 1, 1, 1, 1, 1, 1, 2, 1, 1, 1
chatcmpl-8QEaxItt6uFD9aGUZPPY8akpXIItq, 2, 1, 1, 1, 2, 2, 1, 3, 1, 1, 2, 1, 2, 2, 1, 2, 1, 2, 1, 1, 1, 2, 1, 2, 1, 2, 2, 2, 2, 1, 2, 2, 3, 1, 2, 1, 1, 1, 2, 2, 1, 2
chatcmpl-8QEbpmPMvXc0mmQGpE0B1AJ3i54AX, 2, 1, 1, 1, 3, 2, 1, 2, 1, 1, 2, 3, 1, 2, 1, 1, 1, 2, 1, 1, 1, 2, 1, 1, 1, 1, 1, 1, 2, 1, 1, 2, 2, 1, 2, 1, 1, 1, 2, 1, 1, 2
chatcmpl-8QEdF8m27293Ngt393JMcxkGcxxov, 2, 1, 2, 1, 3, 1, 1, 3, 2, 2, 2, 2, 1, 2, 1, 1, 1, 1, 1, 1, 2, 3, 1, 1, 1, 2, 1, 1, 2, 1, 2, 2, 2, 1, 1, 1, 2, 1, 2, 1, 1, 2
chatcmpl-8QEej5abhQ5V4sUIqobXVIDsuYF3W, 2, 1, 1, 1, 2, 2, 1, 3, 1, 1, 2, 2, 1, 2, 1, 1, 1, 2, 1, 1, 1, 2, 1, 1, 1, 1, 2, 1, 2, 1, 2, 2, 2, 1, 2, 1, 1, 1, 2, 1, 1, 2
chatcmpl-8QEgA4SRyj5rnkpVf5NmUKQKqFXcl, 2, 1, 2, 1, 3, 2, 1, 3, 2, 2, 3, 2, 1, 2, 1, 1, 1, 2, 1, 1, 1, 3, 1, 2, 1, 1, 2, 1, 2, 1, 2, 2, 3, 1, 3, 1, 1, 1, 2, 1, 1, 2
chatcmpl-8QEhidAp1OmZmRqHK9orZlC9iL433, 2, 1, 2, 1, 2, 2, 1, 3, 2, 1, 2, 2, 2, 2, 1, 1, 1, 2, 1, 2, 1, 3, 1, 2, 1, 2, 2, 2, 3, 2, 2, 2, 3, 2, 2, 1, 1, 1, 2, 2, 1, 2
chatcmpl-8QEjm7ahLrRRvLtGWnYVlu0eQGSm7, 2, 1, 2, 1, 3, 2, 1, 4, 3, 3, 2, 2, 2, 2, 1, 2, 2, 2, 1, 2, 3, 3, 1, 2, 1, 2, 2, 2, 3, 2, 2, 3, 3, 3, 3, 1, 3, 3, 2, 3, 1, 2
chatcmpl-8QElgT23A7cpm97PRfbbviNiHvLFA, 2, 1, 3, 1, 3, 2, 1, 2, 2, 3, 2, 3, 3, 2, 1, 3, 3, 2, 1, 2, 3, 3, 1, 3, 1, 3, 2, 3, 2, 2, 3, 2, 3, 3, 2, 3, 3, 3, 2, 2, 1, 2
chatcmpl-8QEnSMshtaDO980lmSIRzjiQRY8Tp, 2, 1, 2, 1, 2, 2, 1, 3, 2, 1, 2, 3, 1, 1, 1, 1, 2, 2, 1, 1, 1, 2, 1, 1, 1, 2, 2, 1, 2, 1, 2, 2, 1, 1, 2, 1, 1, 1, 2, 1, 1, 2
chatcmpl-8QEpBcsQjfu1FIVoQg1D2xzKqskQ1, 2, 1, 1, 1, 2, 2, 1, 3, 2, 1, 2, 2, 1, 2, 1, 1, 1, 2, 1, 1, 1, 3, 1, 1, 1, 1, 2, 1, 2, 1, 1, 2, 3, 1, 2, 1, 1, 1, 2, 2, 1, 1
chatcmpl-8QEqqnrA9AuuQChdwXfzkVXucsRPJ, 3, 2, 4, 2, 3, 3, 2, 3, 3, 3, 3, 3, 4, 2, 2, 3, 4, 3, 2, 3, 3, 3, 2, 4, 3, 4, 3, 4, 3, 3, 3, 3, 4, 4, 3, 4, 3, 4, 3, 3, 2, 3
chatcmpl-8QEvEy9RlvAQRw0GfavvWfajMDl5Y, 2, 1, 2, 1, 2, 2, 1, 3, 2, 1, 2, 3, 1, 2, 1, 1, 1, 2, 1, 1, 1, 2, 1, 1, 1, 1, 2, 1, 3, 1, 1, 2, 3, 1, 2, 1, 1, 1, 2, 1, 1, 2
chatcmpl-8QExFbpTIR2TM8gjMJGk5WK5n7LYF, 1, 1, 1, 1, 2, 2, 1, 3, 2, 1, 1, 2, 1, 2, 1, 1, 1, 1, 1, 1, 1, 2, 1, 1, 1, 1, 1, 1, 1, 1, 1, 1, 2, 1, 1, 1, 1, 1, 1, 1, 1, 1
chatcmpl-8QF1ZV4dw3FPkDJ7rXhTNZulyClEs, 2, 1, 2, 1, 2, 2, 1, 3, 2, 2, 3, 3, 3, 2, 1, 3, 2, 2, 1, 2, 2, 3, 1, 3, 1, 3, 3, 3, 3, 2, 3, 3, 3, 2, 3, 2, 2, 3, 2, 2, 1, 2
chatcmpl-8QF3qUM337OELELD2J4VEMD6fsWgX, 2, 1, 2, 1, 2, 2, 1, 3, 2, 1, 2, 2, 1, 2, 1, 1, 1, 2, 1, 1, 1, 3, 1, 2, 1, 1, 2, 2, 3, 3, 2, 2, 2, 1, 2, 1, 1, 1, 2, 2, 1, 2
chatcmpl-8QF5yRGxYlVaw2XlnWZfheea1aT9M, 2, 1, 2, 1, 3, 2, 1, 3, 2, 2, 2, 2, 2, 2, 1, 2, 2, 2, 1, 2, 2, 3, 1, 2, 1, 2, 2, 1, 3, 1, 2, 2, 3, 2, 2, 1, 2, 2, 2, 1, 1, 2
chatcmpl-8QF8EYvA9nuQ9MEc2HxydRQRDjIxm, 2, 1, 2, 1, 3, 2, 1, 4, 3, 3, 2, 3, 2, 2, 1, 3, 2, 2, 1, 2, 2, 3, 1, 3, 2, 3, 2, 3, 3, 3, 3, 3, 4, 2, 3, 2, 3, 4, 3, 3, 1, 2
chatcmpl-8QFAO1xhWLFqasgVcmW5M4xTSdAvx, 2, 1, 2, 1, 2, 2, 1, 3, 2, 2, 3, 2, 2, 2, 1, 2, 2, 3, 1, 1, 2, 3, 1, 2, 1, 2, 3, 2, 3, 2, 2, 3, 3, 2, 3, 1, 2, 2, 3, 3, 1, 2
chatcmpl-8QFCDtjgGIZdgrI6egGMjAfHA9n8E, 1, 1, 2, 1, 2, 1, 1, 2, 1, 1, 1, 2, 1, 1, 1, 2, 1, 1, 1, 1, 1, 2, 1, 2, 1, 1, 2, 1, 2, 1, 1, 2, 3, 1, 1, 1, 1, 1, 2, 1, 1, 2
chatcmpl-8QFG27oiAJpYvhRHo8BDjLZePrb43, 2, 1, 2, 1, 3, 2, 1, 3, 3, 2, 2, 4, 3, 2, 1, 3, 3, 2, 1, 1, 3, 4, 1, 3, 2, 3, 2, 3, 3, 2, 3, 2, 4, 3, 3, 3, 4, 4, 3, 3, 1, 3
chatcmpl-8QFIR1SlN5qkE4FjTT8igvxfiJG2g, 2, 1, 1, 1, 3, 2, 1, 4, 1, 1, 2, 3, 2, 2, 1, 1, 1, 2, 1, 1, 1, 2, 1, 1, 1, 1, 2, 1, 2, 1, 2, 1, 2, 1, 1, 1, 1, 1, 2, 1, 1, 2
chatcmpl-8QFJSw4kHLAi1LeEla2z7ApeWBSCG, 1, 2, 2, 1, 2, 2, 1, 3, 4, 2, 2, 2, 3, 1, 1, 3, 2, 2, 1, 1, 2, 2, 1, 3, 1, 3, 2, 2, 2, 1, 2, 2, 2, 2, 2, 1, 2, 2, 2, 2, 1, 2
chatcmpl-8QFKhghunABbmLSRQQHqOFwquDEhe, 1, 2, 2, 1, 2, 2, 1, 3, 2, 2, 2, 3, 2, 2, 1, 2, 2, 2, 1, 1, 2, 3, 1, 2, 2, 2, 2, 2, 2, 2, 2, 2, 3, 2, 2, 1, 2, 2, 2, 2, 1, 2
chatcmpl-8QFMWi2vnkT5ilSVaQ8uCnNrHdobO, 2, 1, 1, 1, 2, 2, 1, 3, 1, 1, 3, 1, 2, 2, 1, 2, 1, 2, 1, 1, 1, 2, 1, 2, 1, 2, 2, 1, 3, 1, 2, 2, 2, 1, 2, 1, 1, 1, 2, 2, 1, 2
chatcmpl-8QFORGRKb6rRjjXMLzS2tFkox2M84, 2, 1, 2, 1, 3, 2, 1, 3, 2, 1, 2, 2, 2, 2, 1, 1, 1, 2, 1, 1, 1, 2, 1, 2, 1, 2, 2, 1, 2, 1, 2, 2, 2, 1, 2, 1, 1, 1, 2, 2, 1, 2
chatcmpl-8QFQYJn7cowm2eZ7VZUPEYvb4mXFy, 2, 1, 2, 1, 2, 2, 1, 4, 1, 2, 2, 3, 2, 3, 1, 3, 2, 2, 1, 2, 2, 3, 1, 3, 1, 2, 2, 1, 3, 1, 2, 2, 3, 2, 2, 1, 2, 2, 2, 2, 1, 3
chatcmpl-8QFSN3lllsmgYiXVZrzLdgyNAVLvC, 2, 1, 2, 1, 3, 2, 1, 3, 2, 2, 2, 3, 2, 1, 1, 2, 2, 2, 1, 1, 2, 3, 1, 3, 1, 3, 2, 2, 3, 2, 2, 2, 3, 2, 2, 1, 2, 2, 2, 3, 1, 2
chatcmpl-8QFTTHXDYUzCfA4Q64iTv4Ere7geo, 1, 2, 1, 1, 2, 2, 1, 2, 1, 1, 1, 1, 1, 2, 1, 1, 1, 2, 1, 1, 1, 2, 1, 1, 1, 1, 2, 1, 2, 1, 1, 1, 1, 1, 1, 1, 1, 1, 1, 1, 1, 1
chatcmpl-8QFVOSc9thV24RWiqcEzVEDvz4J6q, 2, 1, 2, 1, 1, 2, 1, 3, 2, 2, 2, 2, 2, 2, 1, 2, 2, 2, 1, 1, 2, 3, 1, 2, 1, 2, 2, 2, 2, 2, 1, 2, 2, 2, 2, 1, 2, 2, 2, 2, 1, 2
chatcmpl-8QFXi1XvpYcDR7F4Zn1leyJn8ACrH, 2, 1, 1, 1, 2, 2, 1, 3, 1, 1, 2, 2, 1, 2, 1, 1, 1, 2, 1, 1, 1, 2, 1, 1, 1, 1, 2, 1, 2, 1, 1, 2, 2, 1, 2, 1, 1, 1, 2, 1, 1, 2
chatcmpl-8QFZ4rIv4Te7yGFVUea0j9yoCkJe9, 2, 1, 1, 1, 3, 2, 1, 3, 2, 1, 2, 2, 1, 2, 1, 1, 1, 2, 1, 1, 1, 2, 1, 1, 1, 1, 2, 2, 3, 1, 1, 2, 2, 1, 1, 1, 1, 1, 2, 1, 1, 2
chatcmpl-8QFaXdeFbnl6IjWnU5Y1surYgIKGX, 1, 1, 2, 1, 2, 2, 1, 3, 2, 2, 1, 3, 2, 1, 1, 2, 2, 2, 1, 1, 2, 3, 1, 2, 1, 2, 2, 1, 3, 1, 2, 2, 3, 2, 2, 1, 2, 2, 2, 1, 1, 2
chatcmpl-8QFbUYvs0oiMlKDQ5C2SBi6NeuJSP, 2, 1, 2, 1, 2, 2, 1, 3, 2, 2, 2, 1, 1, 2, 1, 2, 1, 2, 1, 1, 2, 3, 1, 2, 1, 1, 2, 1, 2, 1, 2, 2, 2, 1, 2, 1, 2, 1, 2, 2, 1, 2
chatcmpl-8QFcuawjqXGo7PNLmvi0QsAs5IrcQ, 2, 1, 1, 1, 2, 2, 1, 3, 1, 2, 2, 2, 1, 2, 1, 1, 1, 1, 1, 1, 1, 3, 1, 1, 1, 1, 1, 1, 2, 1, 1, 2, 1, 1, 2, 1, 1, 1, 2, 2, 1, 2
chatcmpl-8QFek4FMhe33ZG5UobEon4dv7l1qe, 2, 1, 2, 1, 2, 2, 1, 3, 2, 2, 2, 2, 1, 2, 1, 2, 2, 2, 1, 1, 2, 3, 1, 2, 1, 2, 2, 1, 3, 1, 2, 2, 3, 1, 2, 1, 2, 2, 2, 1, 1, 2
