chatcmpl-8MLFWUkleSe1InP3fgJh14cxNJgel, 1, 1, 2, 1, 3, 2, 1, 3, 4, 3, 2, 3, 2, 1, 1, 3, 2, 2, 1, 1, 2, 3, 1, 2, 1, 2, 2, 1, 2, 1, 2, 3, 3, 2, 2, 1, 2, 3, 2, 3, 1, 2
chatcmpl-8MLTXTYb52wOa7bJPedwRsqXzCrZQ, 1, 1, 1, 1, 2, 2, 1, 2, 1, 1, 1, 2, 1, 1, 1, 1, 1, 1, 1, 1, 1, 2, 1, 1, 1, 1, 1, 1, 2, 1, 1, 1, 2, 1, 1, 1, 1, 1, 1, 1, 1, 1
chatcmpl-8MLWjKMkBQHTSCTHImW7FRHB9eEjm, 2, 1, 2, 1, 2, 3, 1, 3, 2, 2, 2, 3, 2, 2, 1, 2, 1, 1, 2, 1, 2, 3, 1, 2, 1, 3, 2, 2, 2, 2, 2, 2, 3, 1, 2, 1, 2, 2, 2, 2, 1, 2
chatcmpl-8MLZR3GtmbFh8jxMEFI7wEnyaaQt8, 2, 1, 1, 1, 2, 2, 1, 3, 2, 2, 2, 3, 1, 1, 1, 2, 1, 2, 1, 1, 2, 3, 1, 1, 1, 1, 2, 1, 3, 1, 2, 2, 2, 1, 2, 1, 1, 1, 2, 2, 1, 2
chatcmpl-8MLbSt0dcgN93Rv3Q4no4TK8GRw5J, 2, 1, 2, 1, 2, 2, 1, 3, 2, 1, 2, 3, 2, 2, 1, 2, 2, 2, 1, 1, 1, 2, 1, 2, 1, 2, 2, 1, 2, 1, 2, 2, 3, 2, 2, 1, 1, 1, 2, 2, 1, 2
chatcmpl-8MM07MAB9J2cF7xx6rX7OxePkYifh, 2, 1, 2, 1, 1, 2, 1, 2, 1, 1, 2, 1, 1, 1, 1, 2, 1, 2, 1, 1, 1, 2, 1, 1, 1, 1, 2, 1, 2, 1, 2, 2, 2, 1, 1, 1, 1, 1, 2, 1, 1, 2
chatcmpl-8MM265OesPsPXd4T0sHYujNFXmsbV, 2, 2, 2, 1, 3, 2, 1, 3, 2, 3, 2, 3, 2, 2, 2, 2, 2, 2, 2, 1, 2, 2, 1, 2, 1, 2, 2, 1, 2, 1, 2, 2, 2, 2, 2, 1, 2, 2, 2, 2, 1, 2
chatcmpl-8MM48XKfgWN8bD9HwTzwvrBqSGg57, 3, 2, 1, 2, 3, 2, 2, 3, 2, 2, 2, 3, 2, 2, 2, 2, 1, 2, 2, 2, 2, 3, 2, 3, 2, 3, 3, 3, 3, 3, 2, 3, 3, 1, 3, 3, 3, 3, 3, 3, 2, 2
chatcmpl-8MM6HAXLek7xXkdAA0lGNwIHN7LpY, 2, 1, 1, 1, 2, 2, 1, 3, 2, 2, 2, 2, 1, 1, 1, 2, 1, 2, 1, 1, 2, 3, 1, 2, 1, 1, 2, 1, 3, 1, 2, 2, 2, 1, 2, 1, 2, 2, 2, 1, 1, 2
chatcmpl-8MM9nRIK85pN5FkJsSEHliIugfGA9, 1, 1, 2, 1, 2, 1, 1, 3, 1, 2, 2, 1, 2, 1, 1, 1, 1, 1, 1, 1, 1, 2, 1, 2, 1, 2, 1, 1, 1, 1, 2, 1, 2, 1, 1, 1, 1, 1, 1, 1, 1, 1
chatcmpl-8PF3HnDtaUfO1z9DjHzy3W67bFT64, 2, 1, 1, 1, 3, 2, 1, 4, 2, 2, 3, 2, 2, 2, 1, 2, 2, 2, 1, 1, 2, 3, 1, 2, 1, 2, 2, 1, 2, 1, 2, 2, 3, 2, 3, 1, 2, 1, 2, 1, 1, 2
chatcmpl-8PF4sjHLi4wiTycZLByqtCsxjJHMi, 2, 1, 1, 1, 1, 2, 1, 2, 2, 1, 2, 1, 1, 2, 1, 1, 1, 1, 1, 1, 1, 1, 1, 1, 1, 1, 2, 1, 1, 1, 1, 1, 1, 1, 1, 1, 1, 1, 2, 1, 1, 1
chatcmpl-8PF6TO7WEAcOcirDnYpyGbNOMgmq4, 2, 1, 1, 1, 1, 1, 1, 2, 1, 1, 1, 1, 1, 1, 1, 1, 1, 1, 1, 1, 1, 1, 1, 1, 1, 1, 1, 1, 1, 1, 1, 1, 1, 1, 1, 1, 1, 1, 1, 1, 1, 1
chatcmpl-8PFAHRW0IuPWjnx2i0IFUEhFfexnq, 2, 1, 1, 1, 2, 2, 1, 3, 1, 2, 2, 2, 1, 2, 1, 1, 1, 2, 1, 1, 1, 2, 1, 1, 1, 1, 2, 1, 2, 1, 2, 2, 2, 1, 2, 1, 1, 1, 2, 1, 1, 2
chatcmpl-8PFByT0INazGVg8MkxXDegSfpbe0w, 2, 1, 1, 1, 2, 2, 1, 3, 1, 2, 2, 2, 1, 2, 1, 1, 1, 2, 1, 1, 1, 1, 1, 1, 1, 1, 2, 1, 1, 1, 1, 2, 2, 1, 2, 1, 1, 1, 2, 1, 1, 2
chatcmpl-8PFD4UyvsNE0kMjiF8awRheQ5Kf1L, 2, 1, 1, 1, 2, 2, 1, 3, 2, 1, 2, 2, 1, 2, 1, 1, 1, 2, 1, 1, 1, 2, 1, 1, 1, 1, 2, 1, 2, 1, 1, 1, 1, 1, 1, 1, 1, 1, 2, 1, 1, 1
chatcmpl-8PFEIQZ3sXH73GZZCdm0gaFSVP6b7, 2, 1, 1, 1, 2, 2, 1, 3, 2, 2, 2, 1, 1, 2, 1, 2, 1, 2, 1, 2, 1, 3, 1, 2, 1, 1, 2, 1, 2, 2, 2, 2, 2, 1, 2, 1, 1, 1, 2, 1, 1, 2
chatcmpl-8PFFhIdpvglSIzgUUTDXSFrEFWfz4, 2, 1, 1, 1, 3, 2, 1, 3, 2, 1, 2, 2, 1, 2, 1, 2, 1, 2, 1, 1, 1, 2, 1, 2, 1, 2, 2, 2, 2, 1, 2, 2, 2, 1, 2, 1, 1, 2, 2, 1, 1, 2
chatcmpl-8PFGYBaC3lhVmwTARGDXUWkhHKqAU, 2, 1, 1, 1, 3, 2, 1, 4, 2, 2, 2, 2, 1, 2, 1, 1, 1, 2, 1, 1, 2, 3, 1, 1, 1, 1, 2, 1, 3, 1, 1, 2, 3, 1, 2, 1, 1, 1, 2, 1, 1, 2
chatcmpl-8PFIFWFiJmaMBuxSIRgDUxe58uTBl, 1, 2, 2, 1, 2, 2, 1, 3, 1, 1, 2, 2, 1, 2, 1, 1, 1, 2, 1, 1, 1, 3, 1, 1, 1, 2, 2, 1, 2, 1, 2, 2, 3, 1, 2, 1, 1, 1, 2, 1, 1, 1
chatcmpl-8PFKMD34FjB65wwTmEociKI1hfTWb, 2, 1, 2, 1, 3, 2, 1, 3, 2, 2, 2, 3, 2, 1, 1, 2, 2, 2, 1, 1, 2, 3, 1, 2, 1, 2, 2, 2, 3, 1, 2, 2, 3, 2, 2, 1, 2, 2, 2, 1, 1, 2
chatcmpl-8PFMLAXv6talMBe033yCFhtUP1CcO, 1, 2, 1, 1, 2, 2, 1, 3, 2, 2, 2, 3, 1, 2, 1, 2, 2, 2, 1, 2, 2, 3, 1, 2, 1, 2, 2, 2, 3, 2, 2, 2, 3, 2, 2, 2, 2, 2, 2, 2, 1, 2
chatcmpl-8PFOceXxAH0THdosc4xytZ0oY0uce, 2, 1, 1, 1, 1, 1, 1, 2, 1, 2, 1, 1, 1, 2, 1, 1, 1, 1, 1, 1, 1, 1, 1, 2, 1, 1, 1, 1, 1, 1, 1, 1, 1, 1, 1, 1, 1, 1, 1, 1, 1, 1
chatcmpl-8PFPXIVJRlEq0WZvSzPATRQTkwZhk, 2, 1, 1, 1, 2, 2, 1, 3, 2, 1, 2, 2, 1, 2, 1, 1, 1, 2, 1, 1, 1, 3, 1, 2, 1, 1, 2, 1, 2, 1, 2, 2, 1, 1, 1, 1, 1, 1, 2, 1, 1, 2
chatcmpl-8PFR2uu2i1sJxHHLpCGykNH8AXgOk, 2, 1, 2, 1, 2, 2, 1, 3, 2, 1, 2, 2, 1, 2, 1, 1, 2, 1, 1, 1, 1, 2, 1, 2, 1, 2, 2, 1, 2, 1, 2, 2, 2, 1, 2, 1, 1, 1, 2, 2, 1, 2
chatcmpl-8PFV1bJt458sOLI3m3ifJuZWyJpVN, 2, 1, 1, 1, 2, 2, 1, 2, 1, 2, 2, 2, 1, 2, 1, 1, 1, 2, 1, 1, 2, 2, 1, 1, 1, 1, 2, 1, 2, 1, 1, 3, 2, 1, 2, 1, 1, 1, 2, 1, 1, 1
chatcmpl-8PFY44WbfvCpSkXGaMb3Cw7676kMk, 1, 1, 1, 1, 1, 1, 1, 3, 1, 1, 1, 1, 1, 1, 1, 1, 1, 1, 1, 1, 1, 1, 1, 1, 1, 1, 1, 1, 1, 1, 1, 1, 1, 1, 1, 1, 1, 1, 1, 1, 1, 1
chatcmpl-8PFZkE3fQdNfK1A5ZWQI4lajT1Pjy, 1, 1, 1, 1, 2, 2, 1, 2, 1, 1, 2, 1, 1, 2, 1, 1, 1, 2, 1, 1, 1, 2, 1, 1, 1, 1, 2, 1, 2, 1, 1, 2, 1, 1, 2, 1, 1, 1, 2, 1, 1, 2
chatcmpl-8PFbaTzSmj18i7qm2PxXD44bSI5RX, 3, 2, 3, 2, 3, 3, 2, 4, 4, 3, 2, 3, 3, 2, 2, 3, 3, 2, 2, 3, 4, 4, 2, 3, 2, 3, 3, 4, 3, 3, 3, 3, 3, 3, 3, 3, 4, 4, 3, 3, 2, 3
chatcmpl-8PFdDQD5xr3wCb8MJWYqkIBYNIBth, 1, 1, 1, 1, 2, 2, 1, 2, 1, 1, 2, 2, 1, 1, 1, 1, 1, 2, 1, 1, 1, 2, 1, 1, 1, 1, 2, 1, 2, 1, 1, 2, 1, 1, 2, 1, 1, 1, 2, 1, 1, 1
chatcmpl-8PFhz6OpdKL5Lqa2z4aNPGg4ujaES, 1, 1, 2, 1, 2, 2, 1, 3, 2, 1, 2, 1, 1, 1, 1, 1, 1, 2, 1, 1, 1, 2, 1, 1, 1, 1, 2, 1, 2, 1, 1, 2, 2, 1, 2, 1, 1, 1, 2, 1, 1, 2
chatcmpl-8PFjHeUq2opkadVAUh7Jqii3Otkf4, 1, 1, 1, 1, 2, 2, 1, 2, 1, 1, 2, 1, 1, 1, 1, 1, 1, 1, 1, 1, 1, 2, 1, 1, 1, 1, 2, 1, 1, 1, 1, 1, 1, 1, 1, 1, 1, 1, 1, 1, 1, 1
chatcmpl-8PFlQVFVdY5PiutFLIZT2Tt62yXhX, 2, 1, 1, 1, 2, 2, 1, 3, 2, 2, 2, 2, 1, 2, 1, 2, 1, 2, 1, 1, 2, 2, 1, 2, 1, 1, 2, 1, 2, 1, 2, 2, 2, 1, 2, 1, 2, 2, 2, 1, 1, 2
chatcmpl-8PFmu0X4msm3250iwZu8sPhC63PAZ, 2, 1, 1, 1, 3, 2, 1, 2, 1, 2, 2, 2, 1, 2, 1, 1, 1, 2, 1, 1, 1, 2, 1, 2, 1, 1, 2, 1, 2, 1, 1, 2, 2, 1, 2, 1, 2, 1, 2, 1, 1, 2
chatcmpl-8PFth74X4LmckUVRLD0X6o5GlBNJH, 2, 1, 2, 1, 2, 1, 1, 3, 2, 1, 1, 2, 1, 2, 1, 1, 1, 2, 1, 1, 1, 3, 1, 1, 1, 1, 1, 1, 2, 1, 1, 2, 2, 1, 2, 1, 1, 1, 2, 1, 1, 2
chatcmpl-8PFvfjDIIF2fjAbiGl8EEqYzC26CP, 1, 1, 1, 1, 3, 2, 1, 2, 1, 1, 2, 2, 1, 1, 1, 2, 1, 1, 1, 1, 1, 2, 1, 1, 1, 1, 2, 1, 1, 1, 1, 1, 1, 1, 1, 1, 1, 1, 2, 1, 1, 1
chatcmpl-8PFxrTQdZvlCelyYEoNnH0HQiQhc7, 2, 1, 2, 1, 2, 2, 1, 3, 2, 3, 2, 2, 2, 2, 1, 2, 1, 2, 1, 1, 2, 3, 1, 2, 1, 2, 2, 1, 2, 1, 2, 3, 3, 2, 3, 1, 2, 2, 2, 2, 1, 2
chatcmpl-8PG4FVZea3ME5SOUOoblfRvuOOtgf, 2, 1, 2, 1, 2, 2, 1, 3, 2, 2, 2, 2, 2, 2, 1, 3, 2, 2, 1, 1, 2, 2, 1, 2, 1, 2, 2, 1, 2, 2, 2, 2, 2, 2, 2, 1, 2, 2, 2, 2, 1, 2
chatcmpl-8PG5uih8BDs1poo6oUuuRzrYbm2Lx, 3, 2, 2, 1, 3, 3, 2, 4, 2, 2, 3, 4, 3, 3, 1, 3, 3, 3, 2, 3, 3, 3, 1, 3, 2, 3, 3, 3, 3, 3, 3, 3, 3, 3, 3, 3, 3, 3, 3, 3, 2, 3
chatcmpl-8PG7HhqeU3IAzdX4ymOJtr6uFXxuw, 1, 1, 1, 1, 2, 2, 1, 2, 1, 1, 1, 2, 1, 1, 1, 1, 1, 2, 1, 1, 1, 2, 1, 1, 1, 1, 1, 1, 1, 1, 2, 1, 2, 1, 1, 1, 1, 1, 2, 1, 1, 2
chatcmpl-8PG8O0MHLtWq74KTtD3pBgTbu5SaG, 2, 1, 1, 1, 3, 2, 1, 4, 2, 1, 2, 2, 1, 2, 1, 1, 1, 2, 1, 1, 1, 3, 1, 1, 1, 1, 2, 2, 3, 2, 1, 2, 3, 1, 2, 1, 1, 1, 2, 1, 1, 1
chatcmpl-8PGBp1MTTRm60io2sh2pF9cPLCVYW, 2, 1, 2, 1, 2, 2, 1, 3, 1, 2, 2, 1, 1, 2, 1, 3, 1, 2, 1, 1, 1, 2, 1, 2, 1, 1, 2, 1, 2, 1, 2, 2, 2, 1, 2, 1, 1, 1, 2, 1, 1, 2
chatcmpl-8PGDMyXFRSJqWmGpMBiOjvkniGrmT, 2, 1, 2, 1, 3, 2, 1, 3, 2, 2, 2, 4, 3, 2, 1, 3, 2, 2, 1, 2, 2, 3, 1, 3, 2, 2, 3, 3, 3, 2, 3, 2, 3, 2, 2, 2, 2, 2, 3, 3, 2, 2
chatcmpl-8PGFRCjeGp9XlLdcDAwMK5i0qGCxV, 2, 1, 1, 1, 2, 2, 1, 3, 2, 1, 2, 2, 1, 2, 1, 1, 1, 2, 3, 1, 1, 3, 1, 1, 1, 1, 2, 1, 2, 1, 1, 2, 2, 1, 2, 1, 1, 1, 2, 2, 1, 2
chatcmpl-8PGH62nho4PWHTAsGZK2M4UykHM66, 1, 1, 1, 1, 2, 2, 1, 2, 1, 1, 2, 2, 1, 2, 1, 2, 1, 2, 1, 1, 1, 2, 1, 2, 1, 1, 2, 1, 1, 1, 2, 2, 2, 1, 2, 1, 1, 1, 2, 1, 1, 2
chatcmpl-8PGL6hBi4FVp7eUBHO01H2tkiRTeQ, 2, 1, 3, 1, 2, 2, 1, 3, 2, 2, 2, 2, 2, 2, 1, 2, 2, 2, 1, 1, 2, 3, 1, 2, 1, 2, 2, 1, 2, 1, 2, 2, 3, 2, 2, 1, 2, 2, 2, 2, 1, 2
chatcmpl-8PGLxiHoBmQsy1flNVQwiM9vyWDQr, 2, 1, 3, 1, 3, 2, 1, 3, 3, 3, 2, 3, 3, 2, 1, 3, 3, 2, 1, 2, 3, 3, 1, 3, 1, 3, 2, 3, 3, 2, 3, 2, 3, 3, 2, 2, 3, 3, 2, 2, 1, 3
chatcmpl-8PGMwvcBxFvj1hIVwrbEn3FS9jVMn, 2, 2, 2, 1, 3, 2, 1, 3, 1, 2, 2, 2, 1, 2, 1, 2, 1, 2, 1, 1, 1, 3, 1, 2, 1, 1, 2, 1, 2, 2, 2, 2, 2, 1, 2, 1, 1, 1, 2, 1, 1, 2
chatcmpl-8PGORsrhK6nQmbAXXpEbWLhFLHWCN, 2, 1, 1, 1, 2, 2, 1, 3, 1, 1, 2, 1, 1, 2, 1, 1, 1, 2, 1, 1, 1, 3, 1, 1, 1, 1, 1, 1, 1, 2, 1, 2, 2, 1, 2, 1, 1, 1, 2, 1, 1, 1
chatcmpl-8PGQJ9KCz6hTv2imQH9dZr4IWctZU, 2, 1, 1, 1, 2, 2, 1, 3, 2, 1, 2, 1, 1, 2, 1, 1, 1, 2, 1, 1, 1, 2, 1, 1, 1, 1, 2, 1, 2, 1, 1, 2, 1, 1, 2, 1, 1, 1, 2, 1, 1, 2
chatcmpl-8PGRS9guHxOSBzVPcxwWTE0weoBCU, 2, 1, 1, 1, 2, 2, 1, 2, 1, 2, 2, 3, 1, 2, 1, 1, 1, 2, 1, 1, 1, 2, 1, 1, 1, 1, 2, 1, 2, 1, 2, 2, 2, 1, 2, 1, 1, 1, 2, 2, 1, 2
chatcmpl-8PGTMPhjl6KXzuRvlv1LZdRTS7wKW, 2, 1, 1, 1, 2, 2, 1, 3, 2, 2, 2, 2, 1, 2, 1, 1, 1, 2, 1, 1, 1, 3, 1, 1, 1, 1, 1, 1, 2, 1, 2, 2, 2, 1, 2, 1, 1, 1, 2, 1, 1, 2
chatcmpl-8PGXivaWdJF4vD89Iibejgx5JiA40, 2, 1, 2, 1, 2, 2, 1, 3, 2, 2, 2, 2, 1, 2, 1, 1, 1, 2, 1, 1, 2, 2, 1, 2, 1, 1, 2, 1, 3, 1, 2, 2, 2, 1, 2, 1, 2, 1, 2, 1, 1, 2
chatcmpl-8PGYiJJUIafznqoSTssrbTitCdW60, 1, 1, 1, 1, 3, 2, 1, 3, 1, 1, 1, 3, 1, 1, 1, 1, 1, 2, 1, 1, 1, 3, 1, 1, 1, 1, 1, 1, 2, 1, 1, 2, 2, 1, 2, 1, 1, 1, 1, 1, 1, 1
chatcmpl-8PGZz5BtkX2d25pbdtQDZlGGuMMPT, 2, 1, 1, 1, 2, 2, 1, 3, 2, 1, 2, 2, 1, 2, 1, 1, 1, 2, 1, 1, 1, 3, 1, 1, 1, 1, 1, 1, 1, 1, 2, 2, 2, 1, 2, 1, 1, 1, 2, 1, 1, 2
chatcmpl-8PGayoDcLr8Q8d3XHl9DO9A33Zyan, 2, 1, 2, 1, 2, 2, 1, 3, 2, 3, 2, 2, 1, 2, 1, 2, 2, 2, 1, 2, 3, 3, 1, 2, 1, 2, 2, 1, 2, 2, 2, 2, 2, 2, 2, 1, 3, 3, 2, 2, 1, 2
chatcmpl-8PGf3XTPs97LyLrg0gVPk2e1e32sO, 3, 2, 2, 1, 3, 2, 1, 3, 2, 2, 3, 2, 3, 2, 1, 3, 3, 2, 2, 2, 2, 3, 1, 3, 2, 3, 2, 3, 3, 2, 3, 2, 3, 3, 2, 3, 3, 3, 2, 3, 2, 2
chatcmpl-8PGgXBk2uYJqHvL4uXlNKqjr6IdUb, 2, 1, 1, 1, 1, 1, 2, 2, 1, 2, 1, 1, 1, 1, 1, 1, 1, 1, 1, 1, 1, 1, 1, 1, 1, 1, 1, 1, 1, 1, 1, 1, 1, 1, 1, 1, 1, 1, 1, 1, 1, 1
chatcmpl-8PGiwq6GRTUXV14CtjnasGsSZXD7K, 2, 1, 2, 1, 2, 2, 1, 3, 2, 2, 2, 3, 2, 2, 1, 2, 2, 2, 1, 1, 2, 3, 1, 3, 1, 2, 2, 1, 3, 2, 2, 2, 3, 2, 2, 1, 2, 1, 2, 2, 1, 2
chatcmpl-8PGlqxJTRtVfJpBgIr1KdUo86zagW, 2, 1, 2, 1, 2, 2, 1, 3, 2, 2, 2, 3, 2, 2, 1, 2, 1, 2, 1, 1, 1, 3, 1, 2, 1, 2, 2, 1, 2, 1, 2, 2, 3, 2, 2, 1, 2, 2, 2, 3, 1, 2
chatcmpl-8PGnasdm9RMrxxbWLoMk2XZ6C2Umh, 2, 1, 1, 1, 3, 2, 1, 3, 2, 2, 3, 3, 1, 2, 1, 1, 1, 2, 1, 1, 2, 3, 1, 2, 1, 1, 2, 2, 3, 2, 2, 2, 3, 1, 2, 1, 1, 1, 2, 2, 1, 2
chatcmpl-8PGoWnrzAO3vg8qixKPPP5aXGrXPK, 2, 1, 2, 1, 3, 2, 1, 3, 2, 2, 2, 1, 2, 2, 1, 2, 2, 1, 1, 1, 2, 3, 1, 2, 1, 2, 2, 2, 3, 2, 3, 2, 2, 2, 2, 1, 2, 2, 2, 2, 1, 2
chatcmpl-8PGpX0ZFgw432Ps70u473OxiFSHZR, 2, 2, 1, 1, 3, 2, 1, 3, 2, 2, 2, 3, 1, 2, 1, 1, 1, 2, 1, 1, 1, 2, 1, 2, 1, 2, 2, 1, 2, 1, 2, 2, 3, 1, 2, 1, 1, 1, 2, 1, 1, 2
chatcmpl-8PGqk0TTHB6BGE1z8dxR9t4pP1knP, 2, 1, 2, 1, 3, 2, 1, 3, 2, 2, 2, 3, 2, 2, 1, 2, 2, 2, 1, 2, 2, 3, 1, 2, 1, 2, 2, 2, 2, 2, 3, 2, 3, 2, 2, 2, 2, 2, 2, 2, 1, 2
chatcmpl-8PGrZ7fKeQmDi6FIHvdn0jMVAJKdm, 2, 1, 1, 1, 2, 2, 1, 3, 1, 2, 2, 2, 2, 2, 1, 2, 1, 2, 1, 1, 1, 3, 1, 2, 1, 2, 2, 1, 1, 1, 2, 2, 2, 1, 2, 1, 2, 2, 2, 1, 1, 2
chatcmpl-8PGsiqhnIpGokuqtX9daHXdHDZzCp, 2, 1, 1, 1, 1, 2, 1, 3, 1, 1, 2, 1, 1, 1, 1, 1, 1, 1, 1, 1, 1, 2, 1, 1, 1, 1, 1, 1, 1, 1, 1, 1, 1, 1, 1, 1, 1, 1, 1, 1, 1, 1
chatcmpl-8PGuzJ8pj9yaaJ0J1kX5ztVnhypZW, 2, 2, 1, 1, 2, 2, 1, 3, 1, 1, 1, 2, 1, 1, 1, 1, 1, 1, 1, 1, 1, 2, 1, 1, 1, 1, 1, 1, 1, 1, 1, 1, 1, 1, 1, 1, 1, 1, 2, 1, 1, 1
chatcmpl-8PGwbogDusZbUbmTg61gdyxdCwNzn, 2, 1, 1, 1, 2, 2, 1, 3, 3, 1, 2, 3, 2, 2, 1, 2, 1, 2, 1, 1, 2, 3, 1, 2, 1, 2, 2, 1, 2, 1, 2, 2, 3, 1, 2, 1, 2, 1, 2, 1, 1, 2
chatcmpl-8PH2lwlpCqBl1DGXGT4MxWhFKgvrk, 2, 2, 1, 1, 2, 2, 1, 3, 1, 2, 2, 2, 1, 2, 1, 1, 1, 2, 1, 1, 2, 2, 1, 2, 1, 1, 2, 1, 2, 1, 2, 2, 2, 1, 2, 1, 1, 1, 2, 1, 1, 2
chatcmpl-8PH3vRtzipljuOEWUsFBXDCXHfALK, 2, 1, 1, 1, 1, 2, 1, 2, 1, 1, 2, 2, 1, 2, 1, 1, 1, 2, 1, 1, 1, 2, 1, 1, 1, 1, 2, 1, 2, 1, 1, 2, 2, 1, 2, 1, 1, 1, 2, 1, 1, 2
chatcmpl-8PH61xj3Vd0WYvZOMcsbRHEtiyAMg, 2, 1, 1, 1, 2, 2, 1, 3, 2, 2, 2, 2, 2, 2, 1, 2, 2, 1, 1, 1, 1, 2, 1, 2, 1, 2, 2, 1, 3, 1, 2, 3, 3, 2, 2, 1, 2, 1, 2, 2, 1, 2
chatcmpl-8PH7dfLKdRcjvP9uTfdNDmOA02Aat, 2, 1, 1, 1, 3, 2, 1, 2, 2, 1, 2, 2, 1, 3, 1, 1, 1, 2, 1, 1, 1, 2, 1, 2, 1, 1, 1, 2, 2, 2, 1, 2, 3, 1, 2, 1, 1, 1, 2, 1, 1, 2
chatcmpl-8PH8M892toWodkCt9GhHhAVdIwkSo, 2, 1, 2, 1, 2, 2, 1, 3, 2, 2, 2, 2, 2, 2, 1, 2, 2, 1, 1, 1, 2, 3, 1, 2, 1, 2, 2, 1, 2, 1, 2, 1, 3, 2, 1, 1, 2, 1, 2, 2, 1, 2
chatcmpl-8PH9zIBUOHwemCyeXqX30T4lWHdqc, 2, 1, 1, 1, 2, 2, 1, 3, 1, 1, 2, 1, 1, 2, 1, 1, 1, 2, 1, 1, 1, 2, 1, 1, 1, 1, 1, 1, 1, 1, 1, 2, 2, 1, 2, 1, 1, 1, 1, 1, 1, 1
chatcmpl-8PHBo3xPBSnzQwY3dT9fbyvYua1KM, 2, 1, 2, 1, 3, 2, 1, 3, 2, 2, 2, 2, 1, 2, 1, 2, 1, 2, 1, 1, 1, 2, 1, 2, 1, 1, 2, 1, 2, 1, 2, 2, 2, 1, 3, 1, 1, 1, 2, 1, 1, 2
chatcmpl-8PHCbgfelJXVAFVlHQ8qq495WdolK, 2, 1, 1, 2, 2, 3, 1, 2, 2, 2, 2, 2, 1, 2, 1, 2, 2, 1, 1, 1, 2, 2, 1, 2, 1, 1, 2, 1, 2, 1, 2, 2, 2, 2, 2, 1, 2, 1, 2, 1, 1, 2
chatcmpl-8PHE8JvKs9gGitHKOH2r5DvsqzZ4A, 2, 1, 2, 1, 2, 2, 1, 3, 2, 2, 2, 3, 2, 1, 1, 2, 2, 1, 1, 1, 2, 3, 1, 2, 1, 2, 2, 2, 2, 2, 2, 2, 2, 2, 2, 1, 2, 2, 2, 2, 1, 2
chatcmpl-8PHF4tSxyr6WNMmIv9hwLUU1aqGSV, 2, 1, 2, 1, 3, 1, 1, 2, 1, 2, 2, 3, 1, 2, 1, 1, 1, 2, 1, 1, 2, 3, 1, 2, 1, 1, 2, 1, 2, 1, 2, 2, 3, 1, 2, 1, 2, 1, 2, 2, 1, 2
chatcmpl-8PHGFCRODsLSEjCmGBmZ3BFxyRF6x, 2, 1, 2, 1, 2, 1, 1, 3, 1, 1, 2, 2, 1, 2, 1, 2, 1, 1, 2, 1, 1, 2, 1, 2, 1, 1, 1, 1, 1, 1, 2, 1, 1, 1, 2, 1, 1, 1, 1, 1, 1, 1
chatcmpl-8PHHzchJEOiqBTRB2bguyCSH3EAQb, 2, 1, 2, 1, 3, 3, 1, 2, 2, 2, 2, 3, 2, 2, 1, 2, 2, 2, 1, 1, 2, 3, 1, 2, 1, 2, 2, 1, 3, 2, 2, 2, 3, 2, 3, 1, 2, 2, 2, 2, 1, 2
chatcmpl-8PHJ94oK9ivm07Rrxra2TeYPd3ooB, 2, 2, 1, 1, 2, 2, 1, 3, 1, 2, 2, 2, 1, 2, 1, 2, 2, 2, 1, 2, 2, 2, 1, 2, 1, 2, 2, 2, 2, 2, 2, 2, 2, 2, 2, 2, 2, 2, 2, 2, 1, 2
chatcmpl-8PHKtD9LTGl7ms5DryMoUSfBDunSK, 2, 1, 1, 1, 2, 2, 1, 2, 2, 1, 2, 2, 1, 2, 1, 1, 1, 2, 1, 1, 1, 2, 1, 2, 1, 1, 2, 1, 2, 1, 2, 2, 2, 1, 2, 1, 1, 1, 2, 1, 1, 2
chatcmpl-8PHOgNKvrRgy79EvP8KPL2vYRuICj, 1, 1, 1, 1, 2, 1, 1, 3, 1, 1, 1, 1, 1, 1, 1, 1, 1, 1, 1, 1, 1, 1, 1, 1, 1, 1, 1, 1, 1, 1, 1, 1, 1, 1, 1, 1, 1, 1, 1, 1, 1, 1
chatcmpl-8PHPxaNQqi3y4T5kOQu6TlJ5ER2bH, 2, 1, 2, 1, 3, 2, 1, 3, 2, 2, 2, 1, 1, 1, 1, 2, 2, 2, 1, 1, 2, 2, 1, 2, 1, 1, 2, 1, 2, 1, 2, 2, 2, 2, 2, 1, 2, 1, 2, 1, 1, 2
chatcmpl-8PHQnwTd0Fl9NOTMSPDpKvZC47FA3, 2, 1, 2, 1, 2, 2, 1, 3, 3, 1, 2, 3, 2, 2, 1, 2, 2, 2, 1, 1, 2, 3, 1, 2, 1, 2, 3, 3, 3, 3, 2, 2, 3, 2, 3, 2, 3, 2, 2, 3, 1, 2
chatcmpl-8PHSdVFgIzZm74TDQzFlrSPZVfbnB, 2, 1, 3, 1, 2, 2, 1, 3, 2, 2, 2, 3, 3, 2, 1, 4, 3, 2, 1, 1, 3, 3, 1, 3, 1, 4, 2, 3, 3, 1, 3, 3, 3, 3, 3, 1, 3, 3, 2, 3, 1, 2
chatcmpl-8PHTRJOPnFQzaI4DhoWc7v9yKSNtD, 1, 2, 1, 1, 2, 2, 1, 3, 1, 2, 1, 2, 1, 1, 1, 2, 1, 2, 1, 1, 2, 3, 1, 2, 1, 2, 2, 1, 3, 1, 2, 1, 2, 1, 1, 1, 1, 1, 2, 1, 1, 2
chatcmpl-8PHVjnPzdG6OcqKvkOehDCfBbP9ct, 2, 1, 2, 1, 2, 2, 1, 3, 3, 2, 2, 2, 2, 2, 2, 3, 2, 2, 1, 2, 2, 3, 1, 2, 1, 2, 2, 2, 3, 2, 3, 2, 3, 3, 2, 2, 3, 3, 2, 3, 1, 2
chatcmpl-8PHWptLKb0GVH5kNzPgIPZZ0pGleW, 2, 1, 2, 1, 1, 2, 1, 3, 1, 1, 2, 2, 2, 2, 1, 2, 1, 1, 1, 1, 2, 2, 1, 2, 1, 2, 1, 1, 3, 1, 2, 2, 1, 1, 2, 1, 2, 1, 2, 1, 1, 2
chatcmpl-8PHYOZIkV6Tpz61XmUMkdZP93qMwm, 2, 1, 2, 1, 3, 2, 1, 4, 3, 2, 2, 3, 2, 2, 1, 2, 1, 2, 1, 1, 2, 3, 1, 2, 1, 2, 3, 1, 3, 2, 2, 3, 3, 1, 3, 1, 2, 2, 3, 2, 1, 2
chatcmpl-8PHa3ErzsJlW4fV4onawH5cZwXVSL, 2, 1, 1, 1, 2, 3, 1, 3, 2, 1, 2, 2, 1, 2, 1, 1, 1, 2, 1, 1, 1, 2, 1, 1, 1, 1, 2, 1, 2, 1, 1, 2, 2, 1, 2, 1, 1, 1, 2, 1, 1, 2
chatcmpl-8PHbXUQG4zjvUVNiDkNffqmXfnl4d, 2, 1, 1, 1, 2, 2, 1, 3, 2, 2, 2, 3, 1, 2, 1, 2, 1, 2, 2, 1, 1, 3, 1, 2, 1, 1, 2, 2, 2, 1, 1, 2, 3, 1, 3, 1, 1, 2, 2, 1, 1, 2
chatcmpl-8PHdWtXVDCxXvZumO8WCmsLwNjwLs, 2, 1, 3, 1, 2, 2, 1, 3, 2, 2, 3, 1, 2, 1, 1, 3, 2, 2, 1, 1, 2, 3, 1, 3, 1, 3, 2, 1, 3, 2, 3, 2, 2, 2, 3, 1, 3, 3, 2, 2, 1, 3
chatcmpl-8PHfC2tOIpZdZidu0PnYYKHAbs1ft, 2, 1, 1, 1, 2, 2, 1, 3, 2, 1, 2, 2, 1, 2, 1, 2, 1, 2, 1, 1, 1, 3, 1, 2, 1, 1, 2, 1, 2, 1, 2, 2, 3, 1, 2, 1, 1, 1, 2, 1, 1, 2
chatcmpl-8PHh1K9F08LtnNbZBuTmt0elsWu01, 2, 1, 1, 1, 1, 2, 1, 3, 1, 2, 2, 1, 1, 1, 1, 2, 1, 1, 1, 1, 1, 2, 1, 2, 1, 1, 2, 1, 2, 1, 1, 2, 1, 1, 1, 1, 1, 1, 2, 1, 1, 1
chatcmpl-8PHicqP6aa7MeYSOMbJ7ubaVIOmsE, 2, 1, 2, 1, 2, 1, 1, 2, 2, 2, 2, 2, 2, 1, 1, 2, 1, 2, 1, 1, 2, 2, 1, 2, 1, 2, 1, 1, 2, 1, 2, 1, 2, 1, 1, 1, 2, 2, 2, 1, 1, 2
chatcmpl-8PHknB8gZLhhGU31i0iBbY1EXewZb, 2, 1, 2, 1, 3, 2, 1, 3, 2, 2, 2, 3, 2, 2, 1, 2, 2, 2, 1, 1, 2, 3, 1, 2, 1, 2, 2, 1, 3, 1, 2, 2, 2, 2, 2, 1, 2, 2, 2, 1, 1, 2
chatcmpl-8PHrBxQg6dD66hfpdencoyh4ZNLtU, 1, 1, 1, 1, 1, 1, 1, 2, 1, 1, 1, 2, 1, 1, 1, 1, 1, 1, 1, 1, 1, 2, 1, 1, 1, 1, 1, 1, 2, 1, 1, 1, 1, 1, 1, 1, 1, 1, 1, 1, 1, 1
chatcmpl-8PHsE1ijyaQIRLOBxygq4TjzZPWaU, 2, 1, 2, 1, 2, 2, 1, 3, 1, 2, 2, 1, 1, 2, 1, 3, 1, 2, 1, 1, 1, 2, 1, 2, 1, 3, 2, 1, 2, 1, 2, 2, 2, 1, 2, 1, 2, 1, 2, 1, 1, 2
chatcmpl-8PHw0GHBygjADdUSceZRrn6AK95RL, 1, 2, 1, 1, 2, 2, 1, 3, 1, 2, 2, 1, 1, 2, 1, 1, 2, 2, 1, 1, 2, 2, 1, 2, 1, 1, 2, 1, 2, 1, 2, 2, 2, 1, 2, 1, 2, 1, 2, 1, 1, 2
chatcmpl-8PHxveqeUWGveDiODlQAxnThT97ZV, 2, 1, 3, 1, 3, 2, 1, 3, 3, 2, 2, 2, 2, 2, 1, 2, 2, 2, 1, 2, 2, 3, 1, 2, 1, 2, 2, 2, 3, 2, 2, 2, 3, 2, 2, 2, 2, 3, 3, 2, 1, 3
chatcmpl-8PI0AU2N9U4xXspOeph3Beo4WKW1y, 1, 1, 1, 1, 2, 1, 1, 2, 1, 1, 1, 2, 1, 1, 1, 1, 1, 1, 1, 1, 1, 2, 1, 1, 1, 1, 1, 1, 1, 1, 1, 1, 1, 1, 1, 1, 1, 1, 1, 1, 1, 1
chatcmpl-8PI15vdDQqlrSuAgnXeWlQifmqPKn, 2, 1, 1, 1, 2, 2, 1, 2, 1, 2, 2, 2, 1, 2, 1, 2, 1, 2, 1, 1, 1, 3, 1, 2, 1, 1, 2, 1, 2, 1, 2, 2, 2, 1, 3, 1, 1, 1, 2, 1, 1, 2
chatcmpl-8PI20p5hW0Q2gWX24FWcCrTeZeZYb, 1, 1, 1, 1, 2, 2, 1, 2, 1, 1, 2, 2, 1, 1, 1, 1, 1, 1, 1, 1, 1, 1, 1, 1, 1, 1, 1, 1, 1, 1, 1, 1, 1, 1, 1, 1, 1, 1, 1, 1, 1, 1
chatcmpl-8PI3Due78ZeEQxOiTgcBcH6AuTcJq, 1, 2, 2, 1, 2, 2, 1, 3, 2, 2, 2, 2, 1, 1, 1, 1, 1, 2, 1, 1, 1, 2, 1, 1, 1, 1, 1, 1, 2, 1, 1, 2, 2, 1, 2, 1, 1, 1, 2, 2, 1, 1
chatcmpl-8PI4foic4uHL1r9bqsnvWNWcFmogy, 2, 1, 2, 1, 3, 2, 1, 4, 1, 2, 2, 3, 1, 2, 1, 2, 1, 2, 1, 1, 2, 3, 1, 2, 1, 1, 2, 1, 2, 1, 2, 2, 3, 1, 2, 1, 2, 1, 2, 1, 1, 2
chatcmpl-8PI5TAG7vPeI6hNRSR1Zwy8AtthvC, 2, 1, 2, 1, 3, 2, 1, 3, 2, 2, 2, 2, 1, 2, 1, 1, 1, 2, 1, 1, 1, 3, 1, 2, 1, 1, 2, 1, 2, 2, 1, 2, 2, 1, 2, 1, 1, 1, 2, 2, 1, 2
chatcmpl-8PI6Lg8ibI9n4zj76OiMQkfmfXagW, 2, 2, 1, 1, 2, 2, 1, 3, 1, 2, 2, 2, 1, 2, 1, 2, 1, 2, 1, 1, 2, 3, 1, 2, 1, 1, 2, 2, 3, 2, 1, 2, 2, 1, 2, 1, 2, 1, 2, 2, 1, 2
chatcmpl-8PJ4omyUvtVbX2ZZjQbaDFl2HrYLn, 2, 1, 1, 1, 2, 2, 1, 3, 1, 2, 2, 2, 1, 2, 1, 1, 1, 2, 1, 1, 1, 2, 1, 1, 1, 1, 2, 1, 2, 1, 1, 2, 2, 1, 2, 1, 1, 1, 2, 1, 1, 2
chatcmpl-8PJ5sh2lLch8EGMbA9megxJvVmztE, 1, 1, 2, 1, 2, 2, 1, 2, 2, 1, 2, 2, 1, 2, 1, 1, 1, 2, 1, 2, 1, 2, 1, 1, 1, 1, 2, 1, 2, 1, 1, 3, 2, 1, 3, 1, 1, 1, 2, 1, 1, 2
chatcmpl-8PJ6rrlsVSdmYvXsxcaoMZkaHO6Sx, 1, 1, 2, 1, 2, 2, 1, 3, 2, 1, 2, 3, 2, 1, 1, 2, 2, 2, 1, 1, 1, 2, 1, 2, 1, 2, 2, 1, 3, 1, 2, 2, 3, 1, 2, 1, 1, 1, 2, 1, 1, 2
chatcmpl-8PJ7qJOdyNZIlYTtvIg27vYV6UT7W, 2, 1, 2, 1, 2, 1, 1, 3, 1, 2, 2, 2, 1, 1, 1, 2, 1, 1, 1, 1, 2, 3, 1, 2, 1, 1, 1, 1, 1, 1, 2, 1, 2, 1, 2, 1, 2, 2, 1, 1, 1, 2
chatcmpl-8PJC0rK5WJ0qq0NOZtRweYrgbbMZA, 2, 1, 2, 1, 2, 2, 1, 3, 2, 2, 3, 2, 2, 2, 1, 2, 2, 2, 1, 1, 2, 2, 1, 2, 1, 2, 2, 1, 2, 1, 2, 2, 2, 2, 2, 1, 2, 2, 2, 1, 1, 3
chatcmpl-8PJDZsP67VYlhX2KBwTM3VLr0Esm7, 2, 1, 1, 1, 2, 2, 1, 3, 2, 2, 2, 1, 2, 2, 1, 2, 1, 3, 1, 1, 2, 3, 1, 2, 1, 2, 2, 1, 3, 1, 2, 2, 2, 1, 2, 1, 2, 1, 2, 1, 1, 2
chatcmpl-8PJFAqOj6zYZwRuo2Pr6zeuI3JBLS, 2, 1, 1, 1, 3, 2, 1, 3, 2, 1, 2, 2, 1, 1, 1, 1, 1, 2, 1, 1, 1, 2, 1, 1, 1, 1, 1, 1, 1, 1, 1, 1, 2, 1, 2, 1, 1, 1, 2, 1, 1, 1
chatcmpl-8PJGcJbg8sE6zgGLny5IyzfowvwtE, 2, 1, 1, 1, 2, 2, 1, 3, 1, 1, 2, 1, 1, 2, 1, 1, 1, 2, 1, 1, 1, 2, 1, 1, 1, 1, 1, 1, 1, 1, 1, 1, 2, 1, 1, 1, 1, 1, 1, 1, 1, 1
chatcmpl-8PJJhn8DkFfvs34OAHH1YbBVhUV4g, 2, 1, 2, 1, 2, 2, 1, 3, 2, 2, 2, 2, 1, 2, 1, 1, 1, 2, 1, 1, 2, 2, 1, 2, 1, 1, 2, 1, 3, 1, 2, 1, 2, 1, 2, 1, 1, 1, 2, 1, 1, 2
chatcmpl-8PJL2qLYZLiHQzt6aolGFKAvzadtW, 2, 1, 1, 1, 2, 2, 1, 3, 2, 1, 2, 2, 1, 2, 1, 1, 1, 2, 1, 1, 1, 2, 1, 1, 1, 1, 2, 1, 1, 1, 1, 2, 1, 1, 2, 1, 1, 1, 1, 1, 1, 2
chatcmpl-8PRJ4tjpjFv1ok3dNZuAYUiGINC0d, 2, 2, 1, 1, 1, 2, 1, 3, 1, 1, 1, 2, 1, 2, 1, 1, 1, 1, 1, 1, 1, 2, 1, 1, 1, 1, 1, 1, 2, 1, 1, 2, 1, 1, 2, 1, 1, 1, 1, 1, 1, 1
chatcmpl-8PRMGybEm1iLjqUtkIh8x3o4FWg2K, 2, 1, 2, 1, 2, 2, 1, 3, 2, 1, 2, 2, 1, 2, 1, 1, 1, 2, 1, 1, 1, 3, 1, 1, 1, 1, 2, 1, 2, 1, 1, 2, 2, 1, 2, 1, 1, 1, 1, 1, 1, 2
chatcmpl-8PRNiQTbsQIqIertXOzopvpT5Ko4E, 1, 1, 1, 1, 2, 2, 1, 2, 1, 1, 2, 2, 1, 2, 1, 2, 1, 2, 1, 1, 1, 2, 1, 1, 1, 1, 2, 1, 2, 1, 1, 1, 2, 1, 2, 1, 1, 1, 2, 1, 1, 1
chatcmpl-8PROs9vxRhA3GXAhXmuumj9GiRQ2A, 1, 1, 1, 1, 2, 2, 1, 3, 2, 1, 2, 2, 1, 2, 1, 2, 1, 2, 1, 1, 1, 3, 1, 2, 1, 1, 2, 1, 2, 1, 2, 2, 2, 1, 2, 1, 1, 1, 2, 1, 1, 3
chatcmpl-8PRQBPb0EbwQayuWW8mhhwctVc8Y4, 2, 1, 1, 1, 2, 2, 1, 3, 2, 1, 2, 2, 1, 1, 1, 1, 1, 2, 1, 1, 1, 2, 1, 1, 1, 1, 2, 1, 2, 1, 1, 2, 2, 1, 2, 1, 1, 1, 2, 1, 1, 2
chatcmpl-8PRR2i7F8lCiYxr4x1o52sc9VV9Zx, 1, 2, 2, 1, 3, 2, 1, 3, 3, 2, 2, 3, 2, 2, 1, 3, 2, 2, 1, 1, 2, 3, 1, 2, 1, 2, 3, 2, 3, 3, 2, 3, 3, 2, 3, 1, 2, 1, 3, 2, 1, 3
chatcmpl-8PRT1cm5apeUl1pAKzDH3NqWV1Jg9, 2, 1, 2, 1, 2, 2, 1, 3, 2, 2, 2, 3, 1, 2, 1, 2, 1, 2, 1, 1, 2, 2, 1, 2, 1, 1, 2, 1, 3, 1, 2, 2, 2, 1, 2, 1, 2, 1, 2, 1, 1, 2
chatcmpl-8PRUmQLa55aeot7wG8BT7fpqVCFvA, 2, 1, 2, 1, 3, 2, 1, 3, 2, 2, 2, 3, 2, 3, 1, 2, 2, 2, 1, 2, 2, 3, 1, 2, 1, 2, 2, 3, 2, 3, 2, 2, 3, 2, 2, 2, 2, 2, 2, 3, 1, 2
chatcmpl-8PRXuzGDhbmA03Bp4Mtk6oN17uRcI, 2, 1, 1, 1, 1, 1, 1, 3, 2, 1, 1, 2, 1, 2, 1, 1, 1, 1, 1, 1, 1, 2, 1, 1, 1, 1, 1, 1, 1, 1, 1, 1, 1, 1, 1, 1, 1, 1, 1, 1, 1, 1
chatcmpl-8PRZIg7Mh64oQJ3798eAYuotI0mb4, 2, 1, 2, 1, 2, 2, 1, 3, 2, 1, 1, 2, 1, 2, 1, 1, 1, 2, 1, 1, 1, 2, 1, 2, 1, 1, 2, 1, 2, 1, 1, 2, 2, 1, 2, 1, 1, 1, 2, 1, 1, 2
chatcmpl-8PRaaLNcnNfuqOwJc6cYgpe2AFNu1, 1, 1, 1, 1, 3, 2, 1, 3, 1, 1, 2, 2, 1, 1, 1, 2, 1, 2, 1, 1, 1, 2, 1, 2, 1, 1, 2, 1, 2, 1, 1, 2, 1, 1, 2, 1, 1, 1, 1, 1, 1, 2
chatcmpl-8PRbpjVI8ymXqe8FGsTcrfv2PPqMK, 2, 2, 1, 1, 2, 2, 1, 3, 2, 2, 2, 2, 2, 2, 1, 2, 1, 2, 1, 1, 2, 3, 1, 2, 1, 2, 2, 1, 2, 1, 2, 2, 2, 1, 2, 1, 2, 2, 2, 1, 1, 2
chatcmpl-8PRdlsWjGnQXR136nDgh0WCmDlV43, 1, 2, 1, 1, 2, 2, 1, 3, 1, 1, 2, 3, 2, 1, 1, 1, 1, 2, 1, 1, 1, 2, 1, 2, 1, 1, 2, 1, 2, 1, 2, 2, 2, 1, 2, 1, 1, 1, 2, 1, 1, 2
chatcmpl-8PRf2cgBnlxnstpnZfFkAw4E1SiMQ, 2, 1, 2, 1, 2, 2, 1, 3, 2, 2, 3, 3, 2, 2, 1, 3, 2, 2, 1, 1, 2, 3, 1, 3, 1, 3, 3, 2, 3, 2, 3, 2, 3, 2, 2, 1, 2, 3, 3, 3, 2, 2
chatcmpl-8PRjNNSmxwxzmKFlIzMjVFIAXjxp9, 2, 1, 1, 1, 2, 1, 1, 3, 2, 1, 2, 1, 1, 2, 1, 1, 1, 1, 1, 1, 1, 2, 1, 1, 1, 1, 1, 1, 1, 2, 1, 1, 1, 1, 1, 1, 1, 1, 1, 1, 1, 1
chatcmpl-8PRlFWTKIHz6Bmbpyr6xO1FOMMJvp, 1, 1, 2, 1, 2, 2, 1, 3, 2, 2, 2, 2, 2, 2, 1, 2, 2, 2, 1, 1, 2, 2, 1, 3, 1, 2, 2, 2, 3, 2, 2, 2, 2, 2, 2, 1, 2, 2, 2, 2, 1, 2
chatcmpl-8PRpyQnuXSZkulRamrArlQOMeVh4z, 2, 1, 1, 1, 2, 2, 1, 3, 2, 1, 2, 1, 1, 2, 1, 1, 1, 1, 1, 1, 1, 2, 1, 1, 1, 1, 1, 1, 2, 1, 1, 1, 1, 1, 1, 1, 1, 1, 1, 1, 1, 1
chatcmpl-8PRrouAbs0ZZ7ROSvndOgA9bde4iO, 2, 1, 3, 1, 2, 2, 1, 3, 2, 2, 2, 3, 2, 2, 1, 2, 2, 2, 1, 1, 2, 3, 1, 2, 1, 2, 2, 2, 3, 1, 2, 2, 3, 2, 2, 1, 2, 2, 2, 3, 1, 2
chatcmpl-8PRw1DZuBfNNYUkU8KeuppMngVZul, 2, 1, 1, 1, 2, 1, 1, 3, 1, 2, 1, 1, 1, 2, 1, 1, 1, 2, 1, 1, 1, 2, 1, 1, 1, 1, 1, 1, 1, 1, 2, 1, 1, 1, 1, 1, 1, 1, 1, 1, 1, 1
chatcmpl-8PS0fw84YfrCtO8tcJAj7o9MHxlJQ, 2, 1, 1, 1, 3, 2, 1, 3, 2, 2, 2, 3, 2, 2, 1, 2, 1, 2, 1, 1, 2, 3, 1, 2, 1, 2, 2, 1, 3, 1, 2, 2, 3, 1, 2, 1, 2, 2, 2, 1, 1, 2
chatcmpl-8PS4c3P1llzrfekr4xlS9mQ68cEfx, 2, 1, 1, 1, 2, 2, 1, 3, 1, 2, 2, 2, 1, 2, 1, 1, 1, 2, 1, 1, 1, 3, 1, 1, 1, 1, 2, 1, 2, 1, 2, 2, 1, 1, 2, 1, 2, 1, 2, 2, 1, 2
chatcmpl-8PS6CcXNgHA9r1FI0QqCuWAhezAf4, 1, 1, 1, 1, 2, 2, 1, 2, 2, 1, 2, 2, 1, 2, 1, 1, 1, 2, 1, 1, 1, 1, 1, 2, 1, 1, 1, 1, 2, 1, 1, 2, 2, 1, 2, 1, 1, 1, 2, 2, 1, 1
chatcmpl-8PSAXlr7Yxmanq9EOCIUYlmyH4XSC, 1, 1, 1, 1, 2, 2, 1, 3, 1, 1, 2, 2, 1, 2, 1, 1, 1, 2, 1, 1, 1, 2, 1, 1, 1, 1, 2, 1, 2, 1, 1, 2, 2, 1, 2, 1, 1, 1, 2, 1, 1, 2
chatcmpl-8PSCWkyisfMoD7ESnAMFx9MO5KqH9, 2, 2, 1, 1, 2, 1, 1, 3, 1, 2, 2, 1, 1, 1, 1, 2, 1, 1, 1, 1, 2, 2, 1, 1, 1, 2, 1, 1, 2, 1, 1, 2, 1, 1, 2, 1, 2, 1, 1, 1, 1, 1
chatcmpl-8PSDb9ULPLjaXyljsu9YQsjGsLO5L, 1, 1, 2, 1, 2, 2, 1, 3, 2, 1, 2, 3, 2, 2, 1, 1, 1, 2, 1, 1, 1, 3, 1, 2, 1, 2, 2, 1, 2, 1, 2, 1, 3, 1, 3, 1, 2, 1, 2, 1, 1, 2
chatcmpl-8PSFNUgPZPVjLJPbjUCb0GGCNOYNa, 2, 1, 2, 1, 2, 2, 1, 4, 2, 1, 2, 3, 2, 2, 1, 2, 1, 2, 1, 1, 1, 3, 1, 2, 1, 2, 2, 1, 2, 1, 2, 2, 3, 1, 2, 1, 2, 1, 2, 1, 1, 2
chatcmpl-8PSH0NLT7AUHVJtedbfNFtakkmr7x, 1, 2, 2, 1, 1, 2, 1, 2, 1, 1, 1, 3, 1, 1, 1, 1, 1, 1, 1, 1, 1, 2, 2, 1, 1, 1, 1, 1, 2, 1, 1, 1, 2, 1, 1, 1, 1, 1, 1, 1, 1, 1
chatcmpl-8PSIx5JOfkcYophVPk9Nofu8sAXE9, 2, 1, 1, 1, 2, 1, 1, 3, 1, 1, 1, 2, 1, 1, 1, 1, 1, 1, 1, 1, 1, 2, 1, 1, 1, 1, 1, 1, 1, 1, 1, 1, 1, 1, 1, 1, 1, 1, 1, 1, 1, 1
chatcmpl-8PSKPeTIiEdKISq0MZ0xh0EOKJ6vg, 2, 1, 1, 1, 2, 3, 1, 3, 2, 2, 2, 3, 2, 2, 1, 2, 1, 2, 1, 1, 1, 2, 1, 2, 1, 2, 2, 1, 2, 1, 2, 2, 2, 1, 2, 1, 1, 1, 2, 2, 1, 2
chatcmpl-8PSLVufVCseWMqaardA8xMJi9nnGD, 1, 2, 2, 1, 2, 2, 1, 3, 1, 1, 2, 1, 2, 2, 1, 1, 1, 2, 1, 1, 1, 3, 1, 2, 1, 1, 2, 1, 2, 1, 1, 2, 2, 1, 2, 1, 1, 1, 2, 1, 1, 2
chatcmpl-8PSMzy1qMplXlpzKZystp8b5OyBgw, 2, 1, 1, 1, 3, 2, 1, 2, 1, 1, 2, 2, 1, 2, 1, 1, 1, 3, 1, 1, 1, 2, 1, 1, 1, 1, 2, 1, 2, 1, 3, 2, 2, 1, 2, 1, 1, 1, 2, 1, 1, 3
chatcmpl-8PSOFqBcAX2TlrITtPlO2VeO8937L, 1, 1, 2, 1, 2, 2, 1, 3, 2, 2, 2, 2, 2, 2, 1, 2, 1, 2, 1, 1, 2, 2, 1, 2, 1, 2, 2, 1, 2, 1, 2, 2, 2, 1, 2, 1, 2, 1, 2, 1, 1, 2
chatcmpl-8PSUiFMSNAisrKA92GeppvnKl4IUj, 1, 1, 1, 1, 2, 2, 1, 2, 1, 1, 2, 2, 1, 2, 1, 1, 1, 1, 1, 1, 1, 1, 1, 1, 1, 1, 1, 1, 1, 1, 1, 1, 1, 1, 1, 1, 1, 1, 1, 1, 1, 1
chatcmpl-8PSVxZIGu5irISNiWx4MuRvwI2hCt, 2, 1, 2, 1, 3, 3, 1, 4, 3, 2, 2, 3, 2, 2, 1, 2, 2, 3, 1, 2, 2, 3, 1, 2, 1, 2, 3, 2, 3, 2, 3, 3, 3, 2, 3, 2, 3, 2, 3, 3, 1, 3
chatcmpl-8PSWojXTJrSVnKzhvlTdqsaBcWX66, 2, 1, 2, 1, 3, 2, 1, 3, 2, 2, 2, 2, 1, 2, 1, 2, 1, 2, 1, 1, 2, 1, 1, 2, 1, 2, 2, 1, 3, 2, 2, 2, 2, 1, 2, 1, 2, 1, 2, 2, 1, 2
chatcmpl-8PSXf7fImPKGR7Vkn7OF9WAZNmXF8, 2, 1, 1, 1, 2, 2, 1, 3, 2, 2, 2, 2, 1, 2, 1, 1, 1, 2, 1, 1, 1, 2, 1, 1, 1, 1, 2, 1, 2, 1, 1, 2, 2, 1, 2, 1, 1, 1, 2, 1, 1, 2
chatcmpl-8PSZRKwqG9AHIsJflL2TVmXSXsMhk, 2, 1, 2, 1, 1, 2, 1, 3, 2, 1, 2, 2, 1, 2, 1, 1, 1, 2, 1, 1, 1, 2, 1, 2, 1, 1, 1, 1, 2, 1, 1, 2, 1, 1, 1, 1, 1, 1, 2, 1, 1, 1
chatcmpl-8PSaSx3z6kgBl8Ur61kPPS7yPD1eW, 2, 1, 1, 1, 3, 2, 1, 3, 2, 2, 2, 3, 2, 2, 1, 2, 2, 2, 1, 1, 2, 3, 1, 3, 1, 2, 2, 1, 2, 1, 2, 2, 2, 3, 3, 1, 2, 2, 2, 3, 1, 2
chatcmpl-8PScBDejhl85pCNC5nx4DJX75hREn, 2, 1, 1, 1, 2, 2, 1, 3, 1, 1, 1, 2, 1, 1, 1, 1, 1, 1, 1, 1, 1, 3, 1, 1, 1, 1, 1, 1, 1, 1, 1, 1, 1, 1, 1, 1, 1, 1, 2, 1, 1, 1
chatcmpl-8PSdVidiUvIdPlsK3FdlLFM68isoi, 2, 1, 1, 1, 1, 2, 1, 3, 2, 1, 2, 2, 1, 2, 1, 1, 1, 2, 1, 1, 1, 2, 1, 1, 1, 1, 2, 1, 2, 1, 1, 2, 2, 1, 2, 1, 1, 1, 2, 2, 1, 1
chatcmpl-8PSenOV0N07PjJqg1dL9fgASpPcGH, 2, 1, 1, 1, 2, 2, 1, 3, 2, 2, 2, 2, 1, 2, 1, 1, 1, 2, 1, 1, 1, 2, 1, 1, 1, 2, 2, 1, 2, 1, 2, 2, 2, 1, 2, 1, 1, 1, 2, 1, 1, 2
chatcmpl-8PSgjCY3AzP4MB5eBSAtEUVVgEcAN, 2, 1, 1, 1, 2, 2, 1, 3, 2, 2, 2, 2, 1, 2, 1, 2, 1, 2, 1, 1, 2, 2, 1, 2, 1, 1, 2, 1, 2, 1, 2, 2, 2, 1, 2, 1, 2, 1, 2, 1, 1, 2
chatcmpl-8PSiSEkN8wvyz6z9qukMbV5HSDofb, 2, 1, 1, 1, 2, 2, 1, 3, 2, 2, 2, 3, 1, 2, 1, 1, 1, 2, 1, 1, 2, 3, 1, 2, 1, 1, 2, 1, 3, 1, 1, 2, 2, 1, 1, 1, 1, 1, 2, 1, 1, 2
chatcmpl-8PSkKYwlxR01lStNRTnjDXBd8BeJ7, 2, 1, 1, 1, 2, 1, 1, 2, 1, 1, 2, 2, 1, 2, 1, 1, 1, 2, 1, 1, 1, 2, 1, 1, 1, 1, 1, 1, 1, 1, 2, 1, 2, 1, 2, 1, 1, 1, 2, 1, 1, 1
chatcmpl-8PSlVOk7HIZWZy6UrtC2j8hkxv3Og, 2, 2, 2, 1, 3, 2, 1, 3, 1, 2, 2, 3, 2, 2, 1, 2, 2, 2, 1, 1, 2, 3, 1, 2, 1, 2, 2, 1, 2, 2, 2, 2, 2, 2, 2, 1, 2, 2, 2, 2, 2, 2
chatcmpl-8PSnHNZgsT3IJGLgFlYsB0Tqqlbt7, 2, 1, 2, 1, 3, 2, 1, 3, 2, 2, 3, 2, 2, 2, 1, 2, 2, 2, 1, 1, 2, 3, 1, 2, 1, 2, 3, 1, 3, 1, 2, 2, 3, 2, 2, 1, 3, 2, 3, 2, 1, 2
chatcmpl-8PSowLAyUUoLSt88IGUG1wsdNY52m, 1, 2, 1, 1, 2, 2, 1, 3, 2, 1, 2, 3, 1, 1, 1, 1, 1, 2, 1, 1, 1, 2, 1, 1, 1, 1, 2, 1, 2, 1, 1, 2, 1, 1, 2, 1, 1, 1, 1, 1, 2, 1
chatcmpl-8PSqdUwYsTq7FSjwPMFcTXzXn2dWo, 2, 1, 2, 1, 2, 2, 1, 3, 2, 2, 2, 2, 2, 2, 1, 2, 2, 2, 1, 2, 2, 3, 1, 2, 1, 3, 2, 3, 3, 1, 2, 2, 3, 2, 2, 2, 2, 2, 2, 2, 1, 2
chatcmpl-8PSsIggO6PYcmNeQEgDYjqrI8nyCV, 2, 1, 1, 1, 2, 2, 1, 3, 2, 1, 2, 2, 1, 2, 1, 1, 1, 2, 1, 1, 1, 2, 1, 2, 1, 1, 2, 1, 2, 1, 1, 2, 2, 1, 2, 1, 1, 1, 2, 1, 1, 2
chatcmpl-8PStELt7IXMcPWS6tLkzo3QqL8OXj, 2, 1, 2, 1, 2, 2, 1, 3, 2, 2, 2, 2, 1, 2, 1, 1, 1, 2, 1, 1, 1, 2, 1, 2, 1, 1, 2, 1, 2, 1, 2, 1, 2, 1, 1, 1, 1, 1, 2, 2, 1, 2
chatcmpl-8PSuK5QLySbxgs9ZVCQMzXL91cBLh, 2, 2, 3, 1, 2, 2, 1, 3, 2, 2, 2, 3, 2, 2, 1, 3, 2, 2, 1, 1, 2, 3, 1, 2, 1, 3, 2, 3, 3, 2, 3, 2, 3, 2, 2, 1, 3, 2, 2, 2, 1, 2
chatcmpl-8PSwI2jQKitJEtmlwSB6cbny7EdRn, 2, 1, 1, 1, 1, 2, 1, 3, 2, 1, 2, 2, 1, 2, 1, 1, 1, 2, 1, 1, 1, 2, 1, 1, 1, 1, 2, 1, 2, 1, 1, 2, 2, 1, 2, 1, 1, 1, 2, 1, 1, 1
chatcmpl-8PSxyHQUcu6jB7jFMyrwF01LG5KVa, 2, 1, 2, 1, 2, 2, 1, 3, 2, 2, 2, 2, 2, 2, 1, 2, 2, 2, 1, 1, 2, 3, 1, 2, 1, 2, 2, 1, 2, 1, 2, 2, 2, 2, 2, 1, 2, 2, 2, 1, 1, 2
chatcmpl-8PSznBB868pR7kWFSNM2zECkuda4l, 2, 1, 2, 1, 1, 2, 1, 3, 1, 2, 1, 2, 1, 2, 1, 2, 2, 2, 1, 1, 2, 3, 1, 2, 1, 1, 2, 1, 2, 1, 2, 2, 2, 1, 2, 1, 2, 2, 2, 1, 1, 2
chatcmpl-8PTAOWfsmLJwjGWgleOT8DjrCVvJt, 2, 1, 1, 1, 3, 2, 1, 2, 1, 1, 2, 3, 1, 2, 1, 1, 1, 2, 1, 1, 1, 2, 1, 2, 1, 2, 2, 1, 2, 1, 2, 1, 2, 1, 1, 1, 1, 1, 2, 1, 1, 2
chatcmpl-8PTBCCkOyxxOr7HuyatPXdYyOs7Iw, 2, 1, 1, 1, 2, 2, 1, 2, 2, 1, 2, 1, 1, 2, 1, 1, 1, 2, 1, 1, 1, 2, 1, 1, 1, 1, 2, 1, 1, 1, 1, 1, 1, 1, 1, 1, 1, 1, 2, 1, 1, 1
chatcmpl-8PTCtzPkktuRiL6aPOS5Tqj4Y0rrJ, 2, 1, 1, 1, 1, 1, 1, 3, 1, 1, 1, 1, 1, 1, 1, 1, 1, 1, 1, 1, 1, 1, 1, 1, 1, 1, 1, 1, 1, 1, 1, 1, 1, 1, 1, 1, 1, 1, 1, 1, 1, 1
chatcmpl-8PTEGePxcKzcoKgtOBRmy4TiWuyLa, 2, 2, 1, 1, 2, 1, 1, 3, 2, 2, 2, 2, 1, 2, 1, 1, 1, 2, 2, 1, 1, 2, 1, 2, 1, 1, 2, 1, 2, 1, 2, 2, 2, 1, 2, 1, 1, 1, 2, 2, 1, 2
chatcmpl-8PTG2uumm3TVRIabd4hoYcpSjKMDc, 2, 1, 2, 1, 3, 2, 1, 3, 2, 2, 2, 2, 2, 2, 1, 2, 2, 2, 1, 1, 2, 3, 1, 2, 1, 2, 2, 1, 2, 1, 2, 2, 2, 2, 2, 1, 2, 2, 2, 2, 1, 3
chatcmpl-8PTH1EtqmYqySwNu8nPCMEz1fpdvN, 2, 1, 1, 1, 2, 2, 1, 2, 1, 1, 2, 1, 1, 2, 1, 1, 1, 2, 1, 1, 1, 2, 1, 1, 1, 1, 2, 1, 2, 1, 1, 2, 2, 1, 2, 1, 1, 1, 2, 1, 1, 2
chatcmpl-8PTINwrDDoX5sAshnq0HXVTc6Ewbm, 2, 1, 1, 1, 3, 2, 1, 3, 3, 2, 2, 2, 2, 3, 1, 2, 1, 2, 1, 1, 1, 3, 1, 2, 1, 2, 2, 2, 3, 2, 2, 2, 3, 1, 2, 1, 1, 1, 2, 2, 1, 2
chatcmpl-8PTLq1fVdVNhok7FkEPQ7bKT0tdYO, 2, 1, 2, 1, 3, 2, 1, 3, 3, 1, 3, 2, 2, 2, 1, 2, 2, 2, 1, 1, 1, 2, 1, 2, 1, 2, 2, 2, 3, 1, 2, 2, 2, 2, 2, 1, 1, 1, 2, 1, 1, 2
chatcmpl-8PTOixq9VQ91JWAz1GNLTs1yuSnss, 2, 1, 2, 1, 2, 2, 1, 3, 2, 1, 2, 3, 2, 2, 1, 2, 2, 2, 1, 2, 1, 3, 1, 2, 1, 2, 2, 2, 3, 2, 2, 2, 3, 2, 2, 1, 1, 2, 2, 2, 1, 2
chatcmpl-8PTQwfVqY4P3tlgYPc2zMBR6BAFyw, 2, 1, 1, 1, 2, 2, 1, 3, 2, 1, 2, 2, 1, 2, 1, 1, 1, 1, 1, 1, 1, 2, 1, 1, 1, 1, 2, 1, 2, 1, 1, 1, 2, 1, 1, 1, 1, 1, 2, 1, 1, 2
chatcmpl-8PTUPGDGXH6helQ3ew5saD7luhkYR, 2, 1, 2, 1, 3, 2, 1, 3, 2, 2, 2, 3, 2, 2, 1, 2, 2, 2, 1, 2, 2, 3, 1, 2, 1, 2, 2, 2, 3, 1, 3, 2, 3, 2, 2, 1, 2, 2, 3, 2, 1, 2
chatcmpl-8PTVgr96vReqRTZ0cVHkJRLDlZhS0, 2, 1, 2, 1, 3, 2, 1, 3, 2, 2, 2, 2, 1, 2, 1, 1, 1, 2, 1, 1, 1, 3, 1, 2, 1, 1, 2, 1, 2, 1, 1, 2, 2, 1, 2, 1, 1, 1, 2, 2, 1, 2
chatcmpl-8PTX0w1aKJEBSOklk83FFLqiJRdcC, 1, 1, 1, 1, 2, 1, 1, 2, 1, 1, 2, 2, 1, 1, 1, 1, 1, 1, 1, 1, 1, 2, 1, 1, 1, 1, 1, 1, 1, 1, 1, 1, 1, 1, 1, 1, 1, 1, 1, 1, 1, 1
chatcmpl-8PTascVJqmaZo5PwTyYVfRh49NzXu, 1, 1, 1, 1, 2, 1, 1, 3, 1, 1, 1, 2, 1, 1, 1, 1, 1, 1, 1, 1, 1, 3, 1, 1, 1, 1, 1, 1, 1, 1, 1, 1, 1, 1, 1, 1, 1, 1, 1, 1, 1, 2
chatcmpl-8PTcZEWiHk9fbTUZgETZ9B6asD00X, 2, 1, 2, 1, 2, 2, 1, 3, 2, 2, 2, 2, 1, 2, 1, 1, 1, 2, 1, 1, 1, 2, 1, 2, 1, 1, 2, 1, 2, 1, 2, 2, 2, 1, 2, 1, 1, 1, 2, 1, 1, 2
chatcmpl-8PTdc8Vd4DT1SyDXzCRVFXoBlel85, 1, 1, 2, 1, 1, 2, 1, 3, 2, 1, 1, 2, 1, 2, 1, 1, 1, 1, 1, 1, 1, 2, 1, 1, 1, 1, 2, 1, 3, 1, 1, 1, 1, 1, 1, 1, 1, 1, 2, 1, 1, 1
chatcmpl-8PThD4yCbtMfO40abxFpZ5PDjSeoY, 2, 1, 1, 1, 2, 2, 1, 3, 1, 2, 2, 3, 1, 2, 1, 1, 1, 2, 1, 1, 1, 1, 1, 2, 1, 1, 2, 1, 2, 1, 2, 2, 2, 1, 2, 1, 1, 1, 2, 1, 1, 2
chatcmpl-8PTi91ACGkqiK4lmxzK9Nb9W6toGS, 2, 1, 3, 1, 2, 2, 1, 3, 2, 2, 2, 3, 2, 2, 1, 3, 3, 2, 1, 1, 2, 3, 1, 3, 2, 3, 3, 3, 3, 2, 3, 2, 3, 3, 2, 1, 3, 2, 3, 3, 2, 3
chatcmpl-8PTjZZNEberiwUax4gOSAPvMwUBVC, 2, 2, 3, 2, 3, 2, 2, 3, 3, 3, 2, 3, 3, 2, 2, 4, 4, 2, 2, 3, 4, 3, 2, 3, 2, 3, 2, 3, 3, 2, 3, 3, 3, 4, 3, 3, 3, 4, 3, 3, 2, 3
chatcmpl-8PTkvhxUG6xBig8a0C7fFJ2v4Fo5m, 2, 1, 1, 1, 2, 2, 1, 3, 1, 1, 2, 2, 1, 1, 1, 1, 1, 2, 1, 1, 1, 2, 1, 1, 1, 1, 2, 1, 2, 1, 1, 1, 2, 1, 2, 1, 1, 1, 2, 1, 1, 2
chatcmpl-8PTmn5EMGMz05nViOEe51BgUX2G9y, 2, 1, 2, 1, 3, 2, 1, 3, 2, 2, 2, 3, 2, 2, 1, 2, 1, 3, 1, 1, 2, 2, 1, 2, 1, 2, 2, 1, 2, 2, 2, 2, 3, 2, 2, 1, 2, 2, 2, 2, 1, 2
chatcmpl-8PTomchYQ0Gu0ORwzgW9sEFaCRlQn, 2, 1, 1, 1, 1, 2, 1, 3, 1, 1, 2, 2, 1, 1, 1, 2, 1, 2, 1, 1, 1, 2, 1, 1, 1, 1, 2, 1, 1, 1, 1, 2, 1, 1, 2, 1, 1, 1, 1, 1, 1, 1
chatcmpl-8PTqImRCTH4ygw5dRHY3w4HymVU6j, 2, 1, 1, 1, 1, 2, 1, 3, 1, 1, 2, 3, 1, 2, 1, 1, 1, 2, 1, 1, 1, 2, 1, 1, 1, 1, 2, 1, 1, 1, 1, 2, 1, 1, 2, 1, 1, 1, 2, 1, 1, 1
chatcmpl-8PTrYVz2UYXfXE2dhgaYjMbHohbAj, 2, 1, 2, 1, 2, 3, 1, 3, 1, 2, 2, 2, 2, 2, 1, 2, 1, 2, 1, 1, 2, 3, 1, 2, 1, 2, 2, 1, 3, 1, 2, 2, 2, 1, 2, 1, 2, 1, 2, 2, 1, 2
chatcmpl-8PTt7mwbJepKrRhG8E6QbdGwh33yx, 2, 1, 1, 1, 1, 2, 1, 3, 2, 1, 1, 2, 1, 1, 1, 1, 1, 2, 1, 1, 1, 3, 1, 1, 1, 1, 1, 1, 1, 1, 2, 1, 2, 1, 1, 1, 1, 1, 1, 1, 1, 1
chatcmpl-8PTuYJkjez4CJd3dXC1VgTgNOXAc2, 1, 1, 1, 1, 2, 2, 1, 3, 1, 2, 2, 2, 1, 2, 1, 2, 1, 2, 1, 1, 2, 2, 1, 2, 1, 1, 2, 1, 3, 2, 2, 1, 2, 1, 2, 1, 1, 2, 2, 1, 1, 2
chatcmpl-8PTyxi0rVuIyKQATqc64QASFLawEX, 2, 1, 1, 1, 2, 2, 1, 3, 2, 2, 2, 2, 1, 2, 1, 1, 1, 2, 1, 1, 1, 2, 1, 1, 1, 1, 2, 1, 2, 1, 1, 2, 2, 1, 2, 1, 1, 1, 2, 1, 1, 2
chatcmpl-8PU28XZ0hOBRyntSOSG4qhvGjw0ML, 2, 1, 2, 1, 2, 2, 1, 3, 1, 1, 2, 2, 2, 2, 1, 2, 1, 2, 1, 1, 1, 2, 1, 2, 1, 2, 2, 1, 3, 1, 2, 2, 2, 1, 2, 1, 2, 1, 2, 1, 1, 2
chatcmpl-8PU43q9R7R53iVwtTMDUZkqN2YaMF, 2, 1, 2, 1, 2, 2, 1, 3, 2, 1, 2, 2, 1, 2, 1, 2, 1, 2, 1, 2, 1, 3, 1, 2, 1, 1, 2, 2, 2, 2, 2, 2, 2, 1, 2, 1, 1, 1, 2, 2, 1, 2
chatcmpl-8PU5TKLNi8aJcqvjqHmt44kpo1UJ4, 2, 1, 2, 1, 2, 1, 1, 3, 1, 1, 1, 2, 2, 1, 1, 2, 1, 2, 1, 1, 1, 2, 1, 2, 1, 2, 1, 1, 2, 1, 2, 2, 3, 1, 2, 1, 1, 2, 2, 1, 1, 2
chatcmpl-8PU7bet4OphFn27QF31aiIJ3zPope, 2, 1, 2, 1, 2, 2, 1, 3, 2, 1, 2, 1, 2, 2, 1, 2, 2, 2, 1, 1, 1, 2, 1, 2, 1, 2, 2, 1, 3, 1, 2, 2, 2, 2, 2, 1, 1, 1, 2, 1, 1, 2
chatcmpl-8PU8a8t13RiP3OqNrkwbBGDSniJ8b, 2, 1, 1, 1, 2, 2, 1, 3, 1, 1, 1, 1, 1, 1, 1, 1, 1, 1, 1, 1, 1, 1, 1, 1, 1, 1, 1, 1, 1, 1, 1, 1, 1, 1, 1, 1, 1, 1, 1, 1, 1, 1
chatcmpl-8PU9YAuqspaIHpV0zdiLtSwVUyBt8, 1, 1, 1, 1, 2, 2, 1, 3, 1, 1, 1, 2, 1, 1, 1, 1, 1, 1, 1, 1, 1, 2, 1, 1, 1, 1, 2, 1, 1, 1, 1, 1, 1, 1, 1, 1, 1, 1, 1, 1, 1, 1
chatcmpl-8PUClM94yWqqpBAkGFYL8mNC4UZLy, 2, 2, 1, 1, 2, 2, 1, 3, 1, 2, 2, 2, 1, 2, 1, 1, 1, 2, 1, 1, 2, 1, 1, 1, 1, 1, 2, 1, 1, 1, 1, 1, 1, 1, 1, 1, 1, 1, 1, 1, 1, 1
chatcmpl-8PUH4VL0tSySnIckqxSjLx3Y0od2h, 2, 1, 1, 1, 2, 2, 1, 3, 2, 2, 2, 2, 1, 1, 1, 1, 2, 1, 1, 1, 1, 2, 1, 1, 1, 1, 1, 1, 2, 1, 1, 2, 1, 2, 2, 1, 2, 1, 2, 1, 1, 2
chatcmpl-8PUIQy8VZy6KjLVc0HKzOvdLMbVvK, 2, 1, 1, 1, 2, 2, 1, 3, 1, 2, 2, 2, 1, 2, 1, 1, 1, 2, 1, 1, 1, 2, 1, 2, 1, 1, 2, 1, 2, 1, 1, 2, 2, 1, 2, 1, 1, 1, 2, 1, 1, 2
chatcmpl-8PUKb8XXMa1k6KlHqqyHa82hdgAaT, 2, 1, 2, 1, 3, 2, 1, 3, 2, 2, 2, 2, 2, 2, 1, 2, 2, 2, 1, 2, 2, 3, 1, 2, 1, 2, 2, 1, 3, 2, 2, 2, 3, 2, 2, 2, 2, 2, 2, 2, 1, 2
chatcmpl-8PUMt84HKetEDTrhlvHfPwdWZVkoF, 2, 1, 2, 1, 2, 2, 1, 3, 3, 3, 2, 2, 3, 2, 1, 3, 2, 2, 1, 2, 3, 3, 1, 3, 2, 3, 2, 3, 3, 2, 3, 2, 3, 3, 2, 3, 3, 3, 2, 3, 2, 2
chatcmpl-8PUOML4zfTUDZXsvgsVquM16OMPhx, 2, 1, 2, 1, 2, 2, 1, 3, 1, 2, 2, 2, 1, 2, 1, 1, 1, 2, 1, 1, 2, 3, 1, 2, 1, 1, 2, 1, 2, 2, 1, 2, 2, 1, 2, 1, 1, 1, 2, 2, 1, 2
chatcmpl-8PUSmoM3UdqSY8ap5CjmyQQIJUgA6, 1, 2, 1, 1, 2, 2, 1, 3, 1, 1, 2, 2, 1, 2, 1, 1, 1, 2, 1, 1, 1, 2, 1, 2, 1, 1, 2, 1, 2, 1, 2, 2, 1, 1, 2, 1, 1, 1, 2, 1, 1, 2
chatcmpl-8PUThUDvX69fBANpVLcGe7qS9zyRK, 2, 1, 1, 1, 2, 1, 1, 3, 1, 1, 2, 1, 1, 1, 1, 1, 1, 1, 1, 1, 1, 2, 1, 1, 1, 1, 2, 1, 1, 1, 1, 1, 1, 1, 1, 1, 1, 1, 1, 1, 1, 1
chatcmpl-8PUUxzOyYPisowXARuJpJdZsEx9pS, 2, 1, 1, 1, 2, 2, 1, 3, 1, 2, 2, 2, 1, 2, 1, 1, 1, 2, 1, 1, 1, 2, 1, 1, 1, 1, 2, 1, 1, 1, 1, 2, 1, 1, 2, 1, 1, 1, 1, 1, 1, 2
chatcmpl-8PUWlC5pQLdVPe9ov3uWEbGs9P3dn, 1, 2, 2, 1, 2, 2, 1, 3, 2, 2, 2, 1, 1, 2, 1, 1, 1, 2, 1, 1, 1, 2, 1, 2, 1, 1, 1, 1, 2, 1, 2, 2, 2, 1, 2, 1, 1, 1, 2, 1, 1, 1
chatcmpl-8PUYqX64c2JleutqRbsIxRwRAINh1, 2, 1, 1, 1, 3, 2, 1, 3, 1, 1, 3, 2, 1, 2, 1, 2, 1, 2, 1, 1, 1, 2, 1, 2, 1, 2, 2, 1, 2, 1, 2, 2, 2, 1, 2, 1, 1, 1, 2, 1, 1, 2
chatcmpl-8PUZXGgz0TRbjlVTiTviymluvFB95, 1, 2, 1, 1, 2, 2, 1, 3, 2, 2, 2, 2, 1, 2, 1, 2, 1, 2, 1, 1, 1, 2, 1, 2, 1, 2, 2, 1, 2, 1, 2, 2, 2, 1, 2, 1, 1, 1, 2, 1, 1, 2
chatcmpl-8PUbXMecDdz1GiRV07uGnjJyTvKHt, 2, 1, 1, 1, 2, 2, 1, 2, 1, 1, 2, 2, 1, 2, 1, 1, 1, 2, 1, 1, 1, 2, 1, 1, 1, 1, 2, 1, 2, 1, 1, 2, 2, 1, 2, 1, 1, 1, 2, 1, 1, 1
chatcmpl-8PUdVESej2CoDsoDYtpszNs3GnVGn, 1, 2, 2, 1, 2, 2, 1, 3, 2, 2, 2, 3, 2, 2, 1, 2, 1, 2, 1, 1, 2, 3, 1, 2, 1, 2, 2, 1, 3, 1, 2, 2, 3, 1, 2, 1, 2, 1, 2, 2, 1, 2
chatcmpl-8PUfC3TMtdeQ2EEJVc1I0ZJ9L3IaQ, 2, 1, 2, 1, 3, 2, 1, 3, 2, 2, 2, 2, 2, 1, 1, 2, 1, 2, 1, 1, 2, 3, 1, 2, 1, 2, 2, 2, 2, 2, 2, 2, 3, 1, 3, 1, 2, 2, 2, 2, 1, 2
chatcmpl-8PUgVFQL2rwyszNqdwRKiL1hzat6i, 2, 1, 1, 1, 2, 2, 1, 3, 1, 1, 2, 2, 1, 2, 1, 1, 1, 2, 1, 1, 1, 3, 1, 1, 1, 1, 2, 1, 2, 1, 1, 2, 2, 1, 2, 1, 1, 1, 2, 1, 1, 2
chatcmpl-8PUhxSXisHXnsbYSkiOrtUXXteqsv, 2, 1, 1, 1, 2, 2, 1, 3, 1, 1, 2, 1, 1, 2, 1, 1, 1, 2, 1, 1, 1, 2, 1, 1, 1, 1, 1, 1, 2, 1, 1, 2, 2, 1, 2, 1, 1, 1, 2, 1, 1, 1
chatcmpl-8PUjBT5ZsBlp91Kw9FSj4VnFN1gDb, 2, 1, 3, 1, 2, 2, 1, 3, 2, 2, 2, 2, 3, 2, 1, 3, 3, 2, 1, 2, 3, 3, 1, 3, 1, 4, 2, 3, 3, 2, 3, 2, 3, 3, 2, 4, 3, 4, 2, 3, 1, 2
chatcmpl-8PUkG8qH2tPL2FV64K2i7D8RNt6CA, 2, 1, 1, 1, 2, 2, 1, 3, 2, 1, 2, 2, 1, 2, 1, 1, 1, 2, 1, 1, 1, 3, 1, 1, 1, 1, 2, 2, 2, 2, 2, 2, 3, 1, 2, 1, 1, 1, 2, 2, 1, 2
chatcmpl-8PUm72Y4QO65QN8drtsxzy8gjeEOL, 1, 1, 1, 1, 2, 2, 1, 2, 1, 1, 2, 2, 1, 2, 1, 1, 1, 2, 1, 1, 1, 2, 1, 1, 1, 2, 2, 1, 2, 1, 1, 2, 1, 1, 2, 1, 1, 1, 2, 1, 1, 1
chatcmpl-8PUnyUWB54bytFDltpqTruSlUh3YB, 2, 1, 1, 1, 2, 2, 1, 2, 2, 2, 2, 2, 1, 2, 1, 1, 1, 2, 1, 1, 1, 2, 1, 2, 1, 1, 2, 1, 2, 1, 1, 2, 2, 1, 2, 1, 1, 1, 2, 1, 1, 2
chatcmpl-8PUpdslzjC1If10EhoQSUKrQ0B7EW, 2, 1, 2, 1, 2, 2, 1, 3, 2, 2, 2, 3, 1, 2, 1, 2, 2, 2, 1, 1, 2, 2, 1, 2, 2, 1, 2, 2, 2, 2, 2, 2, 2, 2, 2, 1, 2, 2, 2, 2, 1, 2
chatcmpl-8PUsfCrOOQCwEvuLfCPsfzzUwzL3Y, 1, 1, 1, 1, 2, 2, 1, 3, 1, 1, 2, 2, 1, 2, 1, 1, 1, 2, 1, 1, 1, 2, 1, 1, 1, 1, 2, 1, 2, 1, 1, 2, 1, 1, 2, 1, 1, 1, 2, 1, 1, 1
chatcmpl-8PUuasSKEJSEC5erm4BZdHUhqoNIg, 2, 1, 2, 1, 3, 2, 1, 3, 2, 2, 2, 3, 2, 2, 1, 2, 2, 2, 1, 1, 2, 3, 1, 2, 1, 2, 2, 2, 3, 2, 2, 2, 3, 2, 3, 1, 2, 2, 2, 2, 1, 2
chatcmpl-8PUwFyl3mPXEL7oxWyB7zzWRrKCQh, 2, 1, 2, 1, 3, 2, 1, 3, 2, 3, 2, 4, 2, 2, 1, 3, 2, 2, 1, 2, 3, 3, 1, 3, 1, 3, 2, 2, 2, 2, 3, 2, 3, 2, 2, 2, 3, 4, 2, 3, 1, 2
chatcmpl-8PUxxOtwYhUiGffV250mnuSzCQqsj, 1, 1, 2, 1, 2, 2, 1, 3, 2, 1, 2, 2, 1, 2, 1, 1, 1, 2, 1, 1, 1, 2, 1, 2, 1, 1, 2, 1, 2, 1, 1, 1, 1, 1, 1, 1, 1, 1, 1, 1, 1, 1
chatcmpl-8PV04IKc6iA402K6U5PhNAYcJuR94, 2, 1, 1, 1, 2, 1, 1, 3, 2, 1, 1, 2, 1, 1, 1, 1, 1, 2, 1, 1, 1, 2, 1, 1, 1, 1, 1, 1, 1, 1, 1, 2, 2, 1, 2, 1, 1, 1, 2, 1, 1, 1
chatcmpl-8PV1V7Oz45fTLgerNOokLMHseCzCb, 2, 1, 1, 1, 2, 2, 1, 2, 1, 1, 2, 2, 1, 2, 1, 1, 1, 2, 2, 1, 1, 2, 1, 1, 1, 1, 2, 1, 2, 1, 1, 2, 2, 1, 2, 1, 1, 1, 2, 1, 1, 2
chatcmpl-8PV3KYzz3dEvJotMC52udjk5V8enp, 2, 1, 1, 1, 3, 1, 1, 2, 2, 1, 1, 2, 1, 1, 1, 1, 1, 1, 1, 1, 1, 2, 1, 1, 1, 1, 1, 1, 2, 1, 1, 1, 2, 1, 1, 1, 1, 1, 2, 1, 1, 1
chatcmpl-8PV50noS1yotAusZixAtn0XpvdCjM, 2, 1, 1, 1, 2, 2, 1, 3, 2, 1, 2, 2, 1, 2, 1, 1, 1, 2, 1, 1, 1, 2, 1, 1, 1, 1, 2, 1, 2, 1, 1, 1, 1, 1, 1, 1, 1, 1, 1, 1, 1, 1
chatcmpl-8PV5lSJ6rrrlGv51IK54pSLrAdPsx, 2, 1, 2, 1, 2, 2, 1, 3, 1, 1, 2, 2, 1, 2, 1, 1, 1, 2, 1, 1, 2, 2, 1, 1, 1, 1, 2, 1, 2, 1, 2, 1, 3, 1, 2, 1, 1, 2, 2, 2, 1, 2
chatcmpl-8PV70XodkvlMJi5iak1y1GkGSaAUO, 2, 1, 1, 1, 2, 2, 1, 3, 2, 1, 2, 2, 1, 2, 1, 1, 1, 2, 1, 1, 1, 3, 1, 1, 1, 1, 2, 1, 2, 2, 2, 2, 2, 1, 2, 1, 1, 1, 2, 2, 1, 2
chatcmpl-8PV8Zcq6rwzfuflCf4gVbCqeQ1hm9, 2, 1, 2, 1, 3, 2, 1, 3, 2, 1, 2, 2, 2, 2, 1, 2, 1, 2, 1, 1, 1, 3, 1, 2, 1, 2, 2, 1, 2, 1, 2, 2, 2, 1, 2, 1, 2, 1, 2, 1, 1, 2
chatcmpl-8PVA9SeZKGGPJ3h9jDUPEyLdevCW7, 2, 1, 2, 1, 2, 3, 1, 3, 2, 2, 1, 2, 1, 2, 1, 1, 1, 2, 1, 1, 2, 2, 1, 2, 1, 1, 2, 1, 2, 1, 2, 2, 2, 1, 2, 1, 2, 1, 2, 1, 1, 2
chatcmpl-8PVBWIxOLr3Bgng1voZpSEgGXt9fA, 2, 1, 2, 1, 2, 2, 1, 3, 2, 2, 2, 2, 1, 2, 1, 1, 1, 2, 1, 1, 1, 2, 1, 2, 1, 1, 2, 1, 2, 1, 1, 2, 1, 1, 2, 1, 1, 1, 2, 1, 1, 2
chatcmpl-8PVCtdIA2WHj1yr2VS5vhkVCjwwkF, 1, 2, 1, 1, 2, 2, 1, 2, 1, 1, 2, 1, 1, 1, 1, 1, 1, 2, 1, 1, 1, 2, 1, 1, 1, 1, 1, 1, 2, 1, 1, 1, 1, 1, 1, 1, 1, 1, 1, 1, 1, 1
chatcmpl-8PVEtW3hVs9IPVk7zKKO0vN2jZHp8, 2, 1, 1, 1, 2, 2, 1, 3, 2, 1, 2, 2, 1, 2, 1, 1, 1, 1, 1, 1, 1, 2, 1, 1, 1, 2, 2, 1, 2, 1, 1, 1, 2, 1, 2, 1, 1, 1, 2, 2, 1, 1
chatcmpl-8PVGQOBFMjrX94XhXKCtFct6ZdV63, 2, 1, 2, 1, 2, 1, 1, 3, 2, 2, 1, 3, 1, 1, 1, 1, 1, 1, 1, 1, 1, 2, 1, 1, 1, 1, 1, 1, 1, 1, 1, 1, 1, 1, 1, 1, 1, 1, 1, 1, 1, 1
chatcmpl-8PVHC9AoAKob4K8InfwJ5bkTLGoWe, 2, 1, 3, 2, 2, 2, 1, 3, 1, 1, 2, 4, 3, 2, 1, 2, 2, 3, 1, 1, 1, 3, 1, 2, 1, 3, 2, 2, 2, 1, 2, 2, 3, 2, 2, 1, 1, 1, 2, 2, 1, 2
chatcmpl-8PVIslTx6OcLj3vCanwK8eBDjAG5S, 2, 1, 3, 1, 2, 2, 1, 3, 2, 3, 2, 3, 3, 2, 1, 3, 3, 2, 1, 2, 3, 3, 1, 3, 1, 3, 2, 2, 2, 2, 3, 3, 3, 3, 3, 1, 3, 3, 2, 2, 1, 3
chatcmpl-8PVK7YjbclbFjY71YO27jnemNzpyg, 2, 1, 1, 1, 2, 2, 1, 3, 1, 1, 2, 1, 1, 2, 1, 1, 1, 2, 1, 1, 1, 2, 1, 1, 1, 1, 2, 1, 2, 1, 1, 2, 2, 1, 2, 1, 1, 1, 2, 1, 1, 1
chatcmpl-8PVNosVDzQ8Fc5eDIJSzoBhpxO1ZL, 1, 1, 2, 1, 3, 2, 1, 3, 2, 2, 2, 3, 2, 2, 1, 3, 2, 2, 1, 2, 2, 3, 1, 2, 1, 2, 2, 2, 3, 2, 2, 2, 3, 2, 2, 2, 2, 2, 2, 2, 1, 2
chatcmpl-8PVP6wWn5uStLFdwjAMLft1DpM7UU, 2, 1, 1, 1, 3, 2, 1, 3, 2, 2, 2, 2, 1, 2, 1, 1, 1, 2, 1, 1, 1, 3, 1, 2, 1, 1, 2, 1, 2, 1, 1, 2, 2, 1, 2, 1, 1, 1, 2, 1, 1, 2
chatcmpl-8PVQ6c4nOX4o4lTkQH144ItOOFajC, 2, 1, 1, 1, 3, 2, 1, 3, 2, 2, 2, 3, 1, 2, 1, 2, 1, 2, 1, 1, 2, 3, 1, 2, 1, 2, 2, 2, 3, 2, 2, 2, 3, 1, 2, 2, 2, 2, 2, 3, 1, 2
chatcmpl-8PVRym5xmIm3bFXDT8tOEnSJsIazK, 2, 1, 2, 1, 3, 2, 1, 3, 2, 2, 2, 3, 2, 2, 1, 2, 2, 2, 1, 1, 2, 3, 1, 2, 1, 2, 3, 2, 3, 2, 2, 2, 3, 2, 2, 1, 2, 2, 3, 2, 1, 2
chatcmpl-8PVTeAg2V7xm9S60yNfH89w2q0ItT, 1, 1, 2, 1, 3, 2, 1, 3, 2, 2, 2, 1, 1, 1, 1, 2, 1, 2, 1, 1, 2, 2, 1, 2, 1, 1, 1, 1, 1, 1, 2, 2, 2, 1, 2, 1, 2, 2, 2, 1, 1, 2
chatcmpl-8PVUSSx1Bm1SvMHvOAHM2wlSyUqJF, 2, 1, 2, 1, 1, 2, 1, 3, 2, 2, 2, 2, 1, 1, 1, 2, 1, 2, 1, 1, 2, 3, 1, 2, 1, 1, 2, 1, 3, 1, 1, 2, 2, 1, 2, 1, 2, 1, 2, 1, 1, 1
chatcmpl-8PVVr7k0WVOlcT2f7BzizrW975Fot, 3, 1, 2, 1, 3, 2, 1, 3, 3, 2, 2, 3, 3, 2, 1, 3, 4, 2, 1, 2, 3, 3, 1, 3, 1, 4, 3, 4, 3, 3, 2, 3, 3, 4, 3, 4, 3, 4, 3, 4, 1, 2
chatcmpl-8PVY1PFlVTzjPqzEvlmQsGlFPwBSk, 1, 1, 1, 1, 2, 2, 1, 2, 1, 1, 2, 2, 1, 2, 1, 1, 1, 2, 1, 1, 1, 2, 1, 1, 1, 1, 2, 1, 1, 1, 1, 1, 2, 1, 2, 1, 1, 1, 1, 1, 1, 1
chatcmpl-8PVa2r4nFnZiBoU0yRl7UHTsoZRKa, 1, 2, 2, 1, 2, 2, 1, 3, 2, 2, 2, 2, 1, 2, 1, 1, 1, 2, 1, 1, 2, 2, 1, 2, 1, 1, 2, 1, 2, 1, 1, 2, 2, 1, 2, 1, 1, 1, 2, 1, 1, 2
chatcmpl-8PVbSjHjXlEUWSNkuG1TW9YGELQ8K, 2, 1, 2, 1, 2, 1, 1, 3, 2, 2, 2, 3, 2, 2, 1, 2, 2, 2, 1, 1, 2, 3, 1, 2, 1, 2, 2, 3, 3, 2, 2, 2, 3, 2, 2, 2, 2, 2, 2, 2, 1, 2
chatcmpl-8PVdffYh1J7Y9wZXI9DEGh7iAn7XQ, 2, 1, 1, 1, 2, 2, 1, 3, 1, 1, 2, 1, 1, 2, 1, 1, 1, 2, 1, 1, 1, 2, 1, 1, 1, 1, 2, 1, 1, 1, 1, 2, 1, 1, 1, 1, 1, 1, 2, 1, 1, 1
chatcmpl-8PVhKF1MzXku9ThtsDCyGLOgoZQmq, 2, 1, 1, 1, 2, 2, 1, 3, 1, 2, 2, 1, 1, 2, 1, 2, 1, 2, 1, 1, 1, 2, 1, 2, 1, 1, 2, 1, 2, 1, 2, 2, 2, 1, 2, 1, 1, 2, 1, 1, 2, 2
chatcmpl-8PVimu7zPVE6bWCktzbv9ia2QRvq5, 2, 2, 1, 1, 2, 3, 1, 3, 2, 1, 2, 2, 1, 2, 1, 2, 1, 3, 1, 1, 2, 2, 1, 2, 1, 1, 2, 1, 2, 1, 2, 2, 2, 1, 3, 1, 1, 1, 2, 1, 1, 2
chatcmpl-8PVjY3zm0w8TvFLoXF1T1SRilBKXW, 2, 1, 1, 1, 1, 1, 1, 2, 1, 1, 1, 1, 1, 1, 1, 1, 1, 1, 1, 1, 1, 2, 1, 1, 1, 1, 1, 1, 1, 1, 1, 1, 1, 1, 1, 1, 1, 1, 1, 1, 1, 1
chatcmpl-8PVkIDIlQ7pYrJYKxyoDcLnP48upT, 2, 1, 2, 1, 2, 2, 1, 3, 1, 1, 2, 2, 1, 2, 1, 1, 1, 2, 1, 1, 1, 3, 1, 1, 1, 2, 2, 1, 3, 1, 2, 1, 2, 1, 1, 1, 1, 1, 2, 1, 1, 2
chatcmpl-8PVp3FPRas1y1yNWyH0edaocu3Ucf, 2, 1, 2, 1, 2, 2, 1, 3, 2, 2, 2, 1, 1, 2, 1, 1, 1, 2, 1, 1, 2, 3, 1, 2, 1, 2, 2, 1, 2, 1, 2, 2, 2, 1, 2, 1, 2, 2, 2, 1, 1, 2
chatcmpl-8PVqtbPa5f0zUoHe3YTeE8UHQoPKw, 2, 1, 1, 1, 2, 2, 1, 3, 1, 2, 2, 3, 2, 2, 1, 1, 1, 2, 2, 1, 1, 3, 1, 2, 1, 2, 2, 1, 3, 1, 2, 2, 2, 1, 2, 1, 1, 1, 2, 1, 1, 2
chatcmpl-8PVu5rgJvMqOpkZsbosK5MsraVn3n, 2, 1, 2, 1, 2, 2, 1, 3, 1, 2, 2, 3, 1, 3, 1, 2, 1, 2, 1, 2, 2, 3, 1, 2, 1, 1, 2, 1, 2, 1, 2, 2, 2, 1, 2, 1, 2, 1, 2, 1, 1, 2
chatcmpl-8PVvtHGLO9JiAUA6P0nuiQ9cppCSg, 1, 1, 1, 1, 2, 1, 1, 3, 1, 1, 1, 2, 1, 1, 1, 1, 1, 1, 1, 1, 1, 1, 1, 1, 1, 1, 1, 1, 1, 1, 1, 1, 1, 1, 1, 1, 1, 1, 1, 1, 1, 1
chatcmpl-8PVx3SHnpjGGkKapYmGLHM8AVKvLV, 1, 1, 1, 1, 3, 2, 1, 2, 1, 1, 2, 3, 1, 2, 1, 1, 1, 3, 1, 1, 1, 3, 1, 1, 1, 1, 2, 1, 1, 1, 1, 1, 2, 1, 1, 1, 1, 1, 1, 1, 1, 2
chatcmpl-8PW0pR81OzdBh5QpbWbpp1j6fc4w0, 2, 1, 1, 1, 2, 2, 1, 3, 2, 1, 2, 3, 2, 2, 1, 1, 1, 2, 1, 1, 1, 2, 1, 2, 1, 2, 2, 2, 2, 2, 2, 2, 3, 1, 2, 1, 1, 1, 2, 2, 1, 2
chatcmpl-8PW2mz68wY1ugNMZxBOUhHnmvP9KN, 2, 1, 2, 1, 2, 2, 1, 2, 2, 1, 2, 3, 2, 2, 1, 2, 1, 2, 1, 1, 1, 3, 1, 2, 1, 2, 2, 1, 2, 1, 2, 2, 2, 1, 2, 1, 1, 1, 2, 1, 1, 2
chatcmpl-8PXcEAS9lSiHGAfCq3yeyn5cNKQCW, 1, 1, 1, 1, 1, 1, 1, 1, 1, 1, 2, 1, 1, 1, 1, 1, 1, 1, 1, 1, 1, 1, 1, 1, 1, 1, 1, 1, 1, 1, 1, 1, 1, 1, 1, 1, 1, 1, 1, 1, 1, 1
chatcmpl-8PXgUNg6QZbb0bqSruTARG8OD1QU0, 2, 1, 1, 1, 3, 4, 1, 3, 1, 1, 2, 3, 1, 2, 1, 1, 1, 2, 1, 1, 1, 2, 1, 1, 1, 1, 2, 2, 2, 1, 1, 2, 1, 1, 2, 1, 1, 1, 2, 2, 1, 3
chatcmpl-8PXi8WRrPSiePeN0gPdqFm61cnwR7, 2, 1, 2, 1, 2, 1, 1, 3, 2, 2, 2, 1, 2, 2, 1, 2, 2, 2, 1, 2, 2, 3, 1, 2, 1, 2, 2, 2, 2, 2, 2, 2, 3, 2, 2, 2, 2, 2, 2, 2, 1, 2
chatcmpl-8PXjXvF52oUoTrYslEkYGYhZF3RWx, 1, 1, 1, 1, 3, 2, 1, 3, 2, 1, 2, 3, 1, 1, 1, 1, 1, 2, 1, 1, 1, 2, 1, 1, 1, 1, 2, 1, 2, 1, 1, 2, 2, 1, 2, 1, 1, 1, 2, 1, 1, 2
chatcmpl-8PXrQ2GWPR6Ju9N0oAn0lbn4NjgOV, 2, 1, 1, 1, 2, 2, 1, 3, 2, 2, 2, 2, 1, 2, 1, 2, 1, 2, 1, 1, 1, 3, 1, 2, 1, 1, 2, 1, 2, 1, 2, 2, 2, 1, 2, 1, 1, 1, 2, 1, 1, 2
chatcmpl-8PXt6BHcKW5tlNXllriEJuFbhVmFx, 2, 1, 2, 1, 2, 2, 1, 3, 1, 1, 2, 3, 2, 2, 1, 2, 1, 2, 1, 1, 1, 3, 1, 2, 1, 2, 2, 1, 2, 1, 3, 1, 2, 1, 2, 1, 2, 1, 2, 1, 1, 2
chatcmpl-8PXu6rL95kzmR7P5aWUzY7lROhxbK, 2, 1, 2, 1, 3, 3, 1, 2, 2, 1, 2, 3, 2, 2, 1, 2, 2, 2, 2, 2, 1, 3, 1, 2, 1, 2, 2, 2, 3, 2, 2, 2, 3, 2, 2, 2, 1, 1, 2, 2, 1, 2
chatcmpl-8PXxFbVTWnd0LR56GN1aopmVutAGy, 2, 1, 2, 1, 2, 3, 1, 4, 2, 2, 2, 3, 2, 2, 1, 2, 1, 3, 1, 2, 2, 3, 1, 2, 1, 3, 2, 2, 3, 2, 2, 3, 3, 1, 2, 2, 2, 2, 2, 2, 1, 2
chatcmpl-8PXyqVO1qG7TpjJr9iHK5dshN7lzS, 2, 1, 3, 1, 2, 2, 1, 3, 3, 2, 2, 2, 2, 2, 1, 2, 1, 2, 1, 1, 2, 3, 1, 2, 1, 2, 2, 1, 2, 1, 2, 2, 3, 1, 2, 1, 2, 1, 2, 1, 1, 2
chatcmpl-8PY39PFjUiXO1EeLdufwEVfYHcrwt, 2, 1, 1, 1, 2, 2, 1, 3, 2, 1, 2, 2, 1, 3, 1, 2, 1, 2, 1, 1, 1, 2, 1, 2, 1, 2, 1, 1, 2, 1, 2, 2, 1, 1, 2, 1, 1, 1, 2, 1, 1, 2
chatcmpl-8PY4tKA8Ob6RCCx0ws4sUqQlHfEFw, 2, 1, 2, 1, 1, 2, 1, 2, 1, 2, 2, 2, 1, 2, 1, 2, 1, 2, 1, 1, 2, 2, 1, 2, 1, 1, 2, 2, 2, 1, 2, 2, 2, 1, 2, 1, 2, 1, 1, 2, 1, 2
chatcmpl-8PY5uksKSclFox3ANLwGEu8wTjVQr, 2, 1, 1, 1, 2, 1, 1, 3, 1, 2, 1, 1, 1, 2, 1, 1, 1, 1, 1, 1, 1, 2, 1, 1, 1, 1, 2, 1, 2, 1, 1, 1, 1, 1, 1, 1, 1, 1, 2, 1, 1, 2
chatcmpl-8PY7LD0m03McsSr69d10RYQBJ9yLl, 2, 1, 1, 1, 2, 2, 1, 3, 1, 1, 2, 2, 1, 2, 1, 1, 1, 2, 1, 1, 1, 2, 1, 1, 1, 1, 2, 1, 2, 1, 1, 2, 1, 1, 2, 1, 1, 1, 2, 1, 1, 1
chatcmpl-8PY98WO5war009TJaXoYMJwSNkTlr, 2, 1, 1, 1, 2, 2, 1, 3, 1, 2, 3, 2, 1, 2, 1, 1, 1, 2, 1, 1, 1, 1, 1, 1, 1, 1, 2, 1, 1, 1, 1, 1, 3, 1, 1, 1, 1, 1, 1, 1, 1, 1
chatcmpl-8PYKdltoy5qEVDqIkLEqEGhkswzqu, 1, 2, 2, 1, 2, 2, 1, 3, 2, 2, 2, 2, 1, 2, 1, 2, 1, 2, 1, 1, 2, 3, 1, 2, 1, 2, 2, 2, 3, 3, 2, 2, 3, 2, 2, 1, 2, 2, 2, 3, 1, 2
chatcmpl-8PYLroBMxMZnkRRPEWECC8qxkBK8N, 2, 1, 1, 1, 1, 2, 1, 3, 1, 1, 1, 1, 1, 1, 1, 1, 1, 2, 1, 1, 1, 2, 1, 1, 1, 1, 2, 1, 1, 1, 1, 1, 2, 1, 1, 1, 1, 1, 2, 1, 1, 1
chatcmpl-8PYNrDRHTSexJbqKlZLLjW76qYcct, 1, 1, 1, 1, 2, 2, 1, 3, 1, 1, 1, 1, 1, 1, 1, 1, 1, 1, 1, 1, 1, 2, 1, 1, 1, 1, 1, 1, 1, 1, 1, 1, 1, 1, 1, 1, 1, 1, 1, 1, 1, 1
chatcmpl-8PYPkSumdQEbok8AfiI6nRWSaptiF, 2, 1, 2, 1, 3, 2, 1, 3, 2, 2, 2, 3, 1, 2, 1, 2, 1, 2, 1, 1, 2, 3, 1, 2, 1, 1, 2, 1, 2, 1, 2, 2, 2, 1, 2, 1, 2, 1, 2, 2, 1, 3
chatcmpl-8PYRQ8hukfEoxmDuJvDTTRnREWWyd, 2, 1, 2, 1, 3, 2, 1, 4, 2, 2, 3, 2, 2, 2, 1, 2, 1, 2, 1, 2, 2, 3, 1, 2, 1, 2, 2, 2, 2, 2, 2, 3, 3, 1, 3, 1, 2, 2, 2, 2, 1, 2
chatcmpl-8PYX8u98jMUTDZDAe8D3XrPVdDbrW, 2, 1, 1, 1, 2, 2, 1, 3, 2, 1, 2, 2, 1, 1, 1, 1, 1, 2, 1, 1, 1, 2, 1, 1, 1, 1, 2, 1, 1, 1, 1, 2, 1, 1, 2, 1, 1, 1, 2, 1, 1, 1
chatcmpl-8PYYzZ3Tbcm2P5toIrcKipLJBud1z, 2, 1, 2, 1, 2, 2, 1, 3, 2, 2, 2, 2, 2, 1, 1, 2, 1, 2, 1, 2, 1, 3, 1, 2, 1, 2, 2, 2, 3, 2, 2, 2, 2, 1, 2, 1, 2, 1, 2, 2, 1, 2
chatcmpl-8PYb7Kf2sVp6Rb4k0zIEgGBBnfAmK, 2, 1, 1, 1, 2, 2, 1, 3, 1, 1, 2, 2, 1, 1, 1, 1, 1, 2, 1, 1, 1, 2, 1, 1, 1, 1, 2, 1, 2, 1, 1, 2, 2, 1, 2, 1, 1, 1, 2, 1, 1, 1
chatcmpl-8PYd7MQxrbcq95y1fyAmzDYXhnCq7, 1, 2, 2, 1, 2, 2, 1, 3, 2, 2, 2, 3, 2, 2, 1, 1, 1, 1, 1, 1, 1, 3, 1, 1, 1, 2, 1, 1, 2, 1, 2, 1, 2, 1, 2, 1, 1, 1, 2, 1, 1, 2
chatcmpl-8PYfFm09m3sz5I7t5U7V4Nj0qppMf, 1, 1, 1, 1, 2, 2, 1, 2, 1, 1, 2, 2, 1, 2, 1, 1, 1, 2, 1, 1, 1, 2, 1, 1, 1, 1, 2, 1, 2, 1, 1, 2, 2, 1, 2, 1, 1, 1, 2, 1, 1, 1
chatcmpl-8PYhE4LwtgPbE3piU1LrwVc8iVWXk, 1, 1, 1, 1, 2, 2, 1, 2, 1, 1, 1, 2, 1, 2, 1, 1, 1, 1, 1, 1, 1, 2, 1, 1, 1, 1, 1, 1, 2, 1, 1, 1, 2, 1, 1, 1, 1, 1, 2, 1, 1, 1
chatcmpl-8PYlMU1J83vbF7vRVBLvKT8kBgBjM, 2, 1, 2, 1, 2, 2, 1, 3, 1, 1, 2, 2, 1, 1, 1, 2, 1, 2, 1, 1, 1, 2, 1, 2, 1, 1, 2, 1, 3, 2, 2, 2, 3, 1, 2, 1, 1, 1, 2, 2, 1, 2
chatcmpl-8PYpPkv2y0o5ekT60Ix64lsK6ca0z, 2, 1, 2, 1, 2, 2, 1, 3, 1, 2, 2, 2, 2, 2, 1, 2, 1, 1, 1, 2, 2, 3, 1, 2, 1, 2, 2, 1, 3, 1, 2, 1, 2, 1, 2, 1, 2, 1, 2, 1, 1, 2
chatcmpl-8PYqviBvMvHpxbSbdXWtHcsmWibUq, 2, 1, 2, 1, 2, 2, 1, 3, 2, 2, 2, 2, 2, 2, 1, 3, 2, 2, 1, 2, 2, 3, 1, 2, 1, 2, 2, 2, 2, 2, 2, 2, 3, 2, 2, 2, 2, 2, 2, 2, 1, 2
chatcmpl-8PYt3aZHN2lhT3Vjs9kDKJwZWg7OS, 2, 1, 2, 1, 3, 2, 1, 4, 2, 3, 2, 3, 1, 3, 1, 2, 2, 2, 1, 1, 3, 3, 1, 2, 1, 2, 3, 3, 4, 2, 2, 3, 3, 2, 3, 1, 3, 3, 3, 3, 1, 3
chatcmpl-8PYvtq6OV02SFsIlIWZICAQeWV0Gl, 1, 1, 1, 1, 2, 2, 1, 2, 2, 2, 2, 1, 1, 1, 1, 2, 1, 2, 1, 1, 1, 3, 1, 2, 1, 1, 2, 1, 2, 1, 2, 2, 2, 1, 2, 1, 1, 1, 2, 1, 1, 2
chatcmpl-8PZ2W1azXFmH9KusGhAbBo8Ibekeh, 1, 1, 1, 1, 2, 2, 1, 2, 1, 1, 2, 2, 1, 2, 1, 1, 1, 2, 1, 1, 1, 2, 1, 1, 1, 1, 2, 1, 2, 1, 1, 1, 2, 1, 2, 1, 1, 1, 2, 1, 1, 1
chatcmpl-8PZ5wVJvYv6ey3HIpxyC4DTVDscEJ, 2, 1, 1, 1, 1, 2, 1, 3, 1, 1, 2, 1, 1, 1, 1, 1, 1, 1, 1, 1, 1, 1, 1, 1, 1, 1, 2, 1, 1, 1, 1, 1, 1, 1, 1, 1, 1, 1, 2, 1, 1, 1
