chatcmpl-8xxzxeyHW2pgqXdqDb2QnUE9nO6Ka, 3, 2, 3, 2, 3, 3, 2, 4, 3, 3, 3, 2, 3, 2, 2, 3, 3, 3, 2, 2, 3, 4, 2, 3, 2, 3, 3, 2, 3, 2, 3, 3, 3, 3, 3, 2, 3, 3, 3, 2, 2, 3
chatcmpl-8xy0M5PCNaM2QnXqZl6p55DkT32iq, 3, 2, 3, 2, 3, 3, 2, 3, 3, 3, 2, 3, 3, 2, 2, 3, 3, 2, 2, 2, 3, 3, 2, 3, 2, 3, 3, 2, 3, 2, 3, 2, 3, 3, 2, 2, 3, 3, 2, 2, 2, 3
chatcmpl-8xy3AgqHKn5nGvhbV291vtGm2Gtlr, 2, 2, 2, 1, 2, 2, 1, 3, 2, 2, 2, 2, 2, 2, 1, 2, 2, 2, 1, 1, 2, 3, 1, 2, 2, 2, 2, 1, 2, 1, 2, 2, 2, 2, 2, 1, 2, 1, 2, 1, 1, 2
chatcmpl-8xy3VByM5RIBdKNRRgGoqeVAACoCY, 3, 2, 3, 2, 3, 2, 2, 3, 2, 3, 2, 2, 3, 2, 2, 3, 2, 2, 2, 2, 3, 3, 2, 3, 2, 3, 2, 2, 3, 2, 3, 2, 3, 2, 2, 2, 3, 3, 2, 2, 2, 3
chatcmpl-8xy3rebRE11U8dys9L9PsWx87IC1i, 3, 2, 3, 1, 2, 3, 1, 3, 3, 3, 3, 2, 3, 2, 1, 3, 2, 3, 2, 2, 3, 3, 2, 2, 1, 3, 3, 2, 3, 2, 3, 2, 3, 2, 2, 3, 3, 3, 2, 2, 2, 3
chatcmpl-8xy4IU41atl1zNK0csMOLpbitmo75, 4, 2, 3, 2, 3, 4, 2, 3, 3, 3, 4, 4, 3, 3, 2, 3, 3, 4, 2, 2, 3, 3, 2, 2, 2, 3, 4, 3, 3, 3, 3, 3, 3, 3, 3, 2, 3, 3, 3, 3, 2, 3
chatcmpl-8xy4iSW4wRp2PzlV5b5O7TnKZkkk2, 2, 2, 3, 1, 2, 2, 1, 3, 2, 2, 2, 2, 2, 2, 1, 2, 2, 2, 1, 1, 2, 3, 1, 2, 1, 2, 2, 2, 3, 2, 2, 2, 3, 2, 2, 1, 2, 3, 2, 2, 1, 2
chatcmpl-8xy57C8AkjBvE5g8opFRArQ47JMRJ, 3, 2, 3, 2, 4, 3, 2, 3, 3, 2, 3, 2, 3, 2, 2, 3, 2, 3, 2, 2, 3, 3, 2, 3, 2, 3, 3, 2, 3, 2, 2, 3, 3, 2, 3, 2, 3, 3, 2, 3, 2, 3
chatcmpl-8xy5PDIixde9Qr83cgIz2jpBL1QcC, 3, 2, 3, 1, 2, 3, 1, 3, 2, 3, 3, 2, 2, 2, 1, 2, 2, 2, 1, 1, 3, 2, 1, 2, 2, 2, 2, 2, 2, 2, 2, 2, 3, 2, 2, 1, 3, 3, 2, 2, 1, 2
chatcmpl-8xy5qCfja93r8Z8uttTaYsl7Nzdhy, 3, 2, 3, 2, 3, 2, 1, 3, 4, 3, 3, 2, 3, 2, 1, 3, 2, 2, 1, 2, 3, 3, 1, 2, 2, 3, 2, 2, 3, 3, 3, 2, 3, 3, 2, 3, 3, 3, 3, 3, 2, 3
chatcmpl-8xy6DuT8qZHa8MatGD0dP36StdqG3, 3, 2, 3, 2, 3, 2, 2, 3, 3, 3, 2, 2, 3, 2, 2, 3, 3, 2, 2, 2, 3, 3, 2, 3, 2, 3, 2, 2, 3, 2, 2, 2, 3, 3, 2, 2, 3, 3, 2, 2, 2, 2
chatcmpl-8xy6ZJcrn0kZ0xIPxAIjgUAc3vmkz, 3, 2, 2, 1, 3, 3, 1, 3, 3, 2, 3, 2, 2, 2, 1, 2, 2, 2, 1, 2, 2, 3, 1, 2, 1, 2, 3, 2, 3, 2, 2, 3, 3, 2, 3, 2, 2, 2, 3, 3, 1, 2
chatcmpl-8xy73EpZ3F0fXTwb5FXe05VkLBR1G, 3, 2, 3, 1, 2, 2, 1, 3, 2, 3, 2, 2, 2, 2, 1, 2, 2, 2, 1, 1, 3, 2, 1, 2, 1, 2, 2, 1, 2, 1, 2, 2, 3, 2, 2, 1, 3, 3, 2, 1, 1, 2
chatcmpl-8xy7fAt756RFXba0KNlwb0XgThhWW, 3, 2, 3, 2, 3, 2, 2, 3, 2, 2, 3, 2, 3, 2, 2, 3, 3, 2, 2, 2, 3, 3, 2, 3, 2, 3, 2, 2, 2, 2, 3, 2, 2, 2, 2, 2, 3, 3, 2, 2, 2, 2
chatcmpl-8xy8AOr1QkaY9lHXbgT7TZj28wtUS, 3, 2, 3, 2, 3, 2, 1, 3, 2, 3, 2, 2, 2, 2, 1, 2, 2, 2, 1, 1, 3, 2, 1, 2, 2, 2, 2, 1, 2, 2, 2, 2, 3, 2, 2, 1, 3, 3, 2, 2, 1, 2
chatcmpl-8xy8Za6G1oVUWUMPk0q2JPnZZTNHw, 2, 1, 2, 1, 2, 2, 1, 3, 2, 1, 2, 2, 1, 2, 1, 2, 1, 2, 1, 1, 1, 2, 1, 2, 1, 1, 2, 1, 2, 1, 2, 2, 2, 1, 2, 1, 1, 1, 2, 1, 1, 2
chatcmpl-8xy8p6MEZTObmgfTSUzjZJPWYYk0e, 3, 3, 3, 2, 3, 2, 2, 4, 3, 3, 3, 2, 3, 2, 1, 3, 3, 2, 1, 2, 3, 4, 2, 3, 2, 3, 2, 2, 3, 2, 3, 2, 3, 3, 3, 2, 3, 3, 2, 3, 2, 3
chatcmpl-8xy9JMF47Mnj96z1lYvq4RKghuiDR, 3, 2, 3, 2, 3, 2, 2, 3, 3, 3, 2, 3, 3, 2, 2, 3, 3, 2, 2, 2, 3, 3, 2, 3, 2, 3, 2, 3, 2, 2, 3, 2, 3, 3, 2, 2, 3, 3, 2, 2, 2, 2
chatcmpl-8xy9ysM69EnUClNlU9oOU59FD5yaM, 3, 2, 3, 2, 3, 3, 2, 3, 3, 3, 3, 3, 3, 2, 2, 3, 3, 3, 2, 2, 3, 3, 2, 3, 2, 3, 3, 2, 3, 3, 3, 3, 3, 3, 3, 2, 3, 3, 3, 2, 2, 3
chatcmpl-8xyAHILQufWMg85w56UPPDj1aDXt6, 3, 2, 3, 1, 2, 2, 1, 3, 2, 2, 3, 2, 2, 2, 1, 2, 3, 2, 1, 1, 2, 2, 1, 2, 1, 2, 2, 2, 2, 2, 2, 2, 3, 2, 2, 1, 2, 2, 2, 2, 1, 2
chatcmpl-8xyAbTI7Q0e6w15jLyRWjZfZvxoYd, 3, 2, 3, 2, 2, 3, 2, 3, 2, 3, 3, 2, 3, 2, 2, 3, 3, 3, 2, 2, 3, 3, 2, 3, 2, 3, 3, 3, 2, 2, 3, 2, 3, 3, 2, 3, 3, 3, 3, 2, 2, 3
chatcmpl-8xyB4wq6OLk3ihlldePJdUkkjGRpx, 3, 2, 3, 2, 2, 3, 2, 3, 2, 3, 3, 2, 3, 2, 2, 3, 2, 2, 2, 2, 3, 3, 2, 2, 2, 3, 2, 3, 2, 2, 3, 2, 3, 2, 2, 2, 3, 3, 2, 2, 2, 2
chatcmpl-8xyBQki2uFaZn15brslvDfNTJvYnB, 2, 1, 2, 1, 3, 2, 1, 3, 2, 2, 3, 2, 1, 2, 1, 2, 2, 2, 1, 1, 2, 3, 1, 2, 1, 1, 2, 1, 2, 2, 2, 2, 2, 2, 2, 1, 2, 2, 2, 1, 1, 2
chatcmpl-8xyBkvrvjAfpom300EVtC13EZvfYK, 2, 1, 2, 1, 2, 2, 1, 3, 2, 2, 2, 2, 1, 2, 1, 1, 2, 2, 1, 1, 2, 3, 1, 2, 1, 1, 2, 1, 3, 1, 2, 2, 3, 1, 2, 1, 2, 1, 2, 1, 1, 2
chatcmpl-8xyC1I2ggEhYoB5kzxtuJP60K1TvX, 3, 2, 3, 1, 2, 2, 1, 3, 2, 2, 2, 3, 3, 2, 1, 2, 3, 2, 1, 1, 2, 3, 1, 2, 1, 3, 2, 2, 3, 2, 2, 2, 3, 3, 2, 1, 2, 2, 3, 2, 1, 2
chatcmpl-8xyCQpntKhWqa0iZa7YN3epcMOdI9, 3, 2, 3, 2, 3, 2, 2, 4, 3, 3, 2, 3, 3, 2, 2, 3, 3, 2, 2, 2, 3, 3, 2, 3, 2, 3, 2, 2, 3, 2, 3, 2, 3, 3, 2, 2, 3, 3, 2, 2, 2, 3
chatcmpl-8xyCyijFxLLpj26F7pH0b2pDZAzbH, 4, 2, 3, 2, 3, 3, 2, 4, 3, 3, 2, 2, 3, 2, 2, 4, 3, 2, 2, 2, 3, 3, 2, 4, 2, 4, 3, 3, 3, 2, 4, 2, 4, 3, 3, 3, 4, 4, 3, 3, 2, 3
chatcmpl-8xyDPxO8zmBLCFURD7NbcvjA1stsc, 2, 1, 2, 1, 3, 2, 1, 3, 2, 2, 2, 3, 2, 2, 1, 2, 2, 2, 1, 1, 2, 3, 1, 2, 1, 2, 2, 1, 3, 1, 2, 2, 3, 2, 2, 1, 2, 2, 2, 1, 1, 2
chatcmpl-8xyDkuhTdH7cS9EvZKgeP1CwAWsxw, 3, 2, 3, 2, 3, 2, 2, 3, 3, 3, 2, 2, 3, 2, 2, 3, 3, 2, 2, 2, 3, 2, 2, 3, 2, 3, 2, 2, 2, 2, 3, 2, 3, 3, 2, 2, 3, 3, 2, 2, 2, 2
chatcmpl-8xyE8Q7NF1m1OncrwaDxooP52LWxf, 3, 2, 3, 2, 3, 2, 2, 3, 2, 4, 3, 2, 3, 2, 2, 3, 3, 2, 2, 2, 4, 3, 2, 2, 2, 3, 2, 2, 2, 2, 3, 2, 3, 2, 2, 2, 3, 4, 2, 2, 2, 3
chatcmpl-8xyETr5nfliutrE4KlPAy8I6TCUgj, 3, 2, 3, 1, 2, 2, 1, 3, 2, 3, 2, 2, 2, 2, 1, 2, 2, 2, 1, 2, 3, 2, 1, 2, 1, 2, 2, 2, 2, 2, 2, 2, 3, 2, 2, 3, 3, 3, 2, 2, 1, 2
chatcmpl-8xyEoybVwRI0G6rS0fYb08HzcNHxf, 3, 2, 2, 2, 2, 3, 2, 3, 3, 3, 2, 3, 3, 2, 2, 3, 3, 2, 2, 3, 3, 3, 2, 3, 2, 3, 2, 2, 2, 3, 3, 2, 3, 3, 2, 3, 3, 3, 3, 3, 2, 3
chatcmpl-8xyF9vJBfkBwQK27vFvW60ya86Mig, 3, 2, 3, 2, 3, 2, 1, 3, 3, 3, 3, 2, 3, 2, 1, 3, 3, 2, 1, 2, 3, 3, 1, 3, 2, 3, 3, 2, 3, 2, 3, 2, 3, 3, 2, 2, 3, 3, 3, 2, 1, 3
chatcmpl-8xyFYvJyi27mtICHBU3b5T24f7n8q, 2, 1, 2, 1, 3, 2, 1, 2, 2, 2, 2, 2, 2, 2, 1, 2, 2, 1, 1, 1, 2, 2, 1, 2, 1, 2, 2, 1, 2, 2, 2, 2, 2, 1, 2, 1, 2, 1, 2, 1, 1, 2
chatcmpl-8xyFvSvEhDNKd5QLQvupJGxqmaCip, 4, 3, 2, 2, 3, 2, 2, 3, 3, 2, 3, 2, 4, 2, 2, 3, 3, 2, 2, 2, 3, 3, 2, 2, 2, 4, 3, 3, 3, 3, 2, 3, 3, 3, 3, 3, 3, 3, 3, 3, 2, 3
chatcmpl-8xyGG2wCspNOJYUlKjN8qxbzuydve, 3, 2, 3, 2, 2, 2, 2, 3, 3, 3, 2, 2, 4, 2, 2, 3, 3, 2, 2, 2, 3, 3, 2, 2, 2, 4, 2, 2, 3, 2, 3, 2, 3, 3, 2, 2, 3, 3, 2, 2, 2, 2
chatcmpl-8xyGd0JOAdieEEjSQtgyVJxE1faHg, 3, 2, 4, 2, 3, 2, 1, 3, 3, 3, 2, 2, 3, 2, 1, 3, 3, 2, 1, 1, 3, 3, 1, 3, 2, 3, 2, 2, 3, 2, 3, 2, 3, 2, 2, 1, 3, 3, 2, 2, 1, 3
chatcmpl-8xyH3W7sQox8PlYCwsuVcIGuIvAtw, 3, 2, 2, 1, 2, 3, 1, 3, 2, 2, 3, 2, 2, 2, 1, 2, 2, 3, 1, 1, 2, 2, 1, 2, 1, 2, 2, 2, 3, 2, 2, 2, 3, 2, 3, 1, 2, 2, 3, 2, 1, 2
chatcmpl-8xyHKJomuyfuaNIp3Vf1pIXu9xuDz, 2, 1, 2, 1, 2, 2, 1, 3, 2, 2, 2, 2, 2, 2, 1, 2, 2, 2, 1, 1, 2, 3, 1, 2, 1, 2, 2, 1, 3, 1, 2, 2, 3, 2, 2, 1, 2, 2, 2, 1, 1, 2
chatcmpl-8xyHefngIXKzo9v06YBfAoW8p9dHk, 2, 1, 2, 1, 2, 2, 1, 3, 3, 2, 2, 2, 2, 2, 1, 2, 2, 1, 1, 1, 2, 3, 1, 2, 1, 2, 2, 1, 3, 2, 2, 1, 3, 2, 2, 1, 2, 2, 2, 1, 1, 2
chatcmpl-8xyHxbICHBadIgQ45HvCWYL0Z6MHn, 3, 2, 1, 2, 2, 3, 1, 3, 2, 2, 3, 2, 1, 2, 1, 2, 2, 3, 1, 1, 2, 3, 1, 2, 1, 2, 2, 1, 2, 2, 2, 2, 2, 2, 3, 1, 2, 2, 2, 2, 1, 2
chatcmpl-8xyIKBZAbLo4d1XngMJpWOfPS5dCP, 2, 2, 3, 1, 3, 2, 1, 3, 2, 2, 2, 2, 2, 2, 1, 2, 2, 2, 1, 1, 2, 3, 1, 3, 1, 2, 2, 1, 2, 2, 2, 2, 3, 2, 2, 1, 2, 2, 2, 1, 1, 2
chatcmpl-8xyIdWtDWjI8BwSqKFoPkvR2gSIDS, 3, 2, 3, 2, 4, 3, 2, 3, 4, 3, 3, 2, 3, 2, 3, 3, 3, 3, 2, 3, 3, 3, 2, 3, 2, 3, 3, 3, 3, 2, 3, 2, 3, 3, 2, 3, 3, 3, 3, 3, 2, 3
chatcmpl-8xyJAjfbiv44w7QIkm6XqimvMuJ3l, 3, 2, 3, 2, 3, 2, 2, 3, 2, 3, 2, 2, 3, 2, 2, 3, 2, 2, 2, 2, 3, 3, 2, 2, 2, 3, 2, 2, 2, 2, 2, 2, 2, 2, 2, 2, 2, 3, 2, 2, 2, 2
chatcmpl-8xyJV0qpaLFMw0WQ2BBDhocIzAH6r, 3, 2, 3, 2, 3, 3, 2, 3, 3, 3, 3, 2, 3, 3, 2, 3, 3, 3, 2, 2, 3, 3, 2, 3, 2, 3, 3, 2, 3, 2, 3, 3, 3, 3, 3, 2, 3, 3, 3, 3, 2, 3
chatcmpl-8xyJrH1iIhk3DGrtogEJ4eiye2JqU, 2, 1, 2, 1, 2, 2, 1, 3, 2, 2, 2, 1, 1, 2, 1, 2, 1, 2, 1, 1, 2, 2, 1, 2, 1, 1, 2, 1, 3, 1, 2, 1, 2, 1, 2, 1, 1, 1, 2, 1, 1, 2
chatcmpl-8xyKE5YsiGK0STejFCLaVW3oeCdJw, 3, 2, 3, 1, 2, 3, 2, 3, 3, 2, 3, 2, 2, 2, 1, 2, 3, 3, 1, 1, 2, 3, 1, 2, 1, 2, 3, 2, 2, 2, 2, 2, 2, 3, 2, 1, 2, 2, 2, 2, 1, 2
chatcmpl-8xyKemWldUI4g5PIAbjvdMj0IsZqV, 3, 2, 4, 2, 3, 3, 2, 3, 4, 4, 3, 2, 4, 2, 2, 3, 3, 2, 2, 3, 4, 3, 2, 3, 2, 4, 3, 3, 3, 3, 4, 3, 4, 3, 3, 4, 4, 4, 3, 3, 2, 3
chatcmpl-8xyL1JxXsWz857TGJ8J16KAcpkkBy, 2, 1, 2, 1, 3, 2, 1, 3, 2, 2, 2, 2, 2, 2, 1, 2, 2, 2, 1, 1, 2, 3, 1, 2, 1, 2, 2, 1, 2, 2, 2, 2, 3, 2, 2, 1, 2, 2, 2, 1, 1, 2
chatcmpl-8xyLKjWGD6XWJxSqCZjdyqa7FUgft, 2, 1, 2, 1, 3, 2, 1, 4, 2, 2, 3, 2, 1, 2, 1, 3, 2, 2, 1, 1, 2, 3, 1, 2, 1, 2, 2, 1, 3, 1, 2, 2, 3, 2, 2, 1, 2, 1, 2, 1, 1, 3
chatcmpl-8xyLdPGz4mywdlK6gvqi1uXQY5tmd, 3, 2, 2, 1, 3, 2, 1, 3, 3, 2, 1, 2, 2, 2, 1, 2, 1, 2, 1, 1, 2, 3, 1, 2, 1, 2, 2, 1, 2, 2, 2, 2, 2, 2, 2, 1, 2, 2, 2, 1, 1, 2
chatcmpl-8xyM31ZIgC5cjTYcYwmiRdRYLL2a7, 2, 1, 3, 1, 2, 2, 1, 3, 1, 2, 2, 2, 2, 2, 1, 2, 2, 1, 1, 1, 2, 3, 1, 2, 1, 2, 2, 1, 3, 1, 2, 2, 3, 2, 2, 1, 2, 2, 2, 1, 1, 2
chatcmpl-8xyMSN5hSEv6zpzrWinfbTqtoqZrd, 2, 2, 3, 2, 3, 2, 2, 3, 2, 2, 3, 2, 3, 2, 2, 3, 3, 2, 2, 2, 3, 3, 2, 3, 2, 3, 2, 2, 2, 2, 3, 2, 2, 3, 2, 2, 2, 3, 2, 2, 2, 2
chatcmpl-8xyMpbB3SFX6ZfFJD1bjA8We5U72w, 3, 2, 3, 2, 3, 2, 2, 3, 3, 3, 3, 2, 3, 3, 2, 3, 3, 2, 2, 2, 3, 3, 2, 3, 2, 3, 2, 2, 2, 2, 3, 2, 3, 3, 2, 2, 3, 3, 2, 2, 2, 3
chatcmpl-8xyNBcF1syuqMXcEN5yS9VE69ODO7, 3, 2, 3, 2, 3, 2, 1, 4, 3, 3, 3, 2, 3, 2, 1, 3, 3, 3, 2, 2, 3, 4, 1, 3, 2, 3, 3, 2, 3, 2, 3, 2, 3, 3, 2, 2, 3, 3, 3, 2, 2, 3
chatcmpl-8xyNck1RoAsknpwlKHGOjwViPg0IL, 3, 2, 3, 2, 2, 3, 2, 3, 2, 2, 2, 2, 3, 2, 2, 3, 2, 2, 2, 3, 3, 3, 2, 3, 2, 3, 3, 3, 3, 2, 2, 3, 3, 3, 2, 3, 3, 3, 2, 2, 2, 2
chatcmpl-8xyO4Lwwes0QZTjWb4QJPJJtgjk1J, 4, 2, 3, 2, 3, 4, 2, 4, 3, 3, 4, 3, 3, 2, 2, 4, 3, 3, 2, 3, 4, 3, 2, 3, 2, 3, 4, 3, 3, 3, 3, 4, 4, 3, 3, 3, 4, 4, 3, 3, 2, 3
chatcmpl-8xyOWSa2uURzn2MHohmcysnFFL6vt, 2, 1, 2, 1, 2, 1, 1, 3, 2, 2, 2, 1, 2, 2, 1, 2, 1, 1, 1, 1, 2, 2, 1, 2, 1, 2, 2, 1, 3, 1, 2, 1, 2, 1, 1, 1, 2, 1, 2, 1, 1, 2
chatcmpl-8xyOnlZctk74naNBF2k117bbiBkqU, 3, 2, 3, 2, 3, 3, 2, 4, 3, 3, 3, 2, 3, 2, 2, 3, 3, 3, 2, 3, 3, 4, 2, 2, 2, 3, 3, 3, 3, 2, 3, 2, 3, 3, 2, 2, 3, 3, 2, 2, 2, 3
chatcmpl-8xyP7W4Szk40SL8qhhrwgDdPdLnuP, 3, 2, 3, 1, 2, 2, 1, 3, 2, 2, 2, 2, 3, 2, 1, 2, 2, 2, 1, 2, 2, 3, 1, 2, 1, 3, 2, 2, 3, 2, 2, 2, 2, 2, 2, 2, 2, 2, 2, 2, 1, 2
chatcmpl-8xyPY8L4V6UJpNjBTnLi2NWlvg0ag, 4, 2, 3, 2, 3, 4, 2, 3, 3, 3, 4, 2, 3, 2, 2, 3, 3, 3, 2, 2, 4, 3, 2, 3, 2, 3, 4, 2, 3, 2, 3, 4, 3, 3, 2, 2, 3, 3, 3, 2, 2, 3
chatcmpl-8xyPyd1FWocmxRrvpEYCvNLHqihMr, 3, 2, 3, 1, 3, 2, 2, 3, 2, 3, 2, 2, 2, 2, 1, 2, 2, 2, 1, 1, 3, 2, 1, 2, 1, 2, 2, 1, 2, 2, 2, 2, 2, 2, 2, 1, 2, 3, 2, 1, 1, 2
chatcmpl-8xyQMgN6ypHEP3E2exSogaLjfMeFi, 2, 2, 3, 1, 2, 2, 1, 3, 2, 2, 2, 2, 3, 2, 1, 2, 2, 2, 1, 1, 2, 3, 1, 2, 1, 2, 2, 1, 3, 2, 2, 2, 3, 2, 2, 1, 2, 2, 2, 1, 1, 2
chatcmpl-8xyQkztKT1LKRU3Pj2ynyRqmxa5VL, 2, 2, 2, 1, 3, 2, 1, 3, 2, 2, 2, 2, 2, 2, 1, 2, 1, 2, 1, 1, 2, 3, 1, 2, 1, 2, 2, 1, 3, 1, 2, 2, 2, 1, 2, 1, 2, 2, 2, 1, 1, 2
chatcmpl-8xyR5940ITaxtxVFtVVKDOPjUMwUi, 4, 2, 3, 2, 3, 4, 2, 4, 3, 3, 2, 3, 3, 2, 2, 3, 3, 2, 2, 2, 3, 4, 2, 3, 2, 3, 3, 3, 4, 2, 3, 2, 3, 3, 2, 2, 3, 3, 3, 2, 2, 3
chatcmpl-8xyRSD3Ra1wgWba0jdhf7fILlVx7w, 2, 1, 2, 1, 2, 2, 1, 3, 2, 2, 2, 1, 2, 2, 1, 2, 2, 2, 1, 1, 2, 3, 1, 2, 1, 2, 2, 1, 3, 2, 2, 2, 3, 2, 2, 1, 2, 2, 2, 1, 1, 2
chatcmpl-8xyRrwkYwP38BVY2nU3jptCmmbwAZ, 2, 2, 3, 2, 3, 3, 2, 3, 3, 3, 2, 2, 3, 2, 2, 3, 3, 2, 2, 2, 3, 3, 2, 2, 2, 3, 2, 2, 2, 2, 3, 2, 3, 3, 2, 2, 3, 3, 2, 2, 2, 3
chatcmpl-8xySBkFl2XlulKwyUB4E0TCPHyNuZ, 2, 1, 2, 1, 3, 2, 1, 3, 2, 2, 2, 2, 2, 2, 1, 2, 1, 2, 1, 1, 2, 3, 1, 2, 1, 2, 2, 1, 2, 1, 1, 2, 2, 1, 2, 1, 1, 1, 2, 1, 1, 2
chatcmpl-8xySUBrPbZ4fEu3RHIUkRTHpuL9Oa, 3, 2, 3, 2, 3, 2, 1, 3, 2, 3, 2, 2, 2, 2, 1, 2, 2, 2, 1, 1, 2, 3, 1, 2, 1, 2, 2, 1, 3, 2, 2, 2, 2, 2, 2, 1, 3, 3, 2, 2, 1, 2
chatcmpl-8xySqtOrzm6VDlRKq3zjTbXs3sZsV, 3, 2, 3, 2, 3, 2, 1, 3, 2, 3, 2, 2, 3, 2, 1, 2, 3, 2, 1, 1, 3, 2, 1, 3, 2, 3, 2, 3, 2, 2, 3, 2, 3, 3, 2, 2, 3, 3, 2, 2, 1, 2
chatcmpl-8xyTCBlx5mrj5x4DmtWMBX7guprUA, 3, 2, 3, 2, 3, 2, 1, 3, 2, 2, 3, 2, 3, 2, 1, 3, 3, 2, 1, 2, 3, 3, 1, 3, 2, 3, 2, 2, 3, 2, 3, 2, 3, 3, 2, 2, 3, 3, 2, 2, 1, 3
chatcmpl-8xyTWcsujGgsaJm1H6bfBjxmN2VcK, 4, 2, 3, 2, 3, 3, 2, 3, 3, 3, 4, 2, 3, 3, 2, 3, 3, 4, 2, 3, 3, 3, 2, 3, 2, 3, 4, 3, 3, 2, 3, 3, 3, 3, 3, 2, 3, 3, 3, 3, 2, 3
chatcmpl-8xyTt2jYIdelWqPaHeSMuK8eOgcIT, 2, 2, 2, 1, 3, 2, 1, 3, 2, 2, 2, 2, 2, 2, 1, 2, 2, 2, 1, 1, 2, 3, 1, 2, 1, 2, 2, 1, 2, 1, 2, 2, 2, 2, 2, 1, 2, 2, 2, 1, 1, 2
chatcmpl-8xyU8BsQKWyopJV5AQIBP8rnSGU87, 2, 1, 2, 1, 2, 2, 1, 3, 2, 2, 2, 2, 2, 2, 1, 2, 1, 2, 1, 1, 2, 3, 1, 2, 1, 2, 2, 1, 2, 2, 2, 2, 2, 1, 2, 1, 2, 2, 2, 1, 1, 2
chatcmpl-8xyUPFPeRYrnjrtBsefDml6uPKbuM, 2, 2, 2, 1, 2, 1, 1, 2, 2, 1, 1, 2, 1, 1, 1, 1, 1, 1, 1, 1, 1, 2, 1, 1, 1, 1, 1, 1, 1, 1, 1, 1, 1, 1, 1, 1, 1, 1, 1, 1, 1, 1
chatcmpl-8xyUi44ppV1887UIMiXtCMibgSeis, 3, 2, 2, 1, 3, 2, 1, 3, 2, 2, 2, 1, 2, 2, 1, 2, 2, 2, 1, 1, 2, 3, 1, 2, 1, 2, 2, 1, 3, 1, 2, 2, 3, 2, 2, 1, 2, 3, 2, 1, 1, 2
chatcmpl-8xyV4x3zdGm3w9x8SoJUTHwMfTftf, 4, 2, 3, 2, 3, 4, 2, 3, 3, 3, 4, 2, 3, 2, 2, 3, 3, 4, 2, 2, 3, 3, 2, 3, 2, 3, 4, 3, 3, 2, 3, 3, 3, 3, 3, 3, 3, 3, 3, 2, 2, 3
chatcmpl-8xyVOEXtFK3AYTK6OdUFKleUzykY5, 3, 2, 3, 2, 3, 2, 2, 3, 3, 3, 2, 2, 3, 2, 2, 3, 3, 2, 2, 2, 3, 3, 2, 3, 2, 3, 2, 2, 2, 2, 3, 2, 3, 3, 2, 3, 3, 3, 2, 2, 2, 3
chatcmpl-8xyVpjGTLJ9t3FFLUHsOOPEY3V4vm, 4, 3, 2, 2, 3, 3, 2, 4, 3, 3, 3, 2, 2, 3, 2, 3, 3, 2, 2, 3, 3, 4, 2, 2, 2, 2, 3, 3, 4, 3, 2, 3, 4, 3, 3, 3, 3, 3, 3, 3, 2, 3
chatcmpl-8xyWBurh3MZBcu6IUNfFy0msMG70w, 3, 2, 3, 2, 3, 2, 2, 3, 3, 2, 3, 2, 3, 2, 2, 3, 3, 3, 2, 2, 3, 3, 2, 2, 2, 3, 2, 3, 3, 2, 3, 2, 3, 3, 2, 2, 3, 3, 3, 3, 2, 2
chatcmpl-8xyWXnqpZHJfvVE5gcmbDDaxNMHLr, 2, 1, 2, 1, 2, 2, 1, 3, 2, 2, 2, 2, 1, 2, 1, 2, 1, 2, 1, 1, 2, 3, 1, 2, 1, 1, 2, 1, 2, 2, 2, 2, 2, 1, 2, 1, 2, 2, 2, 1, 1, 2
chatcmpl-8xyWovTUJoCXVXlIVAP1diiuZ3IRm, 2, 1, 2, 1, 1, 2, 1, 2, 1, 1, 2, 1, 1, 2, 1, 1, 1, 1, 1, 1, 1, 2, 1, 1, 1, 1, 1, 1, 1, 1, 1, 1, 1, 1, 1, 1, 1, 1, 1, 1, 1, 1
chatcmpl-8xyX7Wbp3Wc5hViucY0f8x1JGVQWo, 2, 1, 2, 1, 2, 2, 1, 3, 2, 1, 2, 2, 1, 2, 1, 2, 2, 2, 1, 1, 1, 3, 1, 2, 1, 1, 2, 1, 2, 1, 2, 2, 2, 2, 2, 1, 1, 1, 2, 1, 1, 2
chatcmpl-8xyXPC7HyiwPZjgzc4P0wfhhCKSPg, 3, 2, 3, 1, 3, 2, 1, 2, 3, 2, 2, 2, 3, 2, 1, 3, 3, 2, 1, 1, 3, 2, 1, 3, 1, 3, 2, 2, 2, 2, 2, 2, 2, 3, 2, 1, 3, 3, 2, 2, 1, 2
chatcmpl-8xyXnpnh6qnANmwRVO0A6uApnM4nT, 2, 2, 2, 1, 2, 2, 1, 3, 2, 2, 2, 1, 2, 2, 1, 2, 2, 2, 1, 1, 2, 3, 1, 2, 1, 2, 2, 1, 3, 2, 2, 2, 2, 2, 2, 1, 2, 2, 2, 1, 1, 2
chatcmpl-8xyY2ByubWjOjmb8gcn1grU2pwr7G, 3, 2, 3, 2, 3, 2, 2, 3, 3, 3, 2, 2, 3, 2, 2, 3, 3, 2, 2, 2, 3, 3, 2, 3, 2, 3, 2, 2, 3, 2, 3, 2, 3, 3, 2, 2, 3, 3, 2, 2, 2, 3
chatcmpl-8xyYQaRZzWg9r06rD1ynX7CYWbGzF, 2, 1, 2, 1, 3, 2, 1, 3, 2, 1, 2, 2, 2, 2, 1, 2, 1, 2, 1, 1, 1, 3, 1, 2, 1, 2, 2, 1, 2, 1, 2, 2, 2, 1, 2, 1, 1, 1, 1, 1, 1, 2
chatcmpl-8xyYiFTJyI5oZPN0PN2sgClov97sp, 2, 2, 3, 2, 2, 2, 1, 3, 2, 2, 2, 2, 2, 2, 1, 2, 2, 2, 1, 2, 2, 3, 1, 2, 2, 2, 2, 2, 3, 2, 2, 2, 3, 2, 2, 2, 2, 2, 3, 2, 1, 2
chatcmpl-8xyZ0j0OnjFNCoeHXkwlMm3QSzaAn, 2, 2, 2, 1, 2, 2, 1, 3, 2, 2, 2, 2, 2, 2, 1, 2, 2, 2, 1, 1, 2, 3, 1, 2, 1, 2, 2, 1, 2, 2, 2, 2, 2, 2, 2, 1, 2, 2, 2, 1, 1, 2
chatcmpl-8xyZQFlQpjMvYIlSnHIgvBgygH1II, 2, 1, 2, 1, 2, 2, 1, 3, 2, 2, 2, 2, 1, 2, 1, 1, 1, 2, 1, 1, 1, 2, 1, 2, 1, 1, 2, 1, 2, 1, 2, 2, 3, 1, 2, 1, 1, 1, 2, 1, 1, 2
chatcmpl-8xyZfOHqYFm9vyo4lRzjSqtEFFRpy, 4, 3, 3, 2, 3, 2, 2, 3, 3, 3, 2, 2, 3, 2, 2, 3, 3, 2, 2, 2, 3, 3, 2, 3, 2, 3, 2, 2, 2, 2, 3, 2, 3, 3, 2, 2, 3, 3, 2, 2, 2, 2
chatcmpl-8xyaAXp6aBMLYnsufSE8DdpzNklfJ, 3, 2, 4, 2, 3, 3, 2, 4, 3, 4, 3, 2, 4, 2, 2, 4, 3, 2, 2, 3, 4, 3, 2, 3, 2, 4, 3, 3, 4, 3, 4, 3, 4, 3, 3, 3, 4, 3, 3, 3, 2, 3
chatcmpl-8xyaVgvUSRzwjLFodwY8LnV3WcxOL, 4, 3, 3, 2, 3, 4, 2, 3, 3, 3, 4, 3, 4, 2, 2, 3, 3, 3, 2, 2, 4, 3, 2, 3, 2, 3, 3, 3, 3, 3, 3, 3, 3, 3, 3, 3, 4, 3, 3, 3, 2, 3
chatcmpl-8xyaveGKTySb0O75XLdhKB1OnR8k3, 2, 1, 2, 1, 3, 2, 1, 3, 1, 2, 2, 2, 2, 2, 1, 2, 1, 2, 1, 1, 2, 3, 1, 2, 1, 2, 2, 1, 3, 1, 2, 2, 2, 1, 2, 1, 2, 2, 2, 1, 1, 2
chatcmpl-8xybCjioi57eU5jKgeFYNVzTNls8L, 3, 2, 4, 2, 3, 2, 1, 3, 2, 3, 2, 2, 3, 2, 1, 3, 2, 2, 1, 2, 3, 3, 1, 3, 1, 3, 2, 2, 2, 2, 2, 2, 3, 2, 2, 2, 3, 3, 2, 2, 1, 3
chatcmpl-8xybeuXC1eDuF7MPPkwR9BrHenyUQ, 3, 2, 3, 2, 3, 2, 2, 3, 3, 2, 2, 2, 3, 2, 2, 2, 3, 2, 2, 2, 3, 3, 2, 3, 2, 3, 2, 2, 2, 2, 3, 2, 2, 3, 2, 2, 3, 3, 2, 2, 2, 2
chatcmpl-8xyc0tZTlR7nAgBsmN2La89gbRTuQ, 4, 2, 3, 2, 3, 4, 2, 3, 3, 2, 4, 3, 3, 4, 2, 3, 3, 4, 2, 2, 3, 3, 2, 3, 2, 3, 4, 2, 3, 3, 3, 3, 3, 3, 3, 2, 3, 3, 4, 2, 2, 3
chatcmpl-8xycNLoeFrxYWOt97uV0GbgSdyQ8A, 3, 2, 3, 2, 3, 2, 2, 3, 3, 3, 2, 2, 3, 2, 2, 3, 2, 2, 2, 2, 3, 3, 2, 3, 2, 3, 2, 2, 3, 2, 3, 2, 3, 2, 2, 2, 3, 3, 2, 2, 2, 3
chatcmpl-8xyci5Z00D7PyWnlhCkJAvHoCMOjS, 3, 2, 3, 2, 3, 3, 2, 3, 3, 3, 3, 2, 3, 2, 2, 3, 3, 2, 2, 2, 3, 3, 2, 3, 2, 3, 3, 3, 3, 2, 3, 2, 3, 3, 2, 2, 3, 3, 3, 2, 2, 3
chatcmpl-8xyd3d2r38mDvSPUm0eHGIUwtFDrv, 3, 2, 3, 2, 3, 2, 2, 3, 2, 3, 2, 2, 3, 2, 2, 3, 3, 2, 2, 2, 3, 3, 2, 3, 2, 3, 2, 2, 3, 2, 3, 2, 3, 3, 2, 2, 3, 3, 3, 2, 2, 2
chatcmpl-8xydaNMx6N0vzAfO07jZThoMohGRB, 2, 2, 2, 1, 3, 2, 1, 2, 2, 2, 2, 2, 1, 2, 1, 1, 1, 2, 1, 1, 1, 3, 1, 2, 1, 1, 2, 1, 2, 1, 1, 2, 2, 1, 2, 1, 1, 1, 2, 1, 1, 2
chatcmpl-8xye3WfFid74v9gA7F237U52IkKlD, 3, 2, 3, 2, 3, 2, 2, 3, 3, 3, 3, 3, 3, 2, 2, 3, 3, 2, 2, 2, 3, 3, 2, 3, 2, 3, 2, 3, 3, 1, 3, 3, 3, 3, 3, 3, 3, 3, 3, 3, 2, 3
chatcmpl-8xyeTePgjzM8PryLRHHMUDdIqIdY5, 4, 3, 4, 2, 3, 3, 2, 4, 3, 4, 3, 2, 4, 3, 2, 4, 4, 3, 2, 3, 4, 4, 2, 3, 2, 4, 3, 3, 3, 3, 4, 3, 4, 4, 3, 3, 4, 4, 3, 3, 2, 3
chatcmpl-8xyeyVdt3r0qzGGivdSDfAFXMrtkw, 4, 2, 3, 2, 3, 2, 2, 4, 3, 3, 3, 2, 3, 2, 2, 3, 3, 3, 2, 2, 3, 3, 2, 3, 2, 3, 3, 2, 3, 3, 3, 2, 3, 3, 3, 2, 3, 3, 3, 2, 2, 3
