chatcmpl-8xuQbY5SzAJGgK83zs1NOETanVDq6, 2, 1, 2, 1, 3, 2, 1, 4, 2, 2, 2, 1, 1, 2, 1, 2, 1, 1, 1, 1, 2, 3, 1, 2, 1, 1, 2, 1, 2, 1, 2, 2, 2, 1, 2, 1, 2, 1, 2, 1, 1, 2
chatcmpl-8xuah05UDE9jLOMWhMKLMhfrRxMh0, 2, 1, 2, 1, 3, 2, 1, 3, 2, 2, 2, 1, 1, 2, 1, 1, 1, 2, 1, 1, 1, 2, 1, 2, 1, 1, 2, 1, 2, 1, 2, 2, 2, 1, 2, 1, 1, 1, 2, 1, 1, 2
chatcmpl-8xub7nfUzQ96OqkIHOKwBHsKTchdO, 1, 2, 2, 1, 3, 2, 1, 3, 2, 2, 2, 2, 2, 2, 1, 2, 1, 1, 1, 1, 2, 3, 1, 2, 1, 1, 2, 1, 2, 1, 2, 2, 2, 1, 2, 1, 2, 2, 2, 1, 1, 3
chatcmpl-8xubOpuXGsx6kFkpjM90DeQB1VfLA, 2, 2, 2, 1, 3, 2, 1, 2, 2, 2, 2, 2, 1, 2, 1, 2, 1, 2, 1, 1, 2, 2, 1, 2, 1, 1, 2, 1, 3, 2, 2, 2, 2, 1, 2, 1, 2, 1, 2, 1, 1, 2
chatcmpl-8xublpx4f0YSb3sURg5E0rUxPZxDk, 1, 2, 2, 1, 2, 2, 1, 3, 2, 2, 2, 2, 2, 2, 1, 2, 1, 2, 1, 1, 2, 3, 1, 2, 1, 2, 2, 1, 2, 1, 2, 2, 2, 1, 2, 1, 2, 1, 2, 1, 1, 2
chatcmpl-8xucAQ0uL6K4Tv4utPjK6hAcNZupm, 2, 1, 2, 1, 3, 2, 1, 3, 2, 2, 2, 3, 2, 2, 1, 2, 1, 2, 1, 1, 2, 2, 1, 2, 1, 2, 2, 1, 2, 2, 2, 2, 3, 1, 2, 1, 2, 2, 2, 1, 1, 2
chatcmpl-8xucRNzrqElDS7edQ6hY2e9CjyY0F, 1, 2, 2, 1, 2, 2, 1, 3, 2, 1, 2, 1, 1, 2, 1, 1, 1, 1, 1, 1, 1, 3, 1, 1, 1, 1, 1, 1, 2, 1, 1, 1, 2, 1, 1, 1, 1, 1, 1, 1, 1, 1
chatcmpl-8xucifkAWjkgTgNqqxkDGXD7bdDI7, 2, 1, 1, 1, 2, 2, 1, 3, 1, 1, 2, 2, 1, 2, 1, 1, 1, 1, 1, 1, 1, 2, 1, 1, 1, 1, 2, 1, 2, 1, 1, 1, 2, 1, 1, 1, 1, 1, 2, 1, 1, 1
chatcmpl-8xucygkXVqvrpbwtVDgQi1HceIs78, 2, 2, 2, 1, 3, 2, 1, 3, 2, 2, 2, 1, 1, 2, 1, 2, 1, 2, 1, 1, 2, 3, 1, 2, 1, 1, 2, 1, 1, 1, 2, 2, 3, 1, 2, 1, 2, 2, 2, 1, 1, 3
chatcmpl-8xudD3x0kDDCelxRmAV7DOkJhQBYh, 2, 1, 2, 1, 3, 2, 1, 3, 2, 1, 2, 3, 1, 2, 1, 2, 1, 2, 1, 1, 1, 3, 1, 2, 1, 1, 2, 1, 2, 1, 2, 2, 2, 1, 2, 1, 1, 1, 2, 1, 1, 2
chatcmpl-8xudbCxVYzogf69qHwEgaRvK7dP11, 2, 1, 1, 1, 2, 2, 1, 3, 2, 1, 2, 1, 1, 2, 1, 1, 1, 2, 1, 1, 1, 2, 1, 1, 1, 1, 2, 1, 2, 1, 1, 2, 2, 1, 2, 1, 1, 1, 2, 1, 1, 1
chatcmpl-8xudtJYVD43STypMLFHCpSxDIzlja, 2, 1, 1, 1, 2, 2, 1, 3, 2, 1, 2, 2, 1, 1, 1, 1, 1, 2, 1, 1, 1, 2, 1, 1, 1, 1, 2, 1, 2, 1, 1, 1, 2, 1, 1, 1, 1, 1, 2, 1, 1, 2
chatcmpl-8xue86dsWSXjctjcboTStxPw7ZtiL, 2, 2, 3, 1, 2, 2, 1, 3, 2, 2, 2, 2, 1, 2, 1, 2, 1, 2, 1, 1, 1, 2, 1, 2, 1, 1, 2, 2, 3, 2, 2, 2, 3, 1, 2, 1, 1, 1, 2, 1, 1, 2
chatcmpl-8xueTJCZhmbmcgNHMmQpDn0g4322U, 2, 1, 2, 1, 2, 2, 1, 2, 1, 2, 1, 2, 1, 1, 1, 1, 1, 2, 1, 1, 1, 2, 1, 2, 1, 1, 2, 1, 2, 1, 2, 2, 1, 1, 2, 1, 1, 1, 1, 1, 1, 2
chatcmpl-8xuemtv5F1C8XXx00ekMLTJCGwOjD, 2, 2, 2, 1, 3, 2, 1, 2, 1, 2, 2, 3, 1, 2, 1, 1, 1, 2, 1, 1, 1, 2, 1, 2, 1, 1, 2, 1, 2, 1, 2, 2, 2, 1, 2, 1, 1, 1, 2, 1, 1, 2
chatcmpl-8xuf7KkguLE5H2po15g032xJxNXNe, 2, 1, 1, 1, 2, 2, 1, 3, 1, 1, 2, 2, 1, 2, 1, 1, 1, 2, 1, 1, 1, 3, 1, 1, 1, 1, 1, 1, 2, 1, 1, 2, 2, 1, 2, 1, 1, 1, 2, 1, 1, 2
chatcmpl-8xufU9VdAT08Xx7ztSSGG6qKekThP, 2, 1, 2, 1, 3, 2, 1, 3, 2, 2, 2, 1, 2, 2, 1, 2, 2, 2, 1, 1, 2, 3, 1, 2, 1, 2, 2, 1, 3, 2, 2, 2, 3, 2, 2, 1, 2, 2, 2, 1, 1, 2
chatcmpl-8xufl6qLBEuYB8edbTIrXKDFbatMX, 2, 1, 2, 1, 2, 2, 1, 3, 2, 2, 2, 2, 1, 2, 1, 2, 1, 2, 1, 1, 1, 3, 1, 2, 1, 1, 2, 1, 2, 1, 2, 2, 2, 1, 2, 1, 1, 1, 2, 1, 1, 2
chatcmpl-8xug5bKbXIFzVFGavDrOfsfowJdoL, 1, 2, 2, 1, 3, 2, 1, 3, 2, 1, 2, 3, 1, 2, 1, 2, 1, 2, 1, 1, 1, 2, 1, 3, 1, 1, 2, 2, 2, 1, 2, 2, 2, 1, 2, 1, 1, 1, 2, 1, 1, 2
chatcmpl-8xugRHL4cNctEHWGFAU6ZP1ocDcSG, 2, 2, 2, 1, 2, 2, 1, 3, 2, 2, 2, 2, 2, 2, 1, 2, 1, 2, 1, 1, 2, 2, 1, 2, 2, 2, 2, 1, 2, 1, 2, 2, 2, 1, 2, 1, 2, 2, 1, 1, 1, 2
chatcmpl-8xugl99VVof5IudLi3xHO0sXC3lKS, 2, 1, 2, 1, 2, 2, 1, 3, 2, 1, 1, 1, 1, 2, 1, 1, 1, 1, 1, 1, 1, 3, 1, 1, 1, 1, 1, 1, 2, 1, 1, 1, 1, 1, 1, 1, 1, 1, 1, 1, 1, 1
chatcmpl-8xuh4OJzWI9ADlY1dNSTRpdLDJKD8, 2, 2, 3, 1, 2, 2, 1, 3, 2, 1, 2, 1, 2, 2, 1, 2, 1, 2, 1, 1, 1, 3, 1, 2, 1, 2, 2, 1, 2, 1, 2, 2, 1, 1, 2, 1, 1, 1, 1, 1, 1, 2
chatcmpl-8xuhNaNdvbQWQIaLcbNht53xZDuUN, 1, 2, 2, 1, 2, 2, 1, 3, 2, 2, 2, 3, 2, 2, 1, 2, 2, 2, 1, 1, 2, 3, 1, 2, 1, 2, 2, 2, 2, 2, 2, 2, 2, 2, 2, 1, 2, 2, 2, 2, 1, 2
chatcmpl-8xuhlYLUk6kDOkWTPXTylmvCBVJ8m, 2, 1, 2, 1, 3, 2, 1, 3, 2, 2, 2, 1, 1, 2, 1, 2, 1, 2, 1, 1, 2, 3, 1, 2, 1, 1, 2, 1, 2, 1, 2, 2, 2, 1, 2, 1, 2, 1, 2, 1, 1, 2
chatcmpl-8xui4cDqbwITGRh7WPM3zdM0PtQ6T, 1, 3, 2, 1, 2, 2, 1, 3, 2, 2, 2, 1, 1, 2, 1, 2, 1, 2, 1, 1, 2, 3, 1, 2, 1, 1, 1, 1, 2, 1, 2, 2, 2, 1, 2, 1, 2, 1, 1, 1, 1, 2
chatcmpl-8xuiNkSsK18ABGJD8I0F9mvDrN1JP, 1, 2, 1, 1, 2, 2, 1, 2, 2, 1, 2, 2, 1, 2, 1, 1, 1, 2, 1, 1, 1, 2, 1, 1, 1, 1, 2, 1, 2, 1, 1, 1, 2, 1, 1, 1, 1, 1, 2, 1, 1, 1
chatcmpl-8xujEoiTQTWQDVof0wET8Ci2Wh5R0, 1, 1, 2, 1, 2, 2, 1, 2, 2, 2, 2, 2, 2, 2, 1, 2, 2, 2, 1, 1, 1, 2, 1, 2, 1, 2, 2, 2, 2, 2, 2, 2, 2, 1, 2, 1, 2, 2, 2, 2, 1, 2
chatcmpl-8xuk0ITO3dWRFbmOvjP89ghjqtzOB, 2, 1, 2, 1, 3, 2, 1, 3, 2, 2, 2, 1, 1, 2, 1, 1, 1, 1, 1, 1, 1, 2, 1, 1, 1, 1, 2, 1, 2, 1, 2, 2, 2, 1, 2, 1, 2, 1, 1, 1, 1, 2
chatcmpl-8xukFGB5IYSS38Y8E721hiMysVOiE, 2, 2, 1, 1, 2, 2, 1, 3, 1, 1, 1, 1, 1, 2, 1, 1, 1, 1, 1, 1, 1, 2, 1, 1, 1, 1, 2, 1, 2, 1, 1, 1, 1, 1, 1, 1, 1, 1, 1, 1, 1, 1
chatcmpl-8xukaHcOteGMZhRimCVB4sR69Zvcc, 2, 1, 2, 1, 3, 2, 1, 3, 1, 1, 2, 1, 1, 2, 1, 1, 1, 1, 1, 1, 1, 2, 1, 2, 1, 1, 2, 1, 2, 1, 2, 2, 2, 1, 2, 1, 1, 1, 2, 1, 1, 2
chatcmpl-8xukuS0bEn7Gn8lJ6c6uELe6IGzsn, 2, 1, 2, 1, 3, 2, 1, 2, 1, 2, 2, 2, 1, 2, 1, 1, 1, 2, 1, 1, 1, 2, 1, 2, 1, 1, 2, 1, 2, 1, 2, 2, 2, 1, 2, 1, 1, 1, 2, 1, 1, 2
chatcmpl-8xulHgatjaWv7FYuFIuYpFmVtvPfV, 2, 1, 2, 1, 3, 2, 1, 3, 2, 2, 2, 2, 2, 2, 1, 2, 2, 2, 1, 1, 2, 3, 1, 2, 1, 2, 2, 1, 2, 1, 2, 2, 2, 2, 2, 1, 2, 2, 2, 1, 1, 2
chatcmpl-8xulU43rti5AACvVN5NkWqGfdIM2s, 2, 1, 2, 1, 2, 2, 1, 3, 2, 1, 2, 1, 1, 2, 1, 2, 1, 2, 1, 1, 1, 2, 1, 2, 1, 1, 2, 1, 2, 1, 2, 2, 2, 1, 2, 1, 1, 1, 2, 1, 1, 2
chatcmpl-8xulnlAiOfBbLwSgcwHV0Zd2M0GJF, 2, 1, 1, 1, 2, 2, 1, 3, 2, 1, 2, 3, 1, 2, 1, 1, 2, 2, 1, 1, 1, 3, 1, 2, 1, 1, 2, 1, 2, 2, 2, 2, 3, 1, 2, 1, 1, 1, 2, 2, 1, 2
chatcmpl-8xum9BAyzaInPwzFea6x9a3Z9guui, 2, 2, 2, 1, 3, 2, 1, 3, 1, 2, 2, 2, 1, 2, 1, 2, 1, 2, 1, 1, 2, 2, 1, 2, 2, 1, 2, 1, 2, 1, 2, 2, 3, 1, 2, 1, 2, 1, 2, 1, 1, 2
chatcmpl-8xumVdaSc67Tp28q13ZmWvRrNFp0F, 2, 1, 2, 1, 3, 2, 1, 3, 1, 2, 2, 1, 2, 2, 1, 2, 1, 2, 1, 1, 2, 3, 1, 2, 1, 2, 2, 1, 2, 1, 2, 2, 2, 1, 2, 1, 2, 2, 2, 1, 1, 2
chatcmpl-8xumjosW2jWOWjC1dJdIJVq0CHW5p, 2, 1, 1, 1, 2, 2, 1, 2, 2, 1, 2, 2, 1, 2, 1, 1, 1, 1, 1, 1, 1, 2, 1, 1, 1, 1, 1, 1, 2, 1, 1, 1, 2, 1, 1, 1, 1, 1, 1, 1, 1, 1
chatcmpl-8xun14iB6QAokb1wWcmj7GXSX0J99, 1, 1, 2, 1, 3, 2, 1, 2, 2, 2, 2, 2, 2, 2, 1, 2, 1, 1, 1, 1, 1, 2, 1, 2, 1, 2, 1, 1, 2, 1, 2, 2, 2, 1, 2, 1, 1, 1, 2, 1, 1, 2
chatcmpl-8xunNbh1CnKg3K5Rbc3KniwJA7QoT, 2, 1, 2, 1, 2, 2, 1, 3, 2, 2, 2, 1, 1, 1, 1, 1, 1, 2, 1, 1, 1, 2, 1, 1, 1, 1, 2, 1, 1, 1, 1, 2, 2, 1, 1, 1, 1, 1, 1, 1, 1, 1
chatcmpl-8xuna1xCMZy6ivsHtcALwklaZUfEE, 2, 1, 2, 1, 2, 2, 1, 3, 1, 2, 2, 1, 1, 2, 1, 2, 1, 1, 1, 1, 2, 3, 1, 2, 1, 1, 2, 1, 3, 1, 2, 2, 2, 1, 2, 1, 1, 1, 2, 1, 1, 2
chatcmpl-8xunnHe53ak7F7Fic0p9ZaQoTzmdp, 2, 1, 2, 1, 2, 2, 1, 3, 2, 1, 2, 3, 2, 2, 1, 2, 1, 2, 1, 1, 1, 2, 1, 2, 2, 2, 2, 1, 2, 2, 2, 2, 2, 1, 2, 1, 1, 1, 2, 2, 1, 2
chatcmpl-8xuoCq1Ltz2olqo5dJIP3ojj3qam6, 2, 1, 2, 1, 2, 1, 1, 2, 1, 1, 1, 1, 1, 2, 1, 1, 1, 1, 1, 1, 1, 2, 1, 1, 1, 1, 1, 1, 1, 1, 1, 1, 1, 1, 1, 1, 1, 1, 1, 1, 1, 1
chatcmpl-8xuoUyysUJ9GwImXcu5c6QSncTKj0, 2, 1, 2, 1, 3, 2, 1, 3, 1, 2, 2, 2, 1, 2, 1, 2, 1, 2, 1, 1, 2, 3, 1, 2, 1, 2, 2, 1, 2, 1, 2, 2, 2, 1, 2, 1, 2, 2, 2, 1, 1, 3
chatcmpl-8xuoz5DC04luNwIzaHsPxW2ajW1d0, 2, 1, 2, 1, 3, 2, 1, 3, 2, 2, 2, 2, 1, 2, 1, 2, 1, 2, 1, 1, 2, 3, 1, 2, 1, 1, 2, 1, 2, 1, 2, 2, 2, 1, 2, 1, 2, 1, 2, 1, 1, 2
chatcmpl-8xupIzjN0aWvPk0VSM4qkJXV83Bjh, 2, 1, 1, 1, 3, 2, 1, 2, 2, 1, 2, 2, 1, 2, 1, 1, 1, 2, 1, 1, 1, 2, 1, 1, 1, 1, 2, 1, 2, 1, 1, 2, 2, 1, 2, 1, 1, 1, 2, 1, 1, 2
chatcmpl-8xupb92bAVF7cPKNzn0sHjSDdj9UM, 2, 1, 1, 1, 3, 2, 1, 2, 1, 1, 2, 2, 1, 2, 1, 1, 1, 2, 1, 1, 1, 2, 1, 1, 1, 1, 2, 1, 2, 1, 1, 2, 2, 1, 2, 1, 1, 1, 2, 1, 1, 2
chatcmpl-8xupoZHpWZOfrhbX0Midth26B9KMB, 2, 2, 2, 1, 3, 2, 1, 3, 2, 2, 3, 2, 2, 2, 1, 2, 2, 2, 1, 1, 2, 3, 1, 2, 1, 2, 2, 1, 2, 1, 2, 2, 3, 2, 2, 1, 2, 2, 2, 1, 1, 2
chatcmpl-8xuq5PUYKwDyxo2XkqhKJwyT25pTb, 2, 1, 2, 1, 3, 2, 1, 3, 2, 2, 2, 3, 2, 2, 1, 2, 1, 2, 1, 1, 1, 3, 1, 2, 1, 2, 2, 1, 2, 1, 2, 2, 2, 1, 2, 1, 1, 1, 2, 1, 1, 2
chatcmpl-8xuqQ2GIsTDd2wBI29MQ2kIkBJa2a, 2, 1, 2, 1, 3, 2, 1, 3, 2, 2, 2, 2, 1, 2, 1, 1, 1, 2, 1, 1, 1, 2, 1, 2, 1, 1, 2, 1, 2, 2, 2, 2, 2, 1, 2, 1, 1, 1, 2, 1, 1, 2
chatcmpl-8xuqlKXy0hZwjFluTGZNDUGymlLAh, 2, 1, 2, 1, 3, 2, 1, 3, 2, 2, 2, 2, 2, 2, 1, 2, 2, 2, 1, 1, 2, 3, 1, 2, 1, 2, 2, 1, 3, 2, 2, 2, 3, 2, 2, 1, 2, 2, 2, 1, 1, 3
chatcmpl-8xur13hEgKpNfFml8LHf46eELgX2e, 2, 1, 2, 1, 2, 2, 1, 3, 2, 1, 2, 1, 1, 2, 1, 1, 1, 2, 1, 1, 1, 2, 1, 2, 1, 1, 1, 1, 2, 1, 1, 2, 1, 1, 2, 1, 1, 1, 1, 1, 1, 1
chatcmpl-8xurQvpT3qrdUiGPJO4KEWIbwjUEp, 1, 2, 2, 1, 3, 2, 1, 2, 1, 2, 2, 2, 1, 2, 1, 2, 1, 1, 1, 1, 2, 3, 1, 2, 1, 1, 1, 1, 2, 1, 2, 2, 2, 1, 2, 1, 2, 1, 2, 1, 1, 3
chatcmpl-8xuw7HzT7PI5fuWh6zRM7J2tG6UUE, 1, 2, 2, 1, 3, 2, 1, 3, 1, 2, 2, 2, 1, 2, 1, 2, 2, 2, 1, 1, 1, 2, 1, 2, 1, 1, 2, 1, 2, 1, 2, 2, 2, 1, 2, 1, 1, 1, 2, 1, 1, 2
chatcmpl-8xuwOYo4nHn1Lf4pa6z98H9AzJtUL, 2, 2, 2, 1, 2, 2, 1, 3, 2, 2, 2, 1, 1, 2, 1, 2, 1, 1, 1, 1, 1, 2, 1, 2, 1, 1, 2, 1, 2, 1, 2, 2, 2, 1, 2, 1, 1, 1, 1, 1, 1, 2
chatcmpl-8xuwirCF2EmWeimDe0kj4WpzcpHIe, 2, 1, 2, 1, 3, 2, 1, 3, 2, 2, 2, 1, 1, 2, 1, 2, 1, 1, 1, 1, 2, 3, 1, 2, 1, 1, 2, 1, 2, 1, 2, 2, 2, 1, 2, 1, 2, 1, 2, 1, 1, 3
chatcmpl-8xux3UAcQMCi5JawgaQoiDB7zJ1tT, 2, 1, 2, 1, 3, 2, 1, 2, 2, 2, 2, 3, 2, 2, 1, 2, 2, 1, 1, 1, 2, 2, 1, 2, 1, 2, 2, 1, 2, 1, 2, 2, 3, 2, 2, 1, 2, 2, 2, 1, 1, 2
chatcmpl-8xuxLQTwBSNsVX1eDfdiPaN515RP0, 1, 1, 1, 1, 1, 2, 1, 2, 1, 1, 1, 1, 1, 1, 1, 1, 1, 1, 1, 1, 1, 2, 1, 1, 1, 1, 1, 1, 1, 1, 1, 1, 1, 1, 1, 1, 1, 1, 1, 1, 1, 1
chatcmpl-8xuxaoUNthu5mOcjuF4QR7rEtpvmU, 2, 1, 2, 1, 3, 2, 1, 3, 2, 2, 2, 1, 1, 2, 1, 2, 1, 2, 1, 1, 1, 2, 1, 2, 1, 1, 2, 1, 2, 1, 2, 2, 2, 1, 2, 1, 1, 1, 1, 1, 1, 2
chatcmpl-8xuxrPVvNvUFfdNq8BOcKv2YGEReg, 2, 1, 2, 1, 3, 2, 1, 2, 1, 2, 2, 1, 1, 2, 1, 1, 1, 2, 1, 1, 1, 2, 1, 2, 1, 1, 2, 1, 2, 1, 2, 2, 2, 1, 2, 1, 2, 1, 2, 1, 1, 2
chatcmpl-8xuy5WhHynbiHPZ2H2fHpeKahDwv6, 2, 1, 2, 1, 3, 2, 1, 3, 2, 2, 2, 1, 2, 1, 1, 1, 1, 1, 1, 1, 1, 2, 1, 1, 1, 1, 1, 1, 1, 2, 1, 1, 1, 1, 1, 1, 1, 1, 1, 1, 1, 1
chatcmpl-8xuyMUez9jiNkiRCrWDgn0P52JoDd, 2, 1, 1, 1, 2, 2, 1, 2, 1, 1, 2, 1, 1, 2, 1, 1, 1, 1, 1, 1, 1, 2, 1, 1, 1, 1, 2, 1, 2, 1, 1, 2, 1, 1, 2, 1, 1, 1, 1, 1, 1, 1
chatcmpl-8xuybzRaDzvJRbMQTxWhvmYdb4wAe, 2, 1, 2, 1, 3, 2, 1, 3, 2, 2, 2, 2, 1, 2, 1, 2, 1, 2, 1, 1, 2, 3, 1, 2, 1, 1, 2, 1, 2, 1, 2, 2, 3, 1, 2, 1, 2, 1, 1, 1, 1, 3
chatcmpl-8xuytmqkfDNWx3ux7s60AAcD8VLMv, 2, 1, 2, 1, 2, 2, 1, 3, 2, 1, 2, 1, 1, 2, 1, 1, 1, 1, 1, 1, 1, 3, 1, 1, 1, 1, 1, 1, 2, 1, 1, 1, 1, 1, 1, 1, 1, 1, 1, 1, 1, 1
chatcmpl-8xuzH7TXkh1e6veiEQFzZgQ2KNwZt, 1, 1, 2, 1, 2, 2, 1, 1, 1, 2, 2, 2, 1, 2, 1, 1, 1, 2, 1, 1, 1, 2, 1, 1, 1, 1, 2, 1, 2, 1, 1, 1, 2, 1, 1, 1, 1, 1, 2, 1, 1, 1
chatcmpl-8xuzhOkub0FYdhSsMCnWKwhse0qSq, 2, 1, 2, 1, 3, 2, 1, 3, 2, 2, 2, 3, 2, 2, 1, 2, 2, 2, 1, 1, 2, 3, 1, 2, 1, 2, 2, 2, 3, 2, 2, 2, 3, 2, 2, 1, 2, 2, 2, 2, 1, 3
chatcmpl-8xv02ru20eZTycv41KjLDEY0YRXcs, 2, 2, 2, 1, 3, 2, 1, 3, 2, 2, 2, 2, 1, 2, 1, 2, 2, 2, 2, 1, 2, 3, 1, 2, 1, 1, 2, 1, 3, 2, 2, 2, 2, 1, 3, 1, 1, 1, 2, 1, 1, 2
chatcmpl-8xv0HnTPlqqexF9squYcOo5Jm6XVF, 2, 2, 2, 1, 2, 2, 1, 3, 2, 2, 2, 1, 2, 2, 1, 2, 1, 2, 1, 1, 2, 2, 1, 2, 1, 1, 2, 1, 2, 1, 2, 2, 2, 1, 2, 1, 2, 1, 2, 1, 1, 2
chatcmpl-8xv0ak6Qw1ZMGIeIqmkFtI0RAJKjG, 2, 2, 2, 1, 2, 1, 1, 3, 2, 2, 1, 2, 1, 2, 1, 1, 1, 1, 2, 1, 1, 2, 1, 2, 1, 1, 1, 1, 2, 1, 2, 1, 2, 1, 1, 1, 1, 1, 1, 1, 1, 2
chatcmpl-8xv0tnkQnOn8dr7gkWS2gUeO1P5ma, 2, 1, 1, 1, 3, 2, 1, 2, 2, 1, 2, 2, 1, 2, 1, 2, 1, 1, 1, 1, 1, 2, 1, 2, 1, 1, 2, 1, 2, 1, 2, 2, 3, 1, 2, 1, 1, 1, 2, 1, 1, 2
chatcmpl-8xv1BMStUa8ZuNvl3PEbSVs0gVsRM, 2, 1, 2, 1, 2, 2, 1, 3, 2, 1, 2, 2, 1, 1, 1, 1, 1, 2, 1, 1, 1, 2, 1, 2, 1, 1, 2, 1, 2, 1, 1, 2, 3, 1, 2, 1, 1, 1, 2, 1, 1, 2
chatcmpl-8xv1QkdZbI05ky8TLhRs2qmuUTiQz, 2, 2, 2, 1, 2, 2, 1, 3, 2, 2, 2, 2, 1, 2, 1, 2, 1, 2, 1, 1, 2, 3, 1, 2, 1, 1, 2, 1, 2, 1, 3, 2, 2, 1, 2, 1, 2, 1, 2, 1, 1, 3
chatcmpl-8xv1hRgmA262fBXWkAVrAzXjoVDSi, 1, 2, 2, 1, 2, 2, 1, 3, 2, 2, 2, 2, 1, 2, 1, 1, 1, 2, 1, 1, 2, 3, 1, 2, 1, 1, 2, 1, 2, 1, 1, 2, 2, 1, 2, 1, 2, 2, 1, 1, 1, 2
chatcmpl-8xv256YMHC1VRtCCE99svP3VhMLzd, 2, 1, 2, 1, 3, 2, 1, 3, 2, 2, 2, 1, 1, 2, 1, 2, 1, 1, 1, 1, 1, 3, 1, 2, 1, 1, 1, 1, 2, 1, 2, 2, 2, 1, 2, 1, 1, 1, 1, 1, 1, 2
chatcmpl-8xv2JWKm8FW2R2w1jonbWYUE6qqEK, 2, 1, 2, 1, 2, 2, 1, 3, 2, 2, 2, 2, 1, 2, 1, 2, 1, 1, 1, 1, 2, 2, 1, 2, 1, 1, 2, 1, 2, 2, 2, 2, 2, 1, 2, 1, 2, 2, 1, 1, 1, 2
chatcmpl-8xv2dcoyrxS4bpcoCJlcof25Pseub, 2, 1, 2, 1, 2, 2, 1, 3, 2, 1, 2, 2, 1, 2, 1, 1, 1, 1, 1, 1, 1, 2, 1, 2, 1, 1, 1, 1, 2, 1, 1, 1, 2, 1, 1, 1, 1, 1, 1, 1, 1, 1
chatcmpl-8xv2pFvmL8wCGenPnpNKV1gW2x9u7, 2, 1, 2, 1, 2, 2, 1, 3, 1, 2, 2, 1, 1, 2, 1, 2, 1, 2, 1, 1, 2, 3, 1, 2, 1, 1, 2, 1, 2, 1, 2, 2, 2, 1, 2, 1, 2, 1, 2, 1, 1, 2
chatcmpl-8xv36E3ScB4LBbY9Q5iDm2i2TlNWY, 2, 1, 1, 1, 2, 2, 1, 3, 2, 1, 2, 2, 1, 2, 1, 1, 1, 1, 1, 1, 1, 2, 1, 1, 1, 1, 2, 1, 2, 1, 1, 2, 2, 1, 2, 1, 1, 1, 2, 1, 1, 2
chatcmpl-8xv3OWgU90YJeleAcQaMihjXsm5Kl, 2, 1, 2, 1, 3, 2, 1, 3, 2, 2, 2, 1, 2, 1, 1, 2, 1, 1, 1, 1, 1, 2, 1, 2, 1, 2, 2, 1, 1, 1, 2, 1, 2, 1, 1, 1, 2, 1, 1, 1, 1, 2
chatcmpl-8xv3e0GGh84OfEtG3u8aaxfDeOEkz, 1, 1, 2, 1, 2, 2, 1, 3, 2, 2, 2, 2, 1, 2, 1, 2, 1, 2, 1, 1, 2, 3, 1, 2, 1, 1, 2, 2, 2, 1, 2, 2, 3, 1, 2, 1, 2, 2, 2, 1, 1, 2
chatcmpl-8xv42abpBEaWhlP8bOxmbtV2lYzpL, 2, 1, 2, 1, 2, 2, 1, 3, 2, 2, 2, 1, 1, 2, 1, 2, 1, 2, 1, 1, 2, 3, 1, 2, 1, 2, 2, 1, 2, 1, 2, 2, 2, 1, 2, 1, 2, 1, 1, 1, 1, 2
chatcmpl-8xv4JnlDip6r1vokvSW0NzJOSJkOV, 2, 1, 1, 1, 3, 2, 1, 2, 1, 2, 2, 2, 1, 2, 1, 1, 1, 2, 1, 1, 1, 3, 1, 2, 1, 1, 2, 1, 2, 1, 3, 2, 2, 1, 2, 1, 1, 1, 2, 1, 1, 3
chatcmpl-8xv4Yxy6lcal7grB2ZjA2p0VYLznc, 2, 1, 2, 1, 2, 2, 1, 3, 2, 1, 2, 2, 1, 2, 1, 1, 1, 1, 1, 1, 1, 2, 1, 1, 1, 1, 2, 1, 1, 1, 1, 1, 2, 1, 2, 1, 1, 1, 1, 1, 1, 1
chatcmpl-8xv4uVizR09ne1gssGlvR4uSEddmm, 2, 1, 2, 1, 2, 2, 1, 3, 2, 2, 2, 1, 1, 2, 1, 2, 1, 2, 1, 1, 1, 3, 1, 2, 1, 1, 2, 1, 2, 1, 2, 2, 2, 1, 2, 1, 1, 1, 2, 1, 1, 2
chatcmpl-8xv59XlxiGrs11O2FtGJZLu0rcLAS, 2, 2, 2, 1, 2, 2, 1, 3, 1, 2, 2, 2, 1, 2, 1, 1, 1, 1, 1, 1, 1, 2, 1, 2, 1, 1, 1, 1, 2, 1, 1, 2, 2, 1, 2, 1, 1, 1, 1, 1, 1, 2
chatcmpl-8xv5U2er1x5V45VtWb5zyw4QKWC5m, 2, 1, 2, 1, 3, 2, 1, 2, 1, 2, 2, 2, 1, 2, 1, 2, 1, 2, 1, 1, 2, 2, 1, 2, 1, 1, 2, 1, 2, 1, 2, 2, 2, 1, 2, 1, 2, 1, 2, 1, 1, 2
chatcmpl-8xv5nA4JHz3pgIbHvEMIP5rWt2gPD, 1, 2, 2, 1, 2, 2, 1, 3, 1, 1, 2, 2, 2, 2, 1, 2, 1, 2, 1, 1, 1, 2, 1, 2, 2, 2, 2, 1, 2, 1, 2, 2, 2, 1, 2, 1, 1, 1, 2, 1, 1, 2
chatcmpl-8xv69u8TX8WLH6IMG7CFBeDcrIy1J, 2, 1, 1, 1, 2, 2, 1, 3, 2, 1, 2, 1, 1, 2, 1, 1, 1, 2, 1, 1, 1, 2, 1, 1, 1, 1, 2, 1, 2, 2, 1, 2, 2, 1, 2, 1, 1, 1, 2, 1, 1, 2
chatcmpl-8xv6U6GINT40D5MmrWvboypBPFN74, 2, 1, 2, 1, 3, 2, 1, 3, 2, 2, 2, 3, 2, 2, 1, 2, 2, 1, 1, 1, 2, 3, 1, 2, 1, 2, 2, 1, 2, 2, 2, 2, 2, 2, 2, 1, 2, 2, 2, 1, 1, 3
chatcmpl-8xv6kVZoigyLXCeuNlArxcRGDq33L, 1, 2, 1, 1, 2, 2, 1, 3, 1, 1, 2, 2, 1, 2, 1, 1, 1, 2, 1, 1, 1, 2, 1, 1, 1, 1, 2, 1, 2, 2, 1, 2, 1, 1, 2, 1, 1, 1, 2, 1, 1, 1
chatcmpl-8xv732K9NkZ1pH2pzehSRCmymqpnx, 1, 1, 2, 1, 1, 2, 1, 2, 1, 2, 1, 1, 1, 1, 1, 1, 1, 1, 1, 1, 1, 2, 1, 1, 1, 1, 1, 1, 2, 1, 1, 1, 1, 1, 1, 1, 1, 1, 1, 1, 1, 1
chatcmpl-8xv7P9geSVzVVvekT6QhS46lSAsfc, 1, 1, 2, 1, 2, 2, 1, 3, 1, 1, 2, 2, 1, 1, 1, 1, 1, 1, 1, 1, 1, 3, 1, 1, 1, 1, 1, 1, 2, 1, 1, 1, 2, 1, 1, 1, 1, 1, 1, 1, 1, 1
chatcmpl-8xv7tS5wVvm7pK877vmk2LkwUrnLM, 2, 2, 2, 1, 3, 2, 1, 2, 1, 2, 2, 2, 1, 2, 1, 1, 1, 1, 1, 1, 1, 2, 1, 2, 1, 1, 1, 1, 2, 1, 1, 1, 2, 1, 1, 1, 1, 1, 2, 1, 1, 1
chatcmpl-8xv8D0u7VaHGaPuRicw738hrDFG9N, 1, 2, 2, 1, 2, 2, 1, 3, 2, 2, 2, 1, 2, 2, 1, 2, 2, 2, 1, 1, 2, 3, 1, 2, 1, 2, 2, 1, 2, 1, 2, 2, 2, 2, 2, 1, 2, 2, 2, 1, 1, 2
chatcmpl-8xv8XhSPz4szGmjQRdL3ioK4wfbX8, 2, 3, 2, 1, 2, 2, 1, 3, 2, 2, 2, 1, 1, 2, 1, 1, 1, 1, 1, 1, 1, 2, 1, 2, 1, 1, 1, 1, 3, 2, 1, 2, 2, 1, 2, 1, 1, 1, 2, 1, 1, 2
chatcmpl-8xv8mcKgNBmZ3TV9PnDyKEPKfRv5j, 2, 2, 2, 1, 3, 2, 1, 3, 2, 2, 2, 2, 2, 2, 1, 2, 1, 2, 1, 1, 2, 3, 1, 2, 1, 2, 2, 1, 2, 1, 2, 2, 3, 1, 2, 1, 2, 2, 2, 1, 1, 2
chatcmpl-8xv9C6iLnUyfgnpfWPmidl6FoXquX, 1, 2, 1, 1, 2, 2, 1, 3, 1, 2, 2, 2, 1, 2, 1, 1, 1, 2, 1, 1, 1, 2, 1, 2, 1, 1, 2, 1, 2, 1, 1, 2, 2, 1, 2, 1, 1, 1, 2, 1, 1, 2
chatcmpl-8xv9StdWe65m7fMPP64xLpEJGTcac, 2, 1, 2, 1, 2, 2, 1, 3, 2, 1, 2, 2, 1, 2, 1, 1, 1, 1, 1, 1, 1, 2, 1, 2, 1, 1, 2, 1, 2, 1, 1, 1, 1, 1, 1, 1, 1, 1, 1, 1, 1, 2
chatcmpl-8xv9exJl6Mdzf1colCnD2bXcJZQJk, 2, 1, 2, 1, 3, 2, 1, 3, 2, 2, 2, 2, 2, 2, 1, 2, 1, 2, 1, 1, 1, 2, 1, 2, 1, 2, 2, 1, 2, 1, 2, 2, 2, 1, 2, 1, 1, 1, 2, 1, 1, 2
chatcmpl-8xvA8uwE82va6KWK9J49o302K9kNl, 2, 1, 2, 1, 3, 2, 1, 3, 2, 2, 2, 3, 1, 2, 1, 2, 1, 2, 1, 1, 2, 3, 1, 2, 1, 1, 2, 1, 2, 1, 2, 2, 3, 1, 2, 1, 2, 1, 2, 1, 1, 2
chatcmpl-8xvASQ1oKKZuWb3JRKyNoeeZMD2S0, 2, 2, 2, 1, 2, 2, 1, 3, 2, 2, 2, 2, 2, 2, 1, 2, 1, 2, 1, 1, 2, 3, 1, 2, 1, 2, 2, 1, 2, 1, 2, 1, 2, 1, 2, 1, 2, 2, 1, 1, 1, 2
chatcmpl-8xvAnJNuyUgJs4C5BBe5eJR1jG1RF, 2, 1, 2, 1, 2, 2, 1, 3, 1, 1, 2, 2, 1, 2, 1, 1, 1, 2, 1, 1, 1, 2, 1, 1, 1, 1, 1, 1, 2, 1, 1, 1, 1, 1, 2, 1, 1, 1, 1, 1, 1, 1
chatcmpl-8xvBBhSloM0GZgK2xaVjPab54ve7J, 2, 1, 1, 1, 2, 2, 1, 3, 1, 1, 2, 1, 1, 2, 1, 1, 1, 1, 1, 1, 1, 3, 1, 2, 1, 1, 2, 1, 2, 1, 1, 2, 2, 1, 2, 1, 1, 1, 2, 1, 1, 2
chatcmpl-8xvBP4Iq0KHTfY29XNyGhMKc9tQ70, 2, 1, 1, 1, 3, 2, 1, 3, 2, 2, 2, 2, 2, 1, 1, 2, 1, 2, 1, 1, 2, 2, 1, 2, 1, 1, 2, 1, 2, 1, 2, 2, 2, 1, 2, 1, 2, 1, 2, 1, 1, 2
chatcmpl-8xvBgA8XQERtHfdQxioz0J9qUWlcS, 2, 1, 2, 1, 2, 2, 1, 3, 2, 2, 2, 1, 1, 2, 1, 2, 1, 2, 1, 1, 1, 2, 1, 2, 1, 2, 2, 1, 1, 1, 2, 2, 1, 2, 2, 1, 1, 1, 1, 1, 1, 2
chatcmpl-8xvBvHALTJI7BUkCqRVYwQwJ6aaCx, 2, 1, 2, 1, 3, 2, 1, 3, 2, 2, 2, 2, 1, 2, 1, 1, 2, 2, 1, 1, 2, 3, 1, 2, 1, 1, 2, 1, 2, 2, 1, 2, 1, 1, 2, 1, 2, 1, 2, 1, 1, 2
chatcmpl-8xvCE9wHezoNEn30TO39u9zvnF4jv, 2, 1, 1, 1, 2, 2, 1, 3, 2, 1, 2, 2, 1, 2, 1, 1, 1, 2, 1, 1, 1, 3, 1, 1, 1, 1, 2, 1, 2, 1, 2, 2, 2, 1, 2, 1, 1, 1, 2, 1, 1, 2
chatcmpl-8xvCXhr1jm1UUH9Tyxv0orTRRQ5qr, 2, 2, 2, 1, 2, 2, 1, 3, 2, 2, 2, 1, 1, 2, 1, 1, 1, 2, 1, 1, 1, 2, 1, 1, 1, 1, 2, 1, 1, 1, 2, 1, 2, 1, 1, 1, 1, 1, 1, 1, 1, 2
chatcmpl-8xvCqFdPheH0loW8gDgsIXkbuih3U, 2, 1, 2, 1, 3, 2, 1, 3, 2, 2, 2, 1, 2, 2, 1, 2, 1, 2, 1, 1, 2, 3, 1, 2, 1, 2, 2, 1, 2, 1, 3, 2, 2, 1, 2, 1, 2, 2, 2, 1, 1, 3
chatcmpl-8xvD8CHO0rHuaCBnFxpXbT5fNpuLa, 2, 1, 2, 1, 3, 2, 1, 3, 2, 2, 2, 3, 1, 2, 1, 2, 1, 2, 1, 1, 2, 3, 1, 2, 1, 1, 2, 1, 3, 1, 2, 2, 3, 1, 2, 1, 2, 2, 2, 1, 1, 2
chatcmpl-8xvDLhScvXKIZVyHvPVc40JEekYR8, 2, 1, 1, 1, 3, 2, 1, 3, 2, 1, 2, 2, 1, 2, 1, 1, 1, 2, 1, 1, 1, 3, 1, 1, 1, 1, 2, 1, 3, 2, 1, 2, 2, 1, 2, 1, 1, 1, 2, 1, 1, 2
chatcmpl-8xvDeq1gh58vA7UN1d88LbeChaeUo, 2, 1, 2, 1, 2, 2, 1, 4, 1, 1, 1, 2, 1, 2, 1, 1, 1, 2, 1, 1, 1, 3, 1, 1, 1, 1, 1, 1, 2, 1, 1, 2, 2, 1, 2, 1, 1, 1, 1, 1, 1, 2
chatcmpl-8xvDsc9VgLCHn2PHPBEx1c509mCT7, 2, 1, 1, 1, 2, 2, 1, 3, 1, 1, 2, 3, 2, 1, 1, 1, 1, 2, 1, 1, 1, 2, 1, 2, 1, 2, 2, 1, 1, 1, 2, 2, 2, 1, 2, 1, 1, 1, 2, 1, 1, 3
chatcmpl-8xvE6ToYyh9BVkQuNHfuW4P7ZBMg3, 2, 1, 2, 1, 3, 2, 1, 3, 2, 1, 2, 2, 1, 2, 1, 1, 1, 2, 1, 1, 1, 3, 1, 2, 1, 1, 2, 1, 3, 1, 2, 2, 2, 1, 2, 1, 1, 1, 2, 1, 1, 2
chatcmpl-8xvERFGQX1nJcWZ69KMxJCpV2bMBJ, 2, 1, 2, 1, 3, 2, 1, 3, 1, 1, 2, 2, 1, 2, 1, 2, 1, 2, 1, 1, 1, 3, 1, 3, 1, 1, 2, 1, 3, 2, 2, 2, 2, 1, 2, 1, 1, 1, 2, 1, 1, 2
chatcmpl-8xvEnVtTVqAhBrNaajmPbGUT7TP19, 2, 1, 2, 1, 3, 2, 1, 3, 2, 2, 2, 2, 2, 2, 1, 2, 2, 1, 1, 1, 2, 3, 1, 2, 1, 2, 2, 1, 3, 1, 2, 3, 3, 2, 3, 1, 2, 2, 2, 1, 1, 2
chatcmpl-8xvF8CqPOeJOIF9EahhiAXmBNmkta, 2, 1, 1, 1, 3, 2, 1, 2, 2, 1, 2, 2, 1, 2, 1, 1, 1, 2, 1, 1, 1, 2, 1, 1, 1, 1, 2, 1, 2, 1, 1, 2, 1, 1, 2, 1, 1, 1, 2, 1, 1, 2
chatcmpl-8xvFLHSpA210X5yxczO0m7v6B5nCP, 2, 2, 2, 1, 3, 2, 1, 3, 2, 1, 2, 2, 2, 2, 1, 2, 1, 2, 1, 1, 1, 2, 1, 2, 1, 2, 2, 1, 2, 1, 2, 2, 2, 1, 2, 1, 1, 1, 2, 1, 1, 2
chatcmpl-8xvFgJTgHaQX7yTPgyPrgxBj2u7eN, 2, 1, 1, 1, 2, 2, 1, 3, 1, 1, 2, 2, 1, 2, 1, 1, 1, 1, 1, 1, 1, 3, 1, 1, 1, 1, 2, 1, 2, 1, 1, 2, 1, 1, 2, 1, 1, 1, 1, 1, 1, 1
chatcmpl-8xvG7hzaujA6mMIICB37SJOdiorhw, 2, 1, 2, 1, 3, 2, 1, 3, 2, 2, 2, 3, 1, 2, 1, 2, 1, 2, 1, 1, 2, 3, 1, 2, 1, 2, 2, 1, 3, 1, 2, 2, 3, 1, 2, 1, 2, 2, 2, 1, 1, 2
chatcmpl-8xvGONRx3edK1vj0bvvnYkJPwS8KV, 1, 2, 2, 1, 2, 1, 1, 3, 1, 2, 1, 1, 1, 1, 1, 1, 1, 1, 1, 1, 2, 3, 1, 1, 1, 1, 1, 1, 1, 1, 1, 1, 1, 1, 1, 1, 2, 1, 1, 1, 1, 1
chatcmpl-8xvGgIgUOjzS5H2BeTsRQfmZIvTWu, 2, 1, 1, 1, 2, 2, 1, 2, 2, 1, 2, 1, 1, 1, 1, 1, 1, 1, 1, 1, 1, 2, 1, 1, 1, 1, 2, 1, 2, 1, 1, 1, 1, 1, 1, 1, 1, 1, 1, 1, 1, 1
chatcmpl-8xvGurowFw3xnUYdNXPNOOPDZSPDn, 2, 1, 2, 1, 3, 2, 1, 2, 2, 2, 2, 3, 2, 2, 1, 2, 2, 2, 1, 1, 2, 3, 1, 2, 1, 1, 2, 1, 2, 2, 2, 2, 2, 2, 2, 1, 2, 2, 2, 1, 1, 2
chatcmpl-8xvHCHiQzCAPw4XpqSE1857bo5mMI, 2, 1, 2, 1, 3, 2, 1, 3, 2, 2, 2, 3, 2, 2, 1, 2, 2, 2, 1, 1, 2, 3, 1, 2, 1, 2, 2, 1, 3, 1, 2, 2, 3, 2, 2, 1, 2, 2, 2, 1, 1, 2
chatcmpl-8xvHQN1EAcjbqGksw83zU6Wrxy28V, 2, 1, 1, 1, 2, 2, 1, 3, 2, 1, 2, 1, 1, 2, 1, 1, 1, 2, 1, 1, 1, 2, 1, 1, 1, 1, 2, 2, 2, 1, 1, 1, 1, 1, 1, 1, 1, 1, 2, 1, 1, 1
chatcmpl-8xvHjlfshljyyQRyNuSbPYOeIFrjk, 2, 1, 2, 1, 3, 2, 1, 3, 2, 2, 2, 1, 2, 2, 1, 2, 2, 2, 1, 1, 2, 2, 1, 2, 1, 2, 2, 1, 2, 1, 2, 2, 2, 2, 2, 1, 2, 1, 1, 1, 1, 2
chatcmpl-8xvI224fmBCFcQhaU5DbDyI2ZBIgV, 2, 1, 2, 1, 3, 2, 1, 3, 2, 2, 2, 1, 1, 2, 1, 1, 1, 1, 1, 1, 1, 2, 1, 2, 1, 1, 2, 1, 2, 1, 2, 2, 2, 1, 2, 1, 1, 1, 1, 1, 1, 2
chatcmpl-8xvIOI4zZJmPKNLd6e9YMo9cLKCIX, 2, 1, 2, 1, 2, 2, 1, 3, 1, 2, 2, 2, 1, 2, 1, 2, 2, 1, 1, 1, 2, 3, 1, 2, 1, 1, 2, 1, 2, 1, 2, 2, 2, 1, 2, 1, 2, 1, 2, 1, 1, 2
chatcmpl-8xvIeBNk94xJ38pfcHg1J4VTQSk2x, 2, 1, 2, 1, 3, 2, 1, 3, 1, 2, 2, 2, 1, 2, 1, 2, 1, 2, 1, 1, 2, 2, 1, 2, 1, 1, 2, 1, 1, 1, 2, 2, 2, 1, 2, 1, 2, 2, 2, 1, 1, 2
chatcmpl-8xvIxuNoyhTocTR9BRQQmNvxuWKJS, 1, 2, 2, 1, 2, 2, 1, 3, 1, 1, 2, 1, 1, 2, 1, 1, 1, 1, 1, 1, 1, 1, 1, 1, 2, 1, 2, 1, 2, 1, 1, 1, 2, 1, 2, 1, 1, 1, 1, 1, 1, 1
chatcmpl-8xvJMHXmDFlfJb8qtZIiMeWjcDZBn,2,1,2,1,2,2,1,3,1,1,2,1,1,2,1,1,1,1,1,1,1,3,1,2,1,1,2,1,1,1,2,2,2,1,1,1,1,1,1,1,1,2
chatcmpl-8xvJernDMUyf8Xz9AnZxXCPx7ddOw, 1, 1, 1, 1, 2, 2, 1, 1, 1, 1, 1, 1, 1, 1, 1, 1, 1, 1, 1, 1, 1, 1, 1, 1, 1, 1, 1, 1, 1, 1, 1, 1, 1, 1, 1, 1, 1, 1, 1, 1, 1, 1
chatcmpl-8xvK3V8N6a069Ldhewv3RVzEYbE8r, 2, 1, 2, 1, 3, 2, 1, 2, 1, 2, 2, 3, 2, 2, 1, 2, 2, 2, 1, 1, 2, 3, 1, 2, 1, 2, 2, 1, 2, 1, 2, 2, 3, 1, 2, 1, 2, 2, 2, 1, 1, 2
chatcmpl-8xvKGtdHOHFUA0bBrn0QgTuSpQHAJ, 2, 1, 2, 1, 3, 2, 1, 3, 2, 2, 2, 2, 1, 2, 1, 2, 1, 2, 1, 1, 1, 3, 1, 2, 1, 1, 2, 1, 2, 1, 3, 2, 3, 1, 1, 1, 2, 1, 2, 1, 1, 3
chatcmpl-8xvKajFOCLV8tUOsQ88fNZFD4gxNT, 2, 1, 2, 1, 3, 2, 1, 3, 2, 2, 2, 2, 1, 2, 1, 3, 1, 2, 1, 1, 1, 3, 1, 2, 1, 1, 2, 1, 2, 1, 2, 2, 3, 1, 2, 1, 1, 1, 2, 2, 1, 2
chatcmpl-8xvKymS313bajfKpiOuEe2rfaBg2H, 2, 1, 1, 1, 2, 2, 1, 3, 1, 2, 2, 2, 1, 2, 1, 1, 1, 2, 1, 1, 2, 3, 1, 2, 1, 1, 2, 1, 2, 1, 2, 2, 2, 1, 2, 1, 2, 1, 2, 1, 1, 2
chatcmpl-8xvLEKJ81SYzTATpu5Kh5yFQpij5q, 2, 1, 2, 1, 2, 2, 1, 3, 1, 1, 2, 2, 1, 2, 1, 1, 1, 2, 1, 1, 1, 3, 1, 1, 1, 1, 1, 1, 1, 1, 1, 1, 1, 1, 1, 1, 1, 1, 1, 1, 1, 1
chatcmpl-8xvLTj2OMeNd0ywuEAsQwOyxUlLvI, 2, 1, 2, 1, 2, 2, 1, 2, 1, 2, 2, 1, 1, 2, 1, 1, 1, 2, 1, 1, 1, 2, 1, 2, 1, 1, 2, 1, 2, 1, 2, 2, 1, 1, 2, 1, 2, 1, 1, 1, 1, 2
chatcmpl-8xvLjHJO7zehJSFfG8NausoZ7ZA2z, 2, 1, 2, 1, 2, 2, 1, 3, 1, 2, 2, 1, 1, 2, 1, 1, 1, 1, 1, 1, 1, 2, 1, 2, 1, 1, 2, 1, 2, 1, 2, 1, 1, 1, 1, 1, 2, 1, 1, 1, 1, 2
chatcmpl-8xvM1MhrqM86F6imn7mkWs2lQPq3Z, 2, 1, 2, 1, 3, 2, 1, 2, 2, 1, 2, 3, 2, 2, 1, 2, 1, 2, 1, 1, 1, 2, 1, 2, 1, 2, 2, 1, 2, 1, 2, 2, 3, 1, 2, 1, 1, 1, 2, 1, 1, 2
chatcmpl-8xvMHvAzPJu3vHHMPiIxFjMZWKgwn, 2, 1, 2, 1, 2, 2, 1, 3, 1, 2, 2, 1, 1, 2, 1, 2, 1, 2, 1, 1, 2, 3, 1, 2, 1, 1, 1, 1, 2, 1, 2, 2, 2, 1, 2, 1, 2, 1, 1, 1, 1, 2
chatcmpl-8xvMbsgx9It6vxz1l5qnpgvzRhx4L, 2, 1, 2, 1, 3, 2, 1, 3, 2, 2, 2, 2, 2, 2, 1, 2, 1, 2, 1, 1, 2, 2, 1, 2, 1, 2, 2, 1, 2, 1, 2, 2, 2, 1, 2, 1, 2, 2, 1, 1, 1, 2
chatcmpl-8xvMvWVtQXhxqDpvRSSZ5MEvzAay1, 2, 1, 2, 1, 3, 2, 1, 2, 2, 2, 2, 3, 2, 2, 1, 2, 2, 2, 1, 1, 2, 3, 1, 2, 1, 2, 2, 2, 2, 1, 3, 2, 3, 2, 2, 1, 2, 2, 2, 1, 1, 3
chatcmpl-8xvNIbnyv7ILo56iNItDuIEzXDQ6b, 2, 1, 2, 1, 2, 2, 1, 3, 2, 2, 2, 1, 1, 2, 1, 1, 2, 1, 1, 1, 2, 3, 1, 2, 1, 1, 2, 1, 2, 1, 2, 2, 2, 1, 2, 1, 2, 2, 1, 1, 1, 2
chatcmpl-8xvNYh2KYLyWK78paIJHCWJ7QlZ1J, 2, 1, 2, 1, 3, 2, 1, 3, 1, 2, 2, 2, 1, 2, 1, 1, 1, 2, 1, 1, 2, 3, 1, 2, 1, 1, 2, 1, 2, 1, 1, 2, 2, 1, 2, 1, 1, 1, 2, 1, 1, 2
chatcmpl-8xvNp3jnjSEZ6aFtlGsDDthIRDvuE, 2, 1, 2, 1, 2, 2, 1, 3, 1, 1, 2, 2, 1, 2, 1, 1, 1, 2, 1, 1, 1, 3, 1, 2, 1, 1, 2, 1, 3, 2, 3, 2, 2, 1, 2, 1, 1, 1, 2, 1, 1, 3
chatcmpl-8xvO2p9SBDulQhSETzncCA1ywfbKo, 1, 2, 2, 1, 2, 2, 1, 3, 2, 2, 2, 1, 1, 2, 1, 2, 1, 2, 1, 1, 2, 3, 1, 2, 1, 1, 2, 1, 2, 1, 2, 2, 2, 1, 2, 1, 2, 1, 2, 1, 1, 2
chatcmpl-8xvOObDeOvQgxL3O2evrt5Pk8aSZw, 1, 2, 2, 1, 2, 2, 1, 3, 1, 2, 1, 2, 1, 2, 1, 1, 1, 1, 1, 1, 2, 1, 1, 1, 1, 1, 1, 1, 1, 1, 1, 1, 2, 1, 1, 1, 2, 1, 1, 1, 1, 1
chatcmpl-8xvOohIK1AiFV7ErGxJfjtGJGH6RD, 2, 1, 2, 1, 3, 2, 1, 2, 1, 1, 2, 1, 1, 2, 1, 1, 1, 1, 1, 1, 1, 2, 1, 1, 1, 1, 1, 1, 2, 1, 1, 1, 1, 1, 1, 1, 1, 1, 1, 1, 1, 1
chatcmpl-8xvPDBLB00c19R6HL4Yatno8cWE2O, 2, 1, 2, 1, 3, 1, 1, 3, 1, 1, 1, 1, 1, 1, 1, 1, 1, 1, 1, 1, 1, 2, 1, 1, 1, 1, 1, 1, 1, 1, 1, 1, 1, 1, 1, 1, 1, 1, 1, 1, 1, 1
chatcmpl-8xvPV6mwxzbKQzk0AFjbPmSQC2aDg, 2, 1, 2, 1, 3, 2, 1, 3, 2, 2, 2, 1, 1, 2, 1, 2, 1, 2, 1, 1, 2, 2, 1, 3, 1, 1, 2, 1, 2, 1, 2, 2, 2, 1, 2, 1, 2, 1, 2, 1, 1, 3
chatcmpl-8xvPmNdYrOCo2YRdGiltzJXERtw89, 2, 1, 2, 1, 3, 2, 1, 3, 2, 2, 2, 2, 1, 2, 1, 2, 1, 2, 1, 1, 2, 3, 1, 2, 1, 2, 2, 1, 2, 2, 2, 2, 2, 1, 2, 1, 2, 2, 1, 1, 1, 3
chatcmpl-8xvQ77m8zoP1ljuty71U9B0UClRRb, 2, 1, 2, 1, 2, 2, 1, 3, 2, 2, 2, 2, 1, 2, 1, 2, 1, 2, 1, 1, 2, 3, 1, 2, 1, 1, 2, 1, 2, 1, 2, 1, 2, 1, 2, 1, 2, 1, 2, 1, 1, 2
chatcmpl-8xvQOPpwPdyd12wEWcsi7A4ypGWnp, 2, 1, 2, 1, 3, 2, 1, 3, 1, 2, 2, 2, 1, 2, 1, 1, 1, 2, 1, 1, 1, 3, 1, 2, 1, 1, 2, 1, 3, 1, 2, 2, 2, 1, 2, 1, 2, 1, 2, 1, 1, 2
chatcmpl-8xvQlmXBEFBMdkd9Fi3xoB01CJhJP, 2, 1, 2, 1, 2, 2, 1, 3, 2, 1, 2, 1, 1, 2, 1, 1, 1, 2, 1, 1, 1, 2, 1, 2, 1, 1, 1, 1, 2, 1, 1, 2, 1, 1, 2, 1, 1, 1, 1, 1, 1, 1
chatcmpl-8xvR1x4Cib1pW7MiD6fJItU83zGx1, 2, 1, 2, 1, 1, 2, 1, 3, 1, 1, 2, 1, 1, 1, 1, 1, 1, 1, 1, 1, 1, 2, 1, 2, 2, 1, 2, 1, 3, 1, 1, 1, 2, 1, 1, 1, 1, 1, 1, 1, 1, 1
chatcmpl-8xvRGcvEd9yI6VvOEAGs6FrKtzSI9, 2, 1, 2, 1, 3, 2, 1, 3, 2, 2, 2, 2, 2, 2, 1, 2, 1, 2, 1, 1, 2, 3, 1, 2, 1, 2, 2, 1, 3, 1, 2, 2, 2, 1, 2, 1, 2, 2, 2, 1, 1, 2
chatcmpl-8xvRbaQKpLuv9bymfPZQuVONGsgEs, 2, 1, 2, 1, 2, 2, 1, 3, 2, 2, 2, 1, 1, 2, 1, 1, 1, 2, 1, 1, 1, 2, 1, 2, 1, 1, 2, 1, 2, 2, 2, 2, 2, 1, 2, 1, 1, 1, 2, 1, 1, 2
chatcmpl-8xvRtyBk1EfLjqA5Y2vHbutJIcqJU, 2, 1, 2, 1, 3, 2, 1, 3, 2, 1, 2, 2, 1, 2, 1, 1, 1, 1, 1, 1, 2, 2, 1, 2, 1, 2, 1, 1, 2, 1, 2, 1, 1, 1, 1, 1, 2, 2, 1, 1, 1, 3
chatcmpl-8xvS6AsfU6ZaMvryubJUb3TfN32dr, 2, 1, 1, 1, 2, 2, 1, 3, 1, 1, 2, 2, 1, 2, 1, 1, 1, 2, 1, 1, 1, 3, 1, 1, 1, 1, 2, 1, 2, 1, 1, 2, 2, 1, 2, 1, 1, 1, 2, 1, 1, 2
chatcmpl-8xvSQZq0OgrbcojMsPG6Wo3hHWudX, 1, 2, 2, 1, 2, 2, 1, 3, 2, 1, 2, 2, 1, 2, 1, 1, 1, 2, 1, 1, 1, 2, 1, 1, 1, 1, 2, 1, 2, 1, 1, 2, 2, 1, 2, 1, 1, 1, 2, 1, 1, 1
chatcmpl-8xvSkn1qbvP7cPbaXMWDE4nl8Tsos, 2, 1, 2, 1, 3, 2, 1, 3, 2, 1, 2, 2, 1, 2, 1, 2, 1, 1, 1, 1, 1, 3, 1, 2, 1, 1, 2, 1, 3, 1, 2, 1, 3, 1, 2, 1, 1, 1, 2, 1, 1, 2
chatcmpl-8xvT8a8l5xqBTy7JzwqEFch8YMwvZ, 2, 1, 2, 1, 3, 2, 1, 3, 2, 2, 2, 2, 1, 2, 1, 2, 1, 2, 1, 1, 2, 3, 1, 2, 1, 1, 2, 1, 2, 2, 2, 2, 2, 1, 2, 1, 2, 2, 2, 1, 1, 2
chatcmpl-8xvTQ4jF1d4QjkYPNRwDLhleUJsse, 1, 2, 1, 1, 2, 2, 1, 3, 2, 1, 2, 2, 1, 2, 1, 1, 1, 2, 1, 1, 1, 3, 1, 1, 1, 1, 2, 1, 2, 2, 1, 2, 2, 1, 2, 1, 1, 1, 2, 2, 1, 2
chatcmpl-8xvTirKhYFnlBnwYz5r5KUaSbCCBC, 1, 2, 1, 1, 3, 1, 1, 2, 1, 2, 1, 2, 1, 2, 1, 1, 1, 1, 1, 1, 1, 2, 1, 2, 1, 1, 1, 1, 2, 1, 1, 1, 1, 1, 1, 1, 1, 1, 1, 1, 1, 2
chatcmpl-8xvTy5YKZTdhdzILsvhj4XCi3DNgM, 1, 2, 1, 1, 2, 2, 1, 3, 2, 1, 2, 1, 1, 2, 1, 1, 1, 2, 1, 1, 1, 2, 1, 1, 1, 1, 1, 1, 2, 1, 1, 1, 1, 1, 1, 1, 1, 1, 2, 1, 1, 1
chatcmpl-8xvUH8SvbovkpDzo6PlYHpInnkqKg, 2, 2, 2, 1, 2, 2, 1, 3, 2, 2, 2, 2, 2, 2, 1, 2, 2, 2, 1, 1, 2, 2, 1, 2, 1, 2, 2, 1, 2, 1, 2, 2, 2, 2, 2, 1, 2, 2, 2, 1, 1, 2
chatcmpl-8xvUUO3pHB9f4IDkg2gqimkGO7FzI, 2, 1, 2, 1, 3, 2, 1, 3, 2, 2, 2, 2, 2, 2, 1, 2, 1, 2, 1, 1, 2, 3, 1, 2, 1, 2, 2, 1, 2, 1, 3, 2, 2, 1, 2, 1, 2, 1, 2, 1, 1, 3
chatcmpl-8xvUknvKKlZLNdCYXD6r9oV6dOtfK, 2, 1, 1, 1, 2, 2, 1, 3, 2, 1, 2, 2, 1, 2, 1, 1, 1, 2, 1, 1, 1, 2, 1, 1, 1, 1, 2, 2, 2, 2, 1, 2, 2, 1, 2, 1, 1, 1, 2, 2, 1, 2
chatcmpl-8xvV0BM5nYhHV8DxeCalxRGNMD0Nv, 1, 2, 1, 1, 2, 2, 1, 2, 1, 1, 2, 1, 1, 2, 1, 1, 1, 2, 1, 1, 1, 2, 1, 1, 1, 1, 2, 1, 2, 1, 1, 2, 2, 1, 2, 1, 1, 1, 2, 1, 1, 2
chatcmpl-8xvVIRmdo03UysU3JSboRAZCzkv1o, 2, 1, 2, 1, 2, 2, 1, 2, 1, 2, 2, 1, 1, 2, 1, 1, 1, 1, 2, 1, 1, 2, 1, 1, 1, 1, 1, 1, 1, 1, 1, 1, 1, 1, 1, 1, 1, 1, 1, 1, 1, 1
chatcmpl-8xvVXkVHYKYOQ10BR61fx8wmIUQCa, 2, 2, 2, 1, 3, 2, 1, 3, 1, 2, 2, 2, 1, 2, 1, 2, 1, 2, 1, 1, 2, 3, 1, 2, 1, 1, 2, 1, 2, 1, 2, 1, 2, 1, 1, 1, 1, 1, 2, 1, 1, 2
chatcmpl-8xvVmCTRYIB7qihC1c6Oztos8LSIR, 1, 2, 2, 1, 2, 1, 1, 3, 1, 1, 1, 1, 1, 1, 1, 1, 1, 1, 1, 1, 1, 2, 1, 1, 1, 1, 1, 1, 2, 1, 1, 1, 1, 1, 1, 1, 1, 1, 1, 1, 1, 1
chatcmpl-8xvW6XDoqheCeO56BQNBsNw3R5A9a, 2, 1, 2, 1, 3, 2, 1, 3, 2, 2, 2, 1, 1, 2, 1, 2, 1, 1, 1, 1, 1, 2, 1, 2, 1, 1, 2, 1, 2, 1, 2, 2, 2, 1, 2, 1, 1, 2, 1, 1, 1, 2
chatcmpl-8xvWPpRMtligpnmfHWwSXMYiHilam, 2, 1, 2, 1, 3, 2, 1, 2, 1, 2, 2, 3, 1, 2, 1, 2, 1, 2, 1, 1, 1, 2, 1, 2, 1, 1, 2, 1, 2, 1, 2, 2, 3, 1, 2, 1, 1, 1, 2, 1, 1, 3
chatcmpl-8xvWfuOGhc3Tx5ghP8NHZNeCNDTqz, 2, 2, 2, 1, 3, 2, 1, 3, 2, 2, 2, 2, 2, 2, 1, 2, 2, 2, 1, 1, 2, 2, 1, 2, 1, 2, 2, 1, 2, 2, 2, 2, 2, 1, 2, 1, 2, 2, 2, 1, 1, 2
chatcmpl-8xvWwddpUD9jonimm6R9kh2imjKQW, 2, 1, 2, 1, 3, 2, 1, 3, 2, 2, 2, 3, 2, 2, 1, 2, 2, 2, 1, 1, 2, 3, 1, 2, 1, 2, 2, 1, 2, 1, 2, 2, 2, 2, 2, 1, 2, 1, 2, 1, 1, 3
chatcmpl-8xvXFqtK3XF8QHF3xY77yUrcUG0Ox, 1, 2, 2, 1, 2, 2, 1, 2, 1, 1, 1, 2, 2, 2, 1, 1, 1, 1, 2, 1, 1, 2, 1, 2, 1, 2, 2, 1, 2, 1, 1, 2, 2, 1, 2, 1, 1, 1, 2, 1, 1, 2
chatcmpl-8xvXWMLkl4Y54lJvGGjJxXosmv4al, 2, 1, 1, 1, 2, 2, 1, 3, 1, 1, 2, 2, 1, 1, 1, 1, 1, 2, 1, 1, 1, 2, 1, 1, 1, 1, 2, 1, 2, 1, 1, 2, 1, 1, 2, 1, 1, 1, 1, 1, 1, 2
chatcmpl-8xvXkLMoaX3tsslxMdzfTLkjj6PfK, 2, 1, 2, 1, 3, 2, 1, 3, 2, 2, 2, 1, 1, 2, 1, 1, 1, 1, 1, 1, 1, 3, 1, 2, 1, 1, 1, 1, 3, 1, 2, 1, 2, 1, 1, 1, 1, 1, 1, 1, 1, 2
chatcmpl-8xvXy3Bkt99UEbrwYkHqkuXodl53M, 2, 1, 1, 1, 2, 2, 1, 3, 1, 1, 1, 2, 1, 2, 1, 1, 1, 1, 1, 1, 1, 2, 1, 1, 1, 1, 1, 1, 1, 1, 1, 1, 1, 1, 1, 1, 1, 1, 1, 1, 1, 1
chatcmpl-8xvYGTNnshunRCepkRnEdfSEBFN3r, 1, 1, 1, 1, 2, 2, 1, 2, 1, 1, 2, 1, 1, 2, 1, 1, 1, 1, 1, 1, 1, 2, 1, 1, 1, 1, 1, 1, 1, 1, 1, 1, 1, 1, 1, 1, 1, 1, 1, 1, 1, 1
chatcmpl-8xvYZ9JXPx95E29Zab8E1A20cV47k, 2, 1, 1, 1, 2, 2, 1, 3, 1, 1, 2, 2, 1, 2, 1, 1, 1, 2, 1, 1, 1, 2, 1, 1, 1, 1, 2, 1, 2, 1, 1, 2, 2, 1, 2, 1, 1, 1, 1, 1, 1, 2
chatcmpl-8xvYqVPQ2R0ULVkHZMYeJ1irxtQCU, 2, 1, 2, 1, 2, 2, 1, 3, 2, 2, 2, 1, 2, 2, 1, 2, 2, 1, 1, 1, 2, 2, 1, 2, 1, 2, 2, 1, 2, 1, 2, 2, 2, 2, 2, 1, 2, 2, 1, 1, 1, 2
chatcmpl-8xvZLzGC4lqSQGYE7gD6hRM9xmKKH, 2, 1, 1, 1, 2, 2, 1, 3, 2, 1, 2, 1, 1, 2, 1, 2, 1, 2, 1, 1, 1, 2, 1, 1, 1, 1, 2, 1, 2, 1, 1, 2, 2, 1, 2, 1, 1, 2, 2, 1, 1, 1
chatcmpl-8xvZYtijaGYH2ScoPLxFXV5fl6Uq6, 2, 1, 1, 1, 2, 2, 1, 3, 1, 1, 2, 1, 1, 2, 1, 1, 1, 2, 1, 1, 1, 2, 1, 1, 1, 1, 2, 1, 2, 1, 1, 2, 1, 1, 1, 1, 1, 1, 1, 1, 1, 1
chatcmpl-8xvZkiAp1ZuXyCRUHhUUK0dNRuCiU, 2, 1, 2, 1, 3, 2, 1, 2, 1, 2, 2, 3, 2, 2, 1, 2, 2, 2, 1, 1, 2, 2, 1, 2, 1, 2, 2, 1, 2, 1, 2, 2, 3, 2, 2, 1, 2, 2, 2, 1, 1, 2
chatcmpl-8xvZzKCvVZN5Tj4rYBCWoLZfo2e0c, 2, 1, 2, 1, 2, 2, 1, 3, 2, 2, 2, 1, 1, 2, 1, 1, 2, 1, 1, 1, 1, 2, 1, 1, 1, 1, 2, 1, 1, 1, 1, 1, 1, 1, 1, 1, 1, 1, 1, 1, 1, 1
chatcmpl-8xvaFYK9wxtBibALREqfYzuxrtQRa, 2, 1, 1, 1, 2, 2, 1, 3, 1, 1, 2, 1, 1, 2, 1, 1, 1, 1, 1, 1, 1, 2, 1, 1, 1, 1, 1, 1, 1, 1, 1, 2, 1, 1, 2, 1, 1, 1, 1, 1, 1, 2
chatcmpl-8xvaYfdu7c4XQHK7IiDLDRuGsYL0W, 2, 1, 2, 1, 3, 2, 1, 2, 2, 2, 2, 3, 2, 2, 1, 2, 1, 2, 1, 1, 1, 2, 1, 2, 2, 2, 2, 2, 3, 2, 2, 3, 3, 1, 2, 1, 2, 2, 2, 2, 1, 2
chatcmpl-8xvauAs2FB9Uzpa6hTBF7gbYneDiq, 2, 1, 2, 1, 3, 2, 1, 3, 2, 2, 2, 2, 1, 2, 1, 2, 1, 2, 1, 1, 1, 3, 1, 2, 1, 1, 2, 1, 2, 1, 2, 2, 2, 1, 2, 1, 1, 1, 2, 1, 1, 2
chatcmpl-8xvbEf2d0Y8QXDWMeWAH33UlBbJq1, 2, 2, 3, 1, 3, 2, 1, 3, 2, 2, 2, 2, 2, 1, 1, 2, 2, 2, 1, 1, 1, 2, 1, 3, 1, 2, 2, 1, 2, 1, 2, 2, 2, 2, 2, 1, 2, 2, 2, 1, 1, 2
chatcmpl-8xvbZnVIDJo5PSRAnsDrrE51g6EmS, 2, 1, 1, 1, 2, 2, 1, 3, 1, 1, 2, 1, 1, 2, 1, 1, 1, 1, 1, 1, 1, 2, 1, 1, 1, 1, 2, 1, 2, 1, 1, 1, 2, 1, 2, 1, 1, 1, 1, 1, 1, 1
chatcmpl-8xvboXi9ovDB1ofTanaUzsV3wHqHM, 2, 1, 2, 1, 3, 2, 1, 3, 2, 2, 2, 2, 1, 2, 1, 2, 1, 2, 1, 1, 2, 3, 1, 2, 2, 1, 2, 1, 2, 1, 2, 2, 2, 1, 2, 1, 2, 1, 2, 1, 1, 2
chatcmpl-8xvc2l7bAIm0FsHsFEAMWsKhC2rp2, 2, 1, 2, 1, 3, 2, 1, 3, 2, 2, 2, 2, 2, 2, 1, 2, 1, 2, 1, 1, 2, 3, 1, 2, 1, 2, 2, 1, 3, 2, 2, 2, 3, 1, 2, 1, 2, 2, 2, 1, 1, 3
chatcmpl-8xvcK69R03E2baCTR1AHctpkOJn7X, 1, 2, 2, 1, 2, 2, 1, 3, 2, 2, 2, 3, 2, 2, 1, 2, 1, 1, 1, 1, 2, 3, 1, 2, 1, 2, 1, 1, 2, 2, 1, 2, 2, 1, 2, 1, 2, 1, 2, 1, 1, 2
chatcmpl-8xvcfqtWWAXSLRNYkNRiuYM3FNQ0v, 2, 1, 2, 1, 3, 2, 1, 3, 2, 2, 2, 2, 2, 2, 1, 2, 2, 2, 1, 1, 2, 3, 1, 2, 1, 2, 1, 1, 2, 1, 2, 1, 2, 1, 1, 1, 2, 2, 1, 1, 1, 2
chatcmpl-8xvcyPROq62OdavCppycPsAI42MeE, 2, 1, 2, 1, 2, 2, 1, 3, 1, 2, 2, 1, 2, 1, 1, 1, 1, 1, 1, 1, 2, 3, 1, 2, 1, 2, 1, 1, 2, 1, 2, 1, 1, 1, 2, 1, 2, 1, 1, 1, 1, 2
chatcmpl-8xvdEYL1XjzIkr0PL481Im81ELaZ9, 2, 1, 2, 1, 2, 2, 1, 3, 1, 2, 2, 2, 2, 2, 1, 2, 1, 1, 1, 1, 2, 3, 1, 2, 1, 1, 2, 1, 2, 1, 2, 2, 2, 1, 2, 1, 2, 1, 2, 1, 1, 2
chatcmpl-8xvdSz6EvqSnroOjq2TuVpr86Hase, 2, 1, 1, 1, 2, 2, 1, 3, 2, 1, 2, 2, 1, 2, 1, 1, 1, 2, 1, 1, 1, 2, 1, 1, 1, 1, 2, 1, 2, 2, 1, 2, 1, 1, 2, 1, 1, 1, 2, 1, 1, 1
chatcmpl-8xvdgWCdji0i9MC41PLKnj9GivRqo, 2, 1, 2, 1, 3, 2, 1, 3, 2, 2, 2, 1, 1, 2, 1, 1, 1, 1, 1, 1, 1, 2, 1, 1, 1, 1, 1, 1, 1, 1, 2, 1, 2, 1, 2, 1, 1, 1, 2, 1, 1, 2
chatcmpl-8xveGF6tsWEqsH0rybG1NP0ZuPC15, 2, 2, 3, 2, 3, 2, 1, 3, 2, 2, 1, 2, 2, 2, 1, 2, 2, 2, 1, 1, 2, 3, 1, 2, 1, 1, 2, 1, 3, 1, 2, 2, 2, 1, 2, 1, 2, 1, 2, 1, 1, 2
chatcmpl-8xvedUfLBiOGB6al3DEKA3KcQiOT9, 2, 2, 2, 1, 3, 2, 1, 2, 1, 1, 2, 2, 1, 2, 1, 1, 1, 2, 1, 1, 1, 2, 1, 2, 1, 1, 2, 1, 2, 2, 1, 2, 2, 1, 2, 1, 1, 1, 2, 1, 1, 2
chatcmpl-8xwqzcRk1SD51lxtJGCsnrHTlSgAf, 2, 1, 2, 1, 2, 2, 1, 3, 2, 2, 2, 1, 1, 2, 1, 1, 1, 1, 1, 1, 1, 3, 1, 2, 1, 1, 1, 1, 2, 1, 1, 2, 1, 1, 2, 1, 1, 1, 1, 1, 1, 2
chatcmpl-8xwrIixgaG5ieGqZClms1tmVal9iV, 2, 1, 1, 1, 3, 2, 1, 2, 1, 2, 2, 3, 1, 2, 1, 1, 1, 2, 1, 1, 1, 3, 1, 1, 1, 1, 2, 1, 2, 1, 2, 2, 3, 1, 1, 1, 1, 1, 2, 1, 1, 2
chatcmpl-8xwrWev0KspJA9WFTnulKapvW1Soh, 2, 1, 2, 1, 2, 2, 1, 3, 2, 1, 2, 1, 1, 2, 1, 1, 1, 1, 1, 1, 1, 2, 1, 1, 1, 1, 2, 1, 2, 1, 1, 1, 2, 1, 1, 1, 1, 1, 2, 1, 1, 2
chatcmpl-8xwrpGT1Cjiw7ce01btSHJGMtnL1L, 1, 1, 2, 1, 2, 1, 1, 2, 1, 2, 1, 2, 1, 2, 1, 1, 1, 1, 1, 1, 1, 2, 1, 1, 1, 1, 1, 1, 2, 1, 1, 1, 1, 1, 1, 1, 1, 1, 1, 1, 1, 1
chatcmpl-8xwsIC6EwZQ63m5XUVjbOijtAGVLu, 1, 2, 2, 1, 3, 2, 1, 3, 1, 2, 1, 2, 1, 2, 1, 2, 1, 2, 1, 1, 1, 2, 1, 2, 1, 1, 2, 1, 2, 2, 1, 2, 2, 1, 2, 1, 1, 1, 2, 1, 1, 2
chatcmpl-8xwslDMkZAKzxez76FmQ1AvgPYycj, 1, 2, 1, 1, 2, 2, 1, 2, 1, 1, 2, 1, 1, 2, 1, 1, 1, 2, 1, 1, 1, 2, 1, 1, 1, 1, 2, 1, 2, 1, 1, 2, 2, 1, 2, 1, 1, 1, 1, 1, 1, 2
chatcmpl-8xwt5AyMLVcvWutbrfXbWd9X3gfZU, 2, 1, 2, 1, 3, 2, 1, 3, 2, 1, 2, 2, 1, 2, 1, 2, 1, 2, 1, 1, 1, 2, 1, 2, 1, 1, 2, 1, 2, 1, 2, 2, 3, 1, 2, 1, 1, 1, 1, 1, 1, 2
chatcmpl-8xwtKcA7JYsyiV42hK4grx1UbxClV, 1, 2, 2, 1, 2, 2, 1, 3, 1, 2, 2, 2, 1, 2, 1, 2, 1, 1, 1, 1, 2, 3, 1, 2, 1, 1, 2, 1, 2, 1, 2, 2, 2, 1, 2, 1, 2, 1, 2, 1, 1, 2
chatcmpl-8xwteG0evyryWSTgrhXymBtNe92kG, 2, 2, 2, 1, 3, 2, 1, 3, 2, 2, 2, 2, 1, 2, 1, 2, 1, 2, 1, 1, 2, 3, 1, 2, 1, 2, 2, 1, 2, 1, 2, 2, 3, 1, 2, 1, 2, 2, 2, 1, 1, 2
chatcmpl-8xwtvVE33sWkFlF1p2LJJSVDTlCxV, 2, 2, 2, 1, 2, 2, 1, 3, 1, 2, 2, 2, 1, 2, 1, 2, 1, 2, 1, 1, 2, 2, 1, 2, 1, 1, 2, 1, 2, 1, 2, 2, 2, 1, 2, 1, 2, 1, 1, 1, 1, 2
chatcmpl-8xwuGkB5ktk1dpYm0tO0JrYWeLDg0, 2, 1, 2, 1, 2, 1, 1, 3, 1, 1, 2, 1, 1, 2, 1, 1, 1, 1, 1, 1, 1, 2, 1, 2, 1, 1, 2, 1, 2, 1, 2, 1, 2, 1, 1, 1, 1, 1, 1, 1, 1, 2
chatcmpl-8xwuWDhmPhLwcorbqyMGnRK7XWPUl, 2, 1, 2, 1, 3, 2, 1, 2, 1, 1, 2, 1, 1, 2, 1, 1, 1, 1, 1, 1, 1, 2, 1, 1, 1, 1, 2, 1, 2, 1, 1, 1, 1, 1, 1, 1, 1, 1, 2, 1, 1, 1
chatcmpl-8xwul0pnCCmUYjK192jrAociGbX3L, 2, 1, 2, 1, 2, 2, 1, 3, 2, 2, 2, 2, 1, 2, 1, 2, 1, 1, 1, 1, 1, 2, 1, 2, 1, 1, 1, 1, 2, 1, 2, 2, 2, 1, 2, 1, 1, 1, 2, 1, 1, 2
chatcmpl-8xwv31Z22mJSp67XaHCd6Ok5u4pPw, 2, 1, 2, 1, 3, 2, 1, 3, 2, 2, 2, 1, 2, 2, 1, 2, 2, 1, 1, 1, 2, 2, 1, 2, 1, 2, 2, 1, 2, 1, 3, 2, 3, 2, 2, 1, 2, 2, 2, 1, 1, 2
chatcmpl-8xwvUcii728pqOvkctguGxeKHR3v6, 2, 2, 2, 1, 2, 2, 1, 3, 2, 2, 2, 2, 2, 2, 1, 2, 1, 2, 1, 1, 2, 2, 1, 2, 1, 2, 1, 1, 2, 1, 2, 2, 2, 1, 2, 1, 2, 2, 2, 1, 1, 2
chatcmpl-8xwvlNDChhwDCMJF3qbCSxPSkzIog, 2, 1, 1, 1, 2, 2, 1, 3, 1, 1, 2, 2, 1, 2, 1, 1, 1, 2, 1, 1, 1, 2, 1, 1, 1, 1, 2, 1, 1, 1, 1, 2, 1, 1, 2, 1, 1, 1, 1, 1, 1, 1
chatcmpl-8xwvyHfzpvUG3rvK0BjbllWH24VjV, 1, 2, 1, 1, 2, 2, 1, 3, 1, 1, 2, 2, 1, 2, 1, 1, 1, 2, 1, 1, 1, 2, 1, 1, 2, 1, 2, 1, 2, 1, 1, 2, 1, 1, 2, 1, 1, 1, 2, 1, 1, 2
chatcmpl-8xwwPcWBny7NtZIVCULIhyMZCkxyt, 2, 1, 2, 1, 2, 2, 1, 3, 2, 2, 2, 1, 1, 2, 1, 2, 1, 2, 1, 1, 2, 2, 1, 2, 1, 1, 2, 1, 2, 1, 2, 2, 2, 1, 2, 1, 2, 2, 2, 1, 1, 2
chatcmpl-8xwwfugsPmnRO8kaVQRyaNYntIZEs, 2, 1, 2, 1, 3, 2, 1, 3, 2, 2, 2, 3, 2, 2, 1, 2, 1, 1, 1, 1, 2, 3, 1, 2, 1, 2, 2, 1, 2, 1, 3, 2, 3, 1, 2, 1, 2, 2, 2, 1, 1, 3
chatcmpl-8xwx3IReyeFL2jR22UJfZa4AQ4Igv, 1, 1, 2, 1, 2, 2, 1, 3, 2, 2, 2, 2, 2, 2, 1, 2, 2, 1, 1, 1, 2, 2, 1, 2, 1, 2, 1, 1, 2, 1, 2, 1, 2, 1, 1, 1, 2, 2, 2, 1, 1, 2
chatcmpl-8xwxQpWETI5paaBpugk5w10lnBwyk, 2, 1, 1, 1, 2, 2, 1, 3, 2, 1, 2, 2, 1, 2, 1, 1, 1, 2, 1, 1, 1, 2, 1, 1, 1, 1, 2, 1, 2, 1, 1, 2, 1, 1, 2, 1, 1, 1, 2, 1, 1, 2
chatcmpl-8xwxfjidegzOPvXL4wFoT4EH96913, 2, 1, 1, 1, 2, 2, 1, 3, 2, 1, 2, 1, 1, 2, 1, 1, 1, 2, 1, 1, 1, 2, 1, 1, 1, 1, 2, 1, 2, 1, 1, 2, 2, 1, 2, 1, 1, 1, 2, 1, 1, 2
chatcmpl-8xwy26rYfqT8wknAngjAMK9obG8g6, 2, 1, 2, 1, 2, 2, 1, 3, 2, 1, 2, 1, 1, 2, 1, 1, 1, 2, 1, 1, 1, 3, 1, 2, 1, 1, 2, 1, 2, 1, 2, 2, 2, 1, 2, 1, 1, 1, 2, 1, 1, 2
chatcmpl-8xwyIfSIi2Y6IRH42Q8SpvYnTzvhe, 1, 2, 2, 1, 3, 2, 1, 3, 2, 2, 2, 2, 1, 2, 1, 1, 1, 2, 1, 1, 2, 3, 1, 2, 1, 1, 1, 1, 2, 1, 2, 2, 2, 1, 2, 1, 2, 1, 2, 1, 1, 2
chatcmpl-8xwyfKjhySlHgz3HpMFaqcj77LYo2, 2, 1, 1, 1, 3, 2, 1, 2, 1, 1, 2, 2, 1, 2, 1, 1, 1, 2, 1, 1, 1, 2, 1, 1, 1, 1, 2, 1, 2, 2, 1, 2, 2, 1, 2, 1, 1, 1, 2, 1, 1, 2
chatcmpl-8xwz0KXHhOyFxzpAgqTjG9mMUaBTC, 2, 1, 2, 1, 2, 2, 1, 2, 1, 2, 2, 2, 1, 2, 1, 2, 1, 2, 1, 1, 2, 2, 1, 2, 1, 1, 2, 1, 2, 1, 2, 2, 1, 1, 2, 1, 2, 1, 1, 1, 1, 2
chatcmpl-8xwzKaZ5Pn3yF9FsZVE0xAhendUU4, 2, 2, 2, 1, 2, 2, 1, 3, 2, 1, 1, 2, 1, 2, 1, 1, 1, 1, 1, 1, 1, 2, 1, 2, 1, 1, 1, 1, 2, 1, 1, 2, 2, 1, 2, 1, 1, 1, 2, 1, 1, 2
chatcmpl-8xwziwRFo7j9mccNrQnUw4oS44Aje, 1, 2, 3, 1, 2, 1, 1, 3, 2, 2, 1, 2, 1, 2, 1, 1, 1, 1, 1, 1, 1, 3, 1, 2, 1, 1, 1, 1, 2, 1, 2, 1, 1, 1, 1, 1, 1, 1, 2, 1, 1, 2
chatcmpl-8xwzvBDbRkiv3QkVDPveYX4828jgF, 2, 1, 2, 1, 3, 2, 1, 3, 2, 2, 2, 1, 1, 2, 1, 2, 1, 1, 1, 1, 2, 3, 1, 2, 1, 2, 2, 1, 2, 1, 2, 2, 2, 1, 2, 1, 2, 1, 1, 1, 1, 2
chatcmpl-8xx0AXl95pyNj2SKJSlBCpeNhecgu, 2, 1, 2, 1, 2, 2, 1, 3, 2, 1, 2, 2, 1, 2, 1, 2, 1, 2, 1, 1, 1, 3, 1, 2, 1, 1, 2, 1, 2, 1, 2, 2, 2, 1, 2, 1, 1, 1, 2, 1, 1, 2
chatcmpl-8xx0PdACT8Y7BblqQXcfep8SW7Uwg, 2, 1, 1, 1, 3, 2, 1, 3, 2, 1, 2, 1, 1, 2, 1, 1, 1, 2, 1, 1, 1, 2, 1, 1, 1, 1, 2, 1, 2, 1, 1, 2, 2, 1, 2, 1, 1, 1, 1, 1, 1, 1
chatcmpl-8xx0oN59JpckZ79cTF1Szuh56sFo9, 2, 1, 2, 1, 2, 2, 1, 3, 1, 2, 2, 1, 2, 1, 1, 2, 2, 2, 1, 1, 2, 3, 1, 2, 1, 2, 2, 1, 2, 1, 2, 2, 1, 2, 2, 1, 2, 2, 1, 1, 1, 2
chatcmpl-8xx16jeg85RcWx1hDiP3kT74rQ8Px, 2, 1, 2, 1, 3, 2, 1, 3, 2, 1, 2, 2, 2, 2, 1, 2, 1, 1, 1, 1, 1, 2, 1, 2, 1, 2, 2, 1, 2, 1, 1, 2, 2, 1, 1, 1, 1, 1, 1, 1, 1, 2
chatcmpl-8xx1Tnz5pwheeZgQCQg4VFAYLfkSL, 2, 1, 2, 1, 3, 1, 1, 2, 2, 1, 1, 1, 1, 2, 1, 1, 1, 1, 1, 1, 1, 2, 1, 1, 1, 1, 2, 1, 2, 1, 1, 1, 2, 1, 1, 1, 1, 1, 1, 1, 1, 1
chatcmpl-8xx1sedST8kSxc7PqJgEgT7TT6FIF, 1, 1, 1, 1, 1, 1, 1, 1, 1, 1, 1, 1, 1, 1, 1, 1, 1, 1, 1, 1, 1, 1, 1, 1, 1, 1, 1, 1, 1, 1, 1, 1, 1, 1, 1, 1, 1, 1, 1, 1, 1, 1
chatcmpl-8xx2KIUbZDj1Z0tl1nZEcIZoxDETA, 2, 1, 2, 1, 3, 2, 1, 3, 2, 1, 2, 2, 1, 2, 1, 1, 1, 2, 1, 1, 1, 3, 1, 2, 1, 1, 2, 1, 2, 1, 2, 1, 2, 1, 2, 1, 1, 1, 2, 1, 1, 2
chatcmpl-8xx2bCcUvMRvKaYsoIQFIPrxsjbxU, 1, 1, 1, 1, 2, 2, 1, 2, 1, 1, 2, 1, 1, 2, 1, 1, 1, 1, 1, 1, 1, 2, 1, 1, 1, 1, 1, 1, 1, 1, 1, 2, 1, 1, 2, 1, 1, 1, 1, 1, 1, 1
chatcmpl-8xx2ssbHEJBlQAo5ttsn5tRroGcm0, 2, 1, 2, 1, 3, 2, 1, 3, 2, 2, 2, 1, 1, 2, 1, 2, 1, 2, 1, 1, 2, 3, 1, 2, 1, 1, 2, 1, 2, 2, 2, 2, 2, 1, 2, 1, 1, 1, 2, 1, 1, 2
chatcmpl-8xx3HIj6gzZOqbRtxYinnuZy3AfYC, 2, 1, 2, 1, 3, 2, 1, 3, 2, 1, 2, 2, 2, 1, 1, 2, 1, 2, 1, 1, 1, 3, 1, 2, 1, 2, 2, 2, 2, 1, 2, 2, 2, 1, 2, 1, 2, 1, 2, 1, 1, 2
chatcmpl-8xx3YRmOJeUrNUjK4ijLiuWFfv7cM, 2, 1, 2, 1, 3, 2, 1, 3, 2, 2, 2, 2, 1, 2, 1, 2, 1, 2, 1, 1, 2, 3, 1, 2, 2, 1, 2, 1, 3, 2, 2, 2, 3, 1, 2, 1, 2, 2, 2, 2, 1, 2
chatcmpl-8xx3r9ulOTQI33EH7NcBnz06WNn20, 2, 1, 1, 1, 2, 2, 1, 3, 1, 2, 2, 2, 1, 2, 1, 2, 1, 2, 1, 1, 2, 3, 1, 2, 1, 1, 2, 1, 2, 1, 2, 2, 2, 1, 2, 1, 2, 1, 2, 1, 1, 2
chatcmpl-8xx4JZrWudalzaqknFUE2Zp5bUJwP, 2, 1, 1, 1, 2, 2, 1, 2, 1, 1, 2, 2, 1, 2, 1, 1, 1, 2, 1, 1, 1, 3, 1, 1, 1, 1, 2, 1, 2, 1, 1, 2, 2, 1, 2, 1, 1, 1, 1, 1, 1, 2
chatcmpl-8xx4insuDQkoFATOpIm0manP7IfRB, 2, 1, 2, 1, 3, 2, 1, 3, 2, 1, 2, 1, 1, 2, 1, 1, 1, 2, 1, 1, 1, 3, 1, 1, 1, 1, 2, 1, 3, 2, 1, 2, 3, 1, 2, 1, 1, 1, 2, 1, 1, 2
chatcmpl-8xx4vkhFttu5n1uibW2fWk037bl15, 2, 1, 2, 1, 3, 2, 1, 3, 2, 2, 2, 3, 1, 2, 1, 2, 1, 2, 1, 1, 1, 3, 1, 2, 1, 1, 2, 1, 2, 1, 2, 2, 2, 1, 2, 1, 2, 1, 2, 1, 1, 3
chatcmpl-8xx5DklWsYuqVdUxEv5jFdKSQb6zw, 2, 1, 2, 1, 3, 2, 1, 3, 2, 2, 2, 2, 2, 2, 1, 2, 1, 2, 1, 1, 1, 2, 1, 2, 1, 2, 2, 1, 2, 1, 2, 2, 2, 1, 2, 1, 1, 1, 2, 1, 1, 2
chatcmpl-8xx5aOnzog8iYmBE5TK13laC2lpgx, 2, 1, 2, 1, 3, 2, 1, 3, 2, 1, 2, 1, 1, 2, 1, 2, 1, 2, 1, 1, 1, 3, 1, 2, 1, 1, 2, 1, 2, 1, 1, 2, 2, 1, 2, 1, 1, 1, 2, 1, 1, 2
chatcmpl-8xx5ux4QMtXCUF2rMD4gSRKevcEK1, 2, 1, 2, 1, 2, 2, 1, 3, 2, 2, 2, 2, 1, 2, 1, 2, 1, 1, 1, 1, 2, 3, 1, 2, 1, 2, 2, 1, 2, 1, 2, 2, 2, 1, 2, 1, 2, 2, 2, 1, 1, 2
chatcmpl-8xx6KJwr2X6z68cgA9Iw05vUiLyS5, 2, 1, 2, 1, 3, 2, 1, 3, 1, 2, 2, 1, 1, 2, 1, 1, 1, 2, 1, 1, 2, 3, 1, 2, 1, 1, 2, 1, 3, 1, 2, 2, 2, 1, 2, 1, 2, 1, 2, 1, 1, 2
chatcmpl-8xx6fXWUFHu3nZ7KmeN8xJWlyRaqy, 2, 1, 2, 1, 3, 2, 1, 3, 1, 2, 2, 2, 1, 2, 1, 2, 1, 2, 1, 1, 2, 3, 1, 2, 1, 1, 2, 1, 2, 1, 2, 2, 2, 1, 2, 1, 2, 1, 2, 1, 1, 3
chatcmpl-8xx6xNokt8ngdmtrmYZyclJRfcAtQ, 2, 1, 1, 1, 2, 2, 1, 2, 2, 1, 2, 1, 1, 2, 1, 1, 1, 2, 1, 1, 1, 2, 1, 1, 1, 1, 2, 1, 2, 1, 1, 2, 1, 1, 2, 1, 1, 1, 2, 1, 1, 1
chatcmpl-8xx7FQNPM6wDy503jLVnO3tvoshwa, 2, 1, 2, 1, 3, 2, 1, 2, 1, 1, 2, 3, 1, 2, 1, 1, 1, 2, 1, 1, 1, 2, 1, 1, 1, 1, 2, 1, 2, 1, 1, 2, 2, 1, 2, 1, 1, 1, 2, 1, 1, 2
chatcmpl-8xx7YZbNjZtwAH2lDOmKfKzZQo4vu, 2, 1, 2, 1, 3, 2, 1, 3, 2, 2, 2, 1, 2, 2, 1, 2, 1, 1, 1, 1, 2, 3, 1, 2, 1, 2, 1, 1, 2, 1, 2, 1, 1, 1, 1, 1, 2, 2, 2, 1, 1, 2
chatcmpl-8xx7psrWnAs9rU5kU2riXt9ceC6CN, 1, 1, 1, 1, 2, 2, 1, 2, 2, 1, 2, 1, 1, 2, 1, 1, 1, 1, 1, 1, 1, 2, 1, 1, 1, 1, 2, 1, 2, 1, 1, 1, 2, 1, 1, 1, 1, 1, 2, 1, 1, 1
chatcmpl-8xx8DhuoUsPQdfDMLNq9AzEjSC2cx, 2, 1, 2, 1, 3, 2, 1, 3, 2, 2, 2, 1, 1, 2, 1, 2, 1, 2, 1, 1, 2, 2, 1, 2, 1, 1, 2, 1, 2, 1, 2, 2, 2, 1, 2, 1, 2, 1, 2, 1, 1, 3
chatcmpl-8xx8VcdDvER2xAX2etZ9JW2ic28J6, 2, 1, 2, 1, 2, 2, 1, 3, 2, 2, 2, 3, 2, 2, 1, 2, 2, 1, 1, 1, 2, 3, 1, 2, 1, 2, 2, 1, 2, 1, 3, 2, 3, 2, 2, 1, 2, 2, 2, 1, 1, 3
chatcmpl-8xx8p62KN3pqNRWQ10JznHQVGiUsK, 2, 1, 2, 1, 2, 2, 1, 3, 1, 2, 2, 1, 1, 1, 1, 2, 1, 2, 1, 1, 2, 3, 1, 2, 1, 1, 2, 1, 2, 1, 2, 2, 1, 1, 2, 1, 2, 1, 1, 1, 1, 2
chatcmpl-8xx95IidOtYXF2SS29vPqlIffM32s, 1, 2, 2, 1, 2, 2, 1, 3, 2, 1, 2, 1, 1, 2, 1, 1, 1, 2, 1, 1, 1, 2, 1, 2, 1, 2, 1, 1, 2, 1, 1, 1, 1, 1, 1, 1, 1, 1, 1, 1, 1, 1
chatcmpl-8xx9LQfiDVmJC7T2Tv3Kme4vr8ytx, 2, 1, 2, 1, 2, 2, 1, 3, 2, 2, 2, 3, 2, 2, 1, 2, 1, 1, 1, 1, 1, 2, 1, 2, 1, 2, 1, 1, 2, 1, 2, 1, 2, 1, 1, 1, 1, 1, 2, 1, 1, 2
chatcmpl-8xx9dcGKcsR1PTI4XDj5IQwFbzRDV, 2, 1, 2, 1, 3, 2, 1, 3, 2, 1, 2, 3, 1, 2, 1, 1, 1, 2, 1, 1, 1, 3, 1, 2, 1, 1, 2, 1, 1, 1, 2, 2, 2, 1, 2, 1, 1, 1, 2, 1, 1, 2
chatcmpl-8xx9wfIjZEUookWEZ3O8tSRJ7zWcO, 1, 2, 3, 1, 2, 2, 1, 3, 2, 2, 2, 2, 2, 3, 1, 2, 1, 2, 1, 1, 1, 2, 1, 2, 1, 2, 2, 1, 2, 1, 2, 2, 2, 1, 2, 1, 2, 1, 2, 1, 1, 2
chatcmpl-8xxAKr4khszqFn8m7f3I2YDdRQ9Hd, 2, 1, 1, 1, 2, 2, 1, 3, 1, 1, 2, 2, 1, 2, 1, 1, 1, 1, 1, 1, 1, 2, 1, 1, 1, 1, 1, 1, 2, 1, 1, 2, 2, 1, 1, 1, 1, 1, 1, 1, 1, 2
chatcmpl-8xxAiRvvC1UVLQ1I5fD7cwPAYyxxp, 2, 1, 2, 1, 2, 2, 1, 3, 2, 1, 1, 2, 1, 2, 1, 1, 1, 2, 1, 1, 1, 2, 1, 2, 1, 1, 2, 1, 2, 1, 1, 2, 2, 1, 2, 1, 1, 1, 2, 1, 1, 2
chatcmpl-8xxAzcjMZhjpIyOcroj73Av3YQuZg, 2, 1, 1, 1, 2, 2, 1, 3, 1, 1, 2, 2, 1, 2, 1, 1, 1, 1, 1, 1, 1, 2, 1, 1, 1, 1, 2, 1, 2, 1, 1, 2, 2, 1, 2, 1, 1, 1, 2, 1, 1, 2
chatcmpl-8xxBKmrKv36iU4jIJ635JDcoDTC69, 1, 1, 1, 1, 2, 2, 1, 2, 1, 1, 2, 1, 1, 2, 1, 1, 1, 2, 1, 1, 1, 2, 1, 1, 1, 1, 2, 1, 2, 1, 1, 2, 1, 1, 2, 1, 1, 1, 2, 1, 1, 1
chatcmpl-8xxBpE28P8H4DtBIMLgk7aMJpfJAE, 2, 1, 2, 1, 2, 2, 1, 3, 1, 1, 2, 1, 1, 2, 1, 1, 1, 2, 1, 1, 1, 2, 1, 2, 1, 1, 1, 1, 1, 1, 2, 1, 1, 1, 1, 1, 1, 1, 1, 1, 1, 2
chatcmpl-8xxC5ZiD0PqS7jEBzaSN1qurYqTWl, 2, 1, 2, 1, 3, 2, 1, 3, 1, 2, 2, 1, 1, 2, 1, 2, 1, 2, 1, 1, 2, 2, 1, 2, 1, 2, 1, 1, 2, 1, 2, 2, 2, 1, 2, 1, 2, 1, 1, 1, 1, 2
chatcmpl-8xxCTHsdLCc2V5aT5D6YMYqXyxDfL, 2, 1, 2, 1, 3, 2, 1, 3, 2, 2, 2, 2, 1, 2, 1, 2, 1, 2, 1, 1, 2, 3, 1, 2, 1, 2, 2, 1, 3, 2, 2, 2, 2, 1, 2, 1, 2, 1, 2, 1, 1, 2
chatcmpl-8xxCjnrQ10DIzjIT9Y0sd43LVaePS, 2, 1, 2, 1, 2, 2, 1, 3, 2, 1, 2, 1, 2, 2, 1, 1, 2, 2, 1, 1, 2, 3, 1, 2, 1, 1, 2, 1, 1, 1, 1, 2, 2, 1, 2, 1, 1, 1, 1, 1, 1, 1
chatcmpl-8xxD1CLB4DN0t18foWP5xA5t5Gxrt, 2, 1, 1, 1, 2, 2, 1, 3, 1, 1, 2, 2, 1, 2, 1, 1, 1, 1, 1, 1, 1, 2, 1, 1, 1, 1, 2, 1, 2, 1, 1, 1, 2, 1, 1, 1, 1, 1, 2, 1, 1, 1
chatcmpl-8xxDFKR9aJ5lji7beejoasKWXpPx1, 2, 1, 2, 1, 2, 2, 1, 3, 1, 2, 1, 2, 1, 2, 1, 1, 1, 1, 1, 1, 1, 2, 1, 2, 1, 1, 2, 1, 2, 1, 2, 2, 1, 1, 2, 1, 1, 1, 1, 1, 1, 2
chatcmpl-8xxDaWImjaKyxiel5aatWpUsnASOi, 2, 1, 2, 1, 3, 2, 1, 3, 1, 2, 2, 1, 1, 2, 1, 2, 1, 2, 1, 1, 2, 3, 1, 2, 1, 1, 2, 1, 3, 1, 2, 2, 2, 1, 2, 1, 2, 2, 1, 1, 1, 2
chatcmpl-8xxDvf46s2ehW4jw4KazYR0VMSKk8, 1, 2, 3, 1, 2, 2, 1, 3, 2, 2, 2, 1, 2, 2, 1, 2, 1, 2, 1, 1, 2, 3, 1, 3, 1, 2, 2, 1, 2, 1, 2, 2, 2, 1, 2, 1, 2, 2, 2, 1, 1, 2
chatcmpl-8xxEJHCNZHBiInyLT0G31DO1UVimn, 2, 1, 2, 1, 3, 2, 1, 3, 2, 2, 2, 2, 2, 1, 1, 1, 1, 1, 1, 1, 2, 3, 1, 2, 1, 2, 2, 1, 3, 1, 2, 2, 2, 1, 2, 1, 2, 2, 2, 1, 1, 2
chatcmpl-8xxEZh64bOeDFECPS1w1nHG5ykNV6, 2, 1, 2, 1, 3, 2, 1, 3, 2, 2, 2, 1, 1, 2, 1, 2, 1, 2, 1, 1, 1, 3, 1, 2, 1, 1, 2, 1, 2, 1, 2, 2, 2, 1, 3, 1, 1, 1, 1, 1, 1, 2
chatcmpl-8xxEqU0YapVGBGTwyhcujKqg7J42w, 2, 1, 2, 1, 3, 2, 1, 3, 1, 2, 2, 2, 1, 2, 1, 1, 1, 2, 1, 1, 2, 3, 1, 2, 1, 1, 2, 1, 3, 1, 2, 2, 2, 1, 2, 1, 2, 1, 2, 1, 1, 2
chatcmpl-8xxFAnNS744QAeyulrEASp6CsiDBl, 2, 1, 2, 1, 2, 2, 1, 3, 2, 1, 2, 2, 1, 2, 1, 1, 2, 1, 1, 1, 1, 3, 1, 2, 1, 1, 1, 1, 1, 1, 2, 1, 2, 1, 2, 1, 1, 1, 1, 1, 1, 2
chatcmpl-8xxFPnuutft00S8YZzs5Tk51ztaOw, 2, 1, 2, 1, 3, 2, 1, 3, 2, 1, 2, 2, 1, 2, 1, 2, 1, 2, 1, 1, 1, 3, 1, 2, 1, 1, 2, 1, 2, 1, 2, 2, 2, 1, 2, 1, 1, 1, 2, 1, 1, 3
chatcmpl-8xxFoIKFs0WnRSVup0CDMfFBuiOLT, 2, 1, 2, 1, 3, 2, 1, 3, 2, 2, 2, 1, 1, 2, 1, 2, 1, 2, 1, 1, 1, 2, 1, 2, 1, 1, 2, 1, 3, 1, 2, 2, 2, 1, 2, 1, 2, 1, 2, 1, 1, 3
chatcmpl-8xxG7WFk8MwJg8sLTIdhZbQwu3ggm, 1, 2, 2, 1, 2, 2, 1, 3, 2, 2, 2, 2, 2, 2, 1, 2, 1, 2, 1, 1, 2, 3, 1, 2, 1, 1, 2, 1, 2, 1, 2, 3, 2, 1, 2, 1, 2, 2, 1, 1, 1, 2
chatcmpl-8xxGO7Kqbcd8ITCrvo0usjwMVhWmc, 2, 1, 1, 1, 2, 2, 1, 3, 1, 1, 2, 1, 1, 2, 1, 1, 1, 1, 1, 1, 1, 3, 1, 1, 1, 1, 2, 1, 1, 1, 1, 2, 2, 1, 2, 1, 1, 1, 1, 1, 1, 1
chatcmpl-8xxGgpvfKYWpFsJSo9jJwpceeXZtV, 1, 2, 1, 1, 1, 1, 1, 2, 1, 1, 1, 1, 1, 1, 1, 1, 1, 1, 1, 1, 1, 1, 1, 1, 1, 1, 1, 1, 1, 1, 1, 1, 1, 1, 1, 1, 1, 1, 1, 1, 1, 1
chatcmpl-8xxHB4OPmjArb2SdwbivlQyGv8kW4, 2, 1, 1, 1, 2, 2, 1, 3, 2, 1, 2, 1, 1, 2, 1, 1, 1, 1, 1, 1, 1, 2, 1, 1, 1, 1, 2, 1, 2, 1, 1, 1, 2, 1, 1, 1, 1, 1, 2, 1, 1, 1
chatcmpl-8xxHPzyePONDuas2NuDnXAB19n8Zv, 2, 1, 2, 1, 2, 2, 1, 3, 2, 2, 2, 1, 1, 2, 1, 1, 1, 2, 1, 1, 1, 3, 1, 2, 1, 1, 2, 1, 2, 1, 2, 2, 2, 1, 2, 1, 2, 1, 2, 1, 1, 2
chatcmpl-8xxHg3xawLxfvO4rjTUkhNyQdkDKE, 2, 1, 1, 1, 2, 2, 1, 3, 1, 1, 2, 1, 1, 2, 1, 1, 1, 1, 1, 1, 1, 2, 1, 1, 1, 1, 2, 1, 2, 1, 1, 1, 1, 1, 1, 1, 1, 1, 1, 1, 1, 1
chatcmpl-8xxHxd4dpfdQs39MotNguPm7UZhXl, 2, 1, 1, 1, 3, 2, 1, 3, 1, 1, 2, 2, 1, 2, 1, 1, 1, 2, 1, 1, 1, 2, 1, 2, 1, 1, 2, 1, 2, 1, 2, 2, 2, 1, 2, 1, 1, 1, 2, 1, 1, 2
chatcmpl-8xxIH9FfmYRsZemkZXuzHLKJis2hP, 2, 1, 2, 1, 3, 2, 1, 3, 2, 1, 2, 1, 1, 2, 1, 2, 1, 1, 1, 1, 1, 2, 1, 2, 1, 1, 1, 1, 2, 1, 2, 2, 1, 1, 2, 1, 2, 1, 1, 1, 1, 2
chatcmpl-8xxIefZBpTo3G9KWeGVx7jwI1RNkU, 2, 1, 2, 1, 3, 2, 1, 3, 2, 1, 2, 2, 1, 2, 1, 1, 1, 2, 1, 1, 1, 3, 1, 2, 1, 1, 2, 1, 2, 1, 2, 2, 2, 1, 2, 1, 1, 1, 2, 1, 1, 2
chatcmpl-8xxJ2sVNettOT3ifyU7ooEnF9ns9P, 2, 1, 2, 1, 3, 2, 1, 3, 2, 2, 2, 2, 1, 2, 1, 2, 1, 2, 1, 1, 2, 3, 1, 2, 1, 1, 2, 1, 2, 2, 2, 2, 2, 1, 2, 1, 2, 2, 2, 1, 1, 2
chatcmpl-8xxJJCpiZP78O0e5QPpIpuApkwSr2, 2, 2, 1, 1, 2, 2, 1, 3, 1, 1, 2, 1, 1, 2, 1, 1, 1, 1, 1, 1, 1, 2, 1, 1, 1, 1, 1, 1, 1, 1, 1, 1, 1, 1, 1, 1, 1, 1, 1, 1, 1, 1
chatcmpl-8xxJeJBxgVecrjuHReS2VZQxLJBXi, 2, 1, 2, 1, 2, 2, 1, 3, 2, 1, 2, 2, 2, 2, 1, 2, 1, 2, 1, 1, 1, 3, 1, 2, 1, 2, 2, 1, 2, 1, 2, 2, 1, 1, 2, 1, 1, 1, 1, 1, 1, 2
chatcmpl-8xxJyaXPvZlfQnAS8G303iA70wtX5, 2, 1, 2, 1, 3, 2, 1, 2, 1, 2, 2, 1, 1, 2, 1, 2, 1, 2, 1, 1, 2, 3, 1, 2, 1, 1, 2, 1, 2, 1, 2, 2, 2, 1, 2, 1, 2, 1, 2, 1, 1, 2
chatcmpl-8xxZQZz9khrbF7MdMGoGMLpe3VGPz, 2, 1, 2, 1, 3, 2, 1, 3, 2, 2, 2, 2, 2, 1, 1, 2, 1, 1, 1, 1, 2, 3, 1, 2, 1, 2, 2, 1, 2, 1, 2, 2, 2, 1, 2, 1, 2, 1, 2, 1, 1, 3
chatcmpl-8xxZhmahXLKEqyOek83U8MHFQTYnm, 2, 1, 2, 1, 3, 2, 1, 3, 2, 1, 2, 1, 1, 2, 1, 1, 1, 2, 1, 1, 1, 2, 1, 2, 1, 1, 2, 1, 2, 1, 1, 2, 2, 1, 2, 1, 1, 1, 2, 1, 1, 2
chatcmpl-8xxa3OJW5XTLWHPrf5sYfTUtPD84R, 2, 1, 2, 1, 3, 2, 1, 3, 2, 2, 2, 1, 1, 2, 1, 2, 2, 1, 1, 1, 2, 3, 1, 2, 1, 1, 2, 1, 2, 1, 2, 2, 2, 1, 3, 1, 2, 1, 2, 1, 1, 2
chatcmpl-8xxaN6zfrZ7nQfSlyYqPndI5PMVPK, 2, 2, 2, 1, 2, 1, 1, 3, 2, 2, 1, 2, 1, 2, 1, 2, 1, 1, 1, 1, 1, 3, 1, 2, 1, 1, 1, 1, 2, 1, 2, 1, 2, 1, 1, 1, 1, 1, 1, 1, 1, 2
chatcmpl-8xxajAF3cixMZaEzJEWe8ZvGxyRQQ, 2, 1, 1, 1, 2, 2, 1, 3, 2, 1, 2, 1, 1, 2, 1, 1, 1, 2, 1, 1, 1, 3, 1, 1, 1, 1, 2, 1, 2, 1, 1, 1, 1, 1, 1, 1, 1, 1, 1, 1, 1, 2
chatcmpl-8xxb5rBDX91Vqg7uvNOZo9jwQOGHN, 2, 1, 2, 1, 3, 2, 1, 2, 1, 2, 1, 2, 1, 2, 1, 2, 1, 2, 1, 1, 2, 2, 1, 2, 1, 1, 2, 1, 2, 1, 2, 2, 2, 1, 3, 1, 2, 1, 2, 1, 1, 2
chatcmpl-8xxbU16FL4BuWbflbZYLhJ67NgplJ, 2, 2, 2, 1, 2, 2, 1, 3, 1, 2, 2, 1, 1, 2, 1, 1, 1, 2, 1, 1, 1, 2, 1, 2, 1, 1, 2, 1, 1, 1, 2, 2, 2, 1, 2, 1, 1, 1, 1, 1, 1, 2
