chatcmpl-8wYl2rz5qIHCGjLQPn2iStwIJEPvv, 3, 2, 3, 2, 3, 2, 2, 4, 3, 3, 2, 2, 4, 2, 2, 3, 3, 2, 2, 3, 4, 3, 2, 3, 2, 4, 3, 2, 4, 3, 3, 2, 3, 3, 2, 3, 4, 4, 3, 3, 2, 3
chatcmpl-8wYlRVhQCtqn807PDxJekK8bhqQKy, 3, 2, 3, 2, 3, 2, 2, 3, 3, 3, 2, 2, 3, 2, 2, 3, 3, 2, 2, 3, 3, 3, 2, 3, 2, 3, 2, 3, 3, 2, 3, 2, 3, 3, 2, 3, 3, 3, 2, 2, 2, 3
chatcmpl-8wYnKPPbv1AF4LtEUz55RERieNIeH, 3, 2, 3, 2, 3, 3, 2, 3, 3, 3, 3, 2, 3, 3, 2, 3, 3, 3, 2, 3, 3, 3, 2, 3, 3, 3, 3, 3, 3, 3, 3, 3, 3, 3, 3, 3, 3, 3, 3, 3, 2, 3
chatcmpl-8wYniDvFLTmlhrbUiCITV3ZBJSSDi, 3, 2, 3, 2, 3, 3, 2, 3, 3, 3, 3, 3, 3, 2, 2, 3, 3, 3, 2, 3, 3, 3, 2, 3, 2, 3, 3, 3, 3, 3, 3, 3, 3, 3, 3, 3, 3, 3, 3, 2, 2, 3
chatcmpl-8wYo7HKsLaYxfAKXTyoX5pWvMBfHD, 3, 2, 4, 2, 3, 3, 2, 4, 3, 4, 3, 3, 4, 3, 2, 4, 3, 2, 2, 3, 4, 3, 2, 4, 2, 4, 3, 3, 3, 3, 4, 3, 4, 3, 3, 3, 4, 4, 3, 3, 2, 3
chatcmpl-8wYodmGHyVW8ErXXlbePyihd6seUB, 3, 2, 4, 2, 3, 2, 2, 3, 4, 3, 3, 3, 3, 2, 2, 4, 3, 3, 2, 3, 4, 3, 2, 4, 3, 4, 3, 3, 3, 3, 4, 3, 3, 3, 3, 3, 4, 4, 3, 3, 2, 3
chatcmpl-8wYp7TtOT9tUx7hMy2MyAPwS1bkN5, 3, 2, 3, 2, 3, 3, 2, 3, 3, 3, 2, 2, 3, 2, 2, 3, 3, 3, 2, 2, 3, 3, 2, 3, 2, 3, 2, 2, 3, 2, 3, 2, 3, 3, 2, 2, 3, 3, 2, 2, 2, 3
chatcmpl-8wYpTawX8gQaDz8oVzuYMgu1okqno, 2, 1, 2, 1, 3, 2, 1, 3, 3, 2, 2, 2, 2, 2, 1, 2, 2, 2, 1, 1, 2, 3, 1, 2, 1, 2, 2, 1, 3, 2, 2, 2, 3, 2, 2, 1, 2, 3, 2, 1, 1, 2
chatcmpl-8wYplv1RWLkGvDicz9Yy3VALBHtzu, 3, 2, 3, 2, 3, 2, 2, 3, 3, 3, 3, 2, 3, 2, 2, 3, 4, 2, 2, 3, 3, 3, 2, 3, 2, 3, 2, 3, 3, 2, 3, 2, 3, 3, 2, 3, 3, 3, 2, 3, 2, 3
chatcmpl-8wYq9h8dclsMp2FltFnMalTcTd5NF, 3, 2, 3, 2, 3, 3, 2, 3, 3, 3, 3, 2, 3, 2, 2, 3, 3, 2, 2, 2, 3, 3, 2, 3, 2, 3, 2, 3, 3, 2, 3, 2, 3, 3, 2, 3, 3, 3, 3, 2, 2, 3
chatcmpl-8wYqX8Qkj9vm7ttO3HMv7LPoUFUee, 3, 2, 3, 2, 3, 2, 2, 4, 3, 3, 3, 2, 3, 2, 2, 3, 3, 2, 2, 2, 3, 3, 2, 3, 2, 3, 3, 3, 3, 2, 3, 3, 3, 3, 3, 2, 3, 3, 3, 2, 2, 3
chatcmpl-8wYqvAK0mLGnEuK8o0XdNN4AvML4p, 3, 2, 3, 2, 3, 4, 2, 3, 3, 3, 4, 3, 4, 3, 2, 3, 3, 4, 2, 3, 3, 3, 2, 3, 2, 3, 4, 2, 3, 3, 3, 4, 3, 3, 4, 3, 3, 3, 3, 3, 3, 3
chatcmpl-8wYrKa6bg2jNs1h8RCGLmJqcFNthm, 3, 2, 3, 2, 3, 3, 2, 4, 3, 3, 3, 2, 4, 2, 2, 3, 3, 3, 2, 2, 4, 4, 2, 3, 2, 3, 3, 3, 3, 3, 3, 3, 4, 3, 3, 3, 4, 4, 3, 3, 2, 3
chatcmpl-8wYrsVoKTnbE75vjTLVbPIqFuuvxB, 3, 2, 3, 2, 3, 3, 2, 3, 3, 3, 3, 2, 3, 2, 2, 3, 3, 2, 2, 2, 3, 2, 2, 3, 2, 3, 2, 2, 3, 2, 3, 2, 3, 3, 2, 2, 3, 3, 3, 2, 2, 3
chatcmpl-8wYsJagRg4A5uFCAeux3agdkB1Czc, 3, 2, 3, 2, 3, 2, 2, 4, 3, 3, 3, 2, 3, 2, 2, 3, 3, 2, 2, 2, 3, 3, 2, 3, 3, 3, 2, 3, 3, 2, 3, 2, 2, 3, 2, 3, 3, 3, 2, 2, 2, 3
chatcmpl-8wYsjBNuXMKZyFv1az4HPOVhfGxwX, 3, 2, 3, 2, 3, 3, 2, 3, 4, 3, 3, 3, 4, 3, 2, 4, 3, 3, 2, 3, 4, 3, 2, 4, 3, 4, 3, 4, 3, 3, 3, 3, 3, 4, 3, 3, 4, 4, 3, 3, 2, 3
chatcmpl-8wYt4QmS3Eir6GE6ToYx5Haysbqua, 3, 2, 3, 2, 3, 3, 2, 3, 3, 3, 3, 3, 3, 2, 2, 3, 3, 2, 2, 2, 3, 3, 2, 3, 2, 3, 2, 2, 3, 2, 3, 3, 3, 3, 3, 3, 3, 3, 3, 2, 2, 3
chatcmpl-8wYtSop8riDs3lftRwL7hwVkvd5KX, 3, 2, 3, 2, 3, 2, 2, 3, 3, 3, 3, 3, 4, 3, 2, 3, 3, 2, 2, 2, 3, 3, 2, 3, 2, 4, 3, 3, 3, 3, 3, 3, 3, 3, 3, 3, 3, 3, 3, 3, 2, 3
chatcmpl-8wYtrx1ibxCyUaiVVtV62eApLrdJJ, 3, 2, 4, 2, 3, 2, 2, 3, 3, 4, 3, 2, 4, 2, 2, 4, 4, 3, 2, 3, 4, 3, 2, 4, 3, 4, 3, 3, 2, 3, 4, 3, 3, 4, 3, 3, 4, 4, 3, 3, 2, 3
chatcmpl-8wYuLvB7VA8JhE7TOwl1CLQYW72Gj, 3, 2, 3, 2, 2, 3, 2, 3, 3, 3, 3, 2, 3, 2, 2, 3, 3, 3, 2, 2, 3, 3, 2, 3, 2, 3, 3, 3, 3, 3, 3, 3, 3, 3, 3, 3, 3, 3, 3, 3, 2, 3
chatcmpl-8wYum27QzuCWsGvh2I6zD0QBZ9uBd, 3, 2, 3, 2, 3, 2, 2, 4, 4, 3, 3, 3, 3, 2, 2, 3, 3, 2, 2, 2, 4, 3, 2, 3, 2, 3, 2, 3, 3, 3, 3, 3, 3, 3, 3, 3, 4, 4, 3, 3, 2, 3
chatcmpl-8wYvM3QKufy1NiBMHgqWUOwwCGgnX, 3, 2, 3, 2, 3, 2, 2, 4, 3, 3, 3, 2, 3, 2, 2, 3, 3, 2, 2, 2, 3, 4, 2, 3, 2, 3, 2, 2, 3, 3, 3, 2, 3, 3, 2, 3, 3, 3, 2, 3, 2, 3
chatcmpl-8wYvhhkZKnRi5iq7PB2CkNcQL2nIG, 2, 2, 3, 1, 3, 2, 1, 3, 2, 3, 2, 2, 3, 2, 1, 2, 3, 2, 1, 2, 3, 3, 1, 3, 1, 3, 2, 2, 2, 2, 3, 2, 3, 3, 2, 2, 3, 3, 2, 2, 1, 3
chatcmpl-8wYwC7SfF1YUwvY78K5DgojZobxKV, 3, 2, 3, 2, 3, 2, 2, 3, 3, 3, 3, 2, 3, 2, 2, 3, 3, 2, 2, 3, 3, 3, 2, 3, 2, 3, 2, 2, 3, 2, 3, 2, 3, 3, 2, 3, 3, 3, 2, 2, 2, 3
chatcmpl-8wYwcfqKYjbfYNjUckQo42oFQE9o2, 3, 2, 3, 2, 3, 2, 2, 3, 3, 3, 3, 2, 3, 2, 2, 3, 3, 2, 2, 2, 3, 2, 2, 3, 2, 3, 3, 3, 3, 3, 2, 2, 3, 3, 2, 3, 3, 3, 3, 3, 2, 3
chatcmpl-8wYx0IOHC4EzLMnycTPsQAjr9y3eG, 3, 2, 3, 2, 3, 3, 2, 3, 3, 3, 3, 3, 3, 3, 2, 3, 3, 3, 2, 3, 3, 3, 2, 3, 2, 3, 3, 3, 3, 2, 3, 3, 3, 3, 3, 3, 3, 3, 3, 3, 2, 3
chatcmpl-8wYxPPtD4yTVL1lM5Xf3kCLj6JtjB, 3, 2, 3, 2, 3, 2, 2, 4, 3, 3, 3, 3, 4, 2, 1, 4, 3, 2, 2, 3, 3, 3, 2, 3, 3, 4, 3, 3, 3, 3, 3, 3, 3, 3, 3, 3, 3, 3, 3, 3, 3, 3
chatcmpl-8wYxlfrCzizhURP13iKZWNdmhvUJo, 3, 2, 3, 1, 3, 2, 1, 3, 3, 2, 3, 2, 3, 2, 1, 2, 3, 2, 1, 2, 2, 3, 1, 2, 1, 3, 2, 2, 3, 2, 2, 2, 3, 3, 2, 2, 3, 3, 2, 2, 1, 2
chatcmpl-8wYy6sqHnOlcjxq9aAdzHahfSCz9O, 3, 2, 3, 2, 3, 2, 2, 4, 3, 3, 3, 2, 3, 2, 2, 3, 3, 2, 2, 3, 3, 4, 2, 3, 2, 3, 2, 3, 3, 3, 3, 2, 3, 3, 2, 3, 3, 3, 3, 3, 2, 3
chatcmpl-8wYyW8i8JoGPYF7U9gaFXr5CO7Ks6, 3, 2, 3, 2, 3, 3, 2, 4, 3, 3, 3, 3, 3, 2, 2, 3, 3, 3, 2, 2, 3, 4, 2, 3, 2, 3, 3, 3, 3, 2, 3, 3, 3, 3, 3, 2, 3, 3, 3, 2, 2, 3
chatcmpl-8wYz17NuB6r9jN6NxCsPLmzl0x8Et, 3, 2, 3, 2, 3, 2, 2, 3, 3, 3, 2, 3, 4, 2, 2, 3, 3, 2, 2, 3, 3, 3, 2, 3, 2, 4, 2, 3, 3, 3, 3, 2, 3, 3, 2, 3, 3, 3, 3, 3, 2, 3
chatcmpl-8wYzXKUyn1ZpGn0RF48N51gbJRSdk, 3, 2, 3, 2, 3, 2, 2, 3, 3, 3, 3, 2, 3, 2, 2, 3, 3, 2, 2, 3, 3, 3, 2, 3, 2, 3, 2, 2, 3, 3, 3, 2, 3, 3, 2, 3, 3, 3, 3, 3, 2, 3
chatcmpl-8wYztoEKIbwlljMAJZ4hxOd3aOfyJ, 4, 2, 3, 2, 3, 3, 2, 4, 3, 3, 4, 3, 3, 3, 2, 4, 3, 3, 2, 3, 3, 4, 2, 3, 2, 3, 3, 3, 3, 3, 3, 3, 4, 3, 3, 3, 3, 3, 3, 3, 2, 3
chatcmpl-8wZ0KLNfqlL6bT52A5Kcp2W48gUkM, 3, 2, 4, 2, 3, 4, 2, 3, 3, 4, 3, 3, 4, 3, 2, 3, 4, 3, 2, 3, 4, 3, 2, 3, 2, 4, 3, 3, 3, 3, 4, 3, 4, 4, 3, 4, 4, 4, 3, 3, 2, 3
chatcmpl-8wZ0mWSE2O2n27yZ80mbslHGU8ShG, 3, 2, 3, 2, 3, 4, 2, 4, 3, 3, 4, 3, 3, 2, 2, 3, 3, 3, 2, 2, 4, 3, 2, 3, 2, 3, 3, 2, 3, 2, 3, 3, 3, 3, 3, 3, 3, 3, 3, 2, 2, 3
chatcmpl-8wZ1EApr4HqkWtzjvZwRPVj7mYFYm, 2, 2, 3, 2, 3, 2, 1, 3, 4, 3, 2, 3, 3, 2, 1, 3, 3, 2, 1, 2, 3, 3, 1, 3, 1, 3, 2, 2, 3, 2, 3, 2, 3, 3, 3, 2, 3, 3, 2, 2, 1, 3
chatcmpl-8wZ1Z9ooDpQtazwAAHt8Ac6PRwFS2, 2, 3, 3, 2, 3, 2, 1, 3, 3, 3, 2, 2, 3, 2, 1, 3, 3, 2, 1, 2, 3, 3, 1, 2, 2, 3, 3, 3, 3, 3, 2, 2, 3, 3, 2, 3, 3, 3, 3, 3, 1, 3
chatcmpl-8wZ22EpZBzK2uUIO446GTnqcPrMQa, 3, 2, 3, 2, 3, 2, 2, 4, 3, 3, 3, 2, 3, 2, 2, 3, 3, 2, 2, 2, 3, 3, 2, 3, 2, 3, 2, 3, 3, 2, 3, 2, 3, 3, 2, 3, 3, 3, 2, 2, 2, 3
chatcmpl-8wZ2Np62xAItNuGsgnFQhz8mzaBPF, 3, 2, 4, 2, 3, 3, 2, 3, 4, 3, 3, 2, 3, 2, 2, 3, 4, 3, 2, 3, 3, 4, 2, 3, 2, 4, 3, 3, 3, 3, 3, 3, 3, 3, 3, 3, 3, 3, 3, 3, 2, 3
chatcmpl-8wZ4Oz9zsFoKC9GCedCpeZ8XD8GR9, 3, 2, 3, 2, 3, 2, 2, 3, 3, 3, 3, 3, 4, 2, 2, 4, 3, 2, 2, 2, 3, 3, 2, 3, 3, 4, 3, 3, 3, 3, 3, 3, 4, 3, 3, 3, 3, 3, 3, 3, 2, 3
chatcmpl-8wZ4oBH5QVgH94YMlGEjhLbpAA7a6, 3, 2, 3, 2, 3, 3, 2, 4, 3, 3, 3, 3, 4, 3, 2, 3, 3, 3, 2, 3, 4, 3, 2, 3, 2, 4, 3, 3, 3, 3, 3, 3, 4, 3, 3, 3, 4, 4, 3, 3, 2, 3
chatcmpl-8wZ5HEDSvhFVSOV3Jpqj8Av4X1SJF, 3, 2, 4, 2, 3, 3, 2, 4, 4, 3, 3, 3, 4, 3, 2, 4, 3, 3, 2, 3, 4, 3, 2, 4, 2, 4, 3, 3, 3, 3, 3, 3, 3, 3, 3, 3, 4, 4, 3, 3, 2, 3
chatcmpl-8wZ5eDvhHn7tlWl9a3tzNRzakBJk4, 3, 2, 3, 2, 3, 3, 2, 3, 3, 3, 3, 2, 3, 2, 2, 3, 3, 3, 2, 2, 3, 3, 2, 3, 2, 3, 3, 2, 3, 3, 3, 3, 3, 3, 3, 2, 3, 3, 3, 3, 2, 3
chatcmpl-8wZ614B0U1K6oNrDHPMzw9me6JcZ5, 3, 2, 3, 2, 3, 3, 2, 4, 3, 3, 4, 3, 3, 2, 2, 3, 3, 3, 2, 2, 3, 3, 2, 3, 3, 3, 3, 3, 3, 2, 3, 3, 4, 3, 3, 3, 3, 3, 3, 3, 2, 3
chatcmpl-8wZ6NopHJSg1ka7SM74xJYGF6eimB, 3, 2, 3, 2, 3, 3, 2, 3, 3, 3, 3, 2, 3, 3, 2, 3, 3, 3, 2, 2, 3, 3, 2, 3, 2, 3, 3, 3, 3, 2, 3, 3, 3, 3, 3, 2, 3, 3, 3, 2, 2, 3
chatcmpl-8wZ6ksiOeONRaQ7xZ2EUlgaunPjy3, 3, 2, 3, 2, 2, 3, 2, 3, 3, 3, 3, 2, 3, 2, 2, 3, 3, 2, 2, 2, 3, 3, 2, 3, 2, 3, 2, 3, 2, 2, 3, 2, 3, 3, 2, 2, 3, 3, 2, 2, 2, 3
chatcmpl-8wZ7BRZ51a083UygHH1fyMfXuVj4m, 3, 2, 3, 2, 3, 2, 2, 3, 3, 3, 3, 2, 3, 2, 2, 3, 3, 2, 2, 2, 3, 3, 2, 3, 2, 3, 2, 2, 3, 2, 3, 3, 3, 3, 2, 2, 3, 3, 2, 2, 2, 3
chatcmpl-8wZ7ett4Mmana8BAJ25CeIgGiQ7RX, 2, 1, 2, 1, 3, 2, 1, 3, 2, 3, 2, 2, 2, 2, 1, 2, 3, 2, 1, 2, 3, 3, 1, 2, 1, 2, 2, 2, 3, 2, 2, 2, 3, 3, 3, 2, 3, 3, 2, 2, 1, 2
chatcmpl-8wZ7wsEE7G2d5sLUfG1WFlEOsTh0n, 3, 2, 4, 2, 3, 3, 2, 4, 3, 4, 3, 3, 4, 2, 2, 3, 4, 3, 2, 3, 4, 4, 2, 3, 2, 4, 3, 3, 3, 3, 3, 3, 3, 4, 3, 3, 4, 4, 3, 3, 2, 3
chatcmpl-8wZ8S7P02neO82LhgpaiRsHCAgdMq, 2, 2, 3, 2, 3, 3, 2, 4, 3, 3, 3, 3, 3, 2, 2, 3, 3, 3, 2, 3, 3, 3, 2, 3, 2, 3, 3, 3, 3, 3, 3, 3, 3, 3, 3, 3, 3, 3, 3, 3, 2, 3
chatcmpl-8wZ8x95T484XhjCq996goSEh3QjA4, 3, 2, 3, 2, 3, 3, 2, 3, 3, 3, 3, 3, 3, 2, 2, 3, 3, 3, 2, 3, 3, 3, 2, 3, 2, 3, 3, 3, 3, 3, 3, 3, 3, 3, 3, 3, 3, 3, 3, 3, 2, 3
chatcmpl-8wZ9RhdMwowUCC74eYzVs16LAn1s9, 3, 2, 3, 2, 4, 3, 2, 4, 3, 3, 3, 3, 4, 3, 2, 4, 3, 3, 2, 3, 4, 3, 2, 4, 3, 4, 3, 3, 3, 3, 4, 3, 4, 3, 3, 3, 4, 4, 3, 3, 2, 3
chatcmpl-8wZ9vzKhZZcuLjMxq8TpkXSv2rSeK, 3, 2, 3, 2, 3, 3, 2, 3, 3, 3, 3, 2, 3, 2, 2, 3, 3, 2, 2, 3, 3, 3, 2, 3, 2, 3, 3, 3, 3, 3, 3, 3, 3, 3, 3, 3, 3, 3, 3, 3, 2, 3
chatcmpl-8wZAGwEfNyInEwgoFPKNzn56HLtC2, 3, 2, 3, 2, 3, 3, 2, 3, 3, 3, 3, 2, 3, 2, 2, 3, 2, 2, 2, 3, 3, 3, 2, 3, 2, 3, 3, 3, 3, 3, 3, 2, 3, 3, 2, 3, 3, 3, 3, 3, 2, 3
chatcmpl-8wZAgfIzlyAze93G8vO5qxlTBwM2B, 2, 2, 2, 1, 3, 2, 1, 3, 2, 2, 2, 2, 2, 1, 1, 2, 2, 1, 1, 1, 2, 3, 1, 2, 1, 2, 2, 1, 2, 1, 2, 2, 3, 2, 2, 1, 2, 2, 2, 1, 1, 2
chatcmpl-8wZB5JGQTc1jeMUCyL40fpBiPJQEB, 3, 2, 3, 2, 3, 2, 2, 3, 3, 3, 3, 2, 3, 2, 2, 3, 3, 2, 2, 3, 3, 3, 2, 3, 2, 3, 2, 3, 3, 2, 3, 2, 3, 3, 2, 3, 3, 3, 2, 3, 2, 3
chatcmpl-8wZBTAlRHe5FWp67Hs3hH9S7eDCB0, 4, 3, 3, 2, 4, 3, 2, 4, 4, 3, 4, 3, 4, 3, 2, 4, 4, 3, 2, 3, 4, 4, 2, 4, 3, 3, 4, 4, 4, 3, 4, 3, 4, 4, 3, 4, 4, 4, 4, 4, 2, 4
chatcmpl-8wZBwbosGuKA29CgjpNzsb2PiTpPv, 3, 2, 3, 2, 3, 2, 2, 3, 3, 3, 3, 2, 3, 2, 2, 3, 3, 2, 2, 2, 3, 3, 2, 3, 2, 3, 2, 2, 3, 2, 3, 2, 3, 3, 2, 2, 3, 3, 2, 2, 2, 2
chatcmpl-8wZCRDjb9U15yFQeq1zEv38W94RGR, 2, 1, 3, 1, 3, 2, 1, 3, 2, 3, 3, 2, 3, 2, 1, 3, 3, 2, 1, 2, 3, 3, 1, 3, 1, 3, 2, 2, 3, 2, 2, 2, 3, 3, 2, 2, 3, 3, 2, 2, 1, 3
chatcmpl-8wZCne42LsdtP5kJ3Run1rjm5FIHd, 2, 1, 3, 2, 3, 3, 1, 3, 3, 3, 2, 2, 3, 2, 1, 3, 3, 2, 1, 2, 3, 3, 1, 3, 1, 3, 2, 2, 2, 2, 3, 2, 2, 3, 3, 2, 3, 3, 2, 2, 1, 3
chatcmpl-8wZDHMRmATVSt3zlzsu78yFbEHZjT, 3, 2, 3, 2, 3, 3, 2, 3, 3, 3, 3, 3, 3, 2, 2, 3, 3, 3, 2, 2, 3, 3, 2, 3, 2, 3, 3, 3, 3, 2, 3, 3, 3, 3, 3, 2, 3, 3, 3, 2, 2, 3
chatcmpl-8wZDjnmF7bbWC5mK1lFsB1p96sdPl, 3, 2, 4, 2, 3, 3, 2, 4, 3, 4, 3, 2, 4, 3, 2, 4, 4, 4, 3, 3, 4, 4, 2, 4, 3, 4, 3, 3, 3, 3, 4, 3, 3, 4, 4, 3, 4, 4, 3, 3, 3, 3
chatcmpl-8wZE6sHUYoEx0kpY7v4d2NY8f1W0e, 3, 2, 3, 2, 3, 3, 2, 3, 3, 3, 3, 2, 3, 2, 2, 3, 3, 2, 2, 2, 3, 2, 2, 3, 2, 3, 3, 3, 3, 3, 3, 3, 3, 3, 3, 3, 3, 3, 3, 2, 2, 3
chatcmpl-8wZEVvKpDYGiZMPutDq9LdFnwVDvq, 3, 2, 3, 2, 3, 3, 2, 3, 3, 3, 2, 3, 4, 2, 2, 4, 3, 3, 2, 3, 4, 3, 2, 3, 2, 4, 3, 3, 3, 3, 3, 3, 4, 3, 3, 3, 4, 4, 3, 3, 2, 3
chatcmpl-8wZEvbNdoFAW2k3RHIctobhAAqRHY, 3, 2, 4, 2, 3, 2, 2, 3, 4, 3, 3, 2, 4, 2, 2, 3, 3, 3, 2, 3, 4, 4, 2, 3, 2, 3, 2, 3, 3, 2, 4, 2, 3, 3, 2, 4, 4, 4, 3, 3, 2, 3
chatcmpl-8wZFM8uwGqCY581tTH7WyCY1F9Dwy, 3, 2, 3, 2, 3, 2, 2, 4, 3, 3, 3, 3, 3, 3, 2, 3, 3, 3, 2, 3, 3, 4, 2, 3, 3, 3, 3, 3, 3, 3, 3, 3, 3, 3, 3, 3, 3, 3, 3, 3, 2, 3
chatcmpl-8wZFxr0KTwV8WFurFc3duO4Jg19IA, 3, 2, 3, 2, 3, 2, 2, 4, 3, 3, 3, 3, 4, 2, 2, 4, 3, 2, 2, 3, 4, 3, 2, 3, 2, 4, 3, 3, 2, 2, 3, 3, 4, 3, 3, 3, 4, 4, 3, 3, 2, 3
chatcmpl-8wZGWadpGqDphpALwoaG7vLOOpzmr, 3, 2, 4, 2, 3, 3, 2, 4, 3, 3, 3, 3, 4, 2, 2, 4, 4, 3, 2, 2, 4, 3, 2, 4, 2, 4, 3, 3, 4, 3, 3, 3, 4, 4, 3, 3, 4, 4, 3, 3, 2, 3
chatcmpl-8wZH5IWkjm06KajbLmqJg6GcECFQO, 2, 3, 2, 2, 4, 3, 2, 4, 3, 3, 3, 3, 2, 2, 1, 3, 3, 2, 2, 2, 3, 4, 2, 3, 2, 3, 3, 3, 3, 2, 2, 3, 3, 3, 3, 2, 3, 3, 3, 2, 2, 3
chatcmpl-8wZHbWUjjSViNLw9ebnXVvNrBPqyI, 3, 2, 3, 2, 3, 3, 2, 3, 3, 3, 3, 2, 3, 3, 2, 3, 3, 3, 2, 2, 3, 3, 2, 3, 2, 3, 3, 3, 3, 2, 3, 3, 3, 3, 3, 2, 3, 3, 3, 2, 2, 3
chatcmpl-8wZHwOk6k85eElSrdWvDdpMfzK5Dn, 4, 3, 4, 2, 3, 4, 2, 3, 4, 4, 3, 3, 4, 3, 2, 4, 3, 3, 2, 3, 4, 3, 2, 4, 2, 4, 3, 4, 3, 3, 4, 3, 4, 3, 3, 4, 4, 4, 3, 3, 2, 3
chatcmpl-8wZIMDWjuguVHbQCjRbfiWHPELDBd, 3, 2, 4, 2, 3, 3, 2, 4, 3, 3, 4, 3, 4, 3, 2, 3, 4, 3, 2, 2, 3, 3, 2, 3, 2, 4, 3, 3, 3, 3, 3, 3, 4, 4, 3, 2, 4, 3, 3, 3, 2, 3
chatcmpl-8wZIhWiNFLBOJbcnyoTwttfYWY93A, 2, 2, 3, 2, 3, 2, 1, 4, 2, 3, 3, 3, 3, 2, 1, 3, 3, 2, 1, 2, 3, 3, 1, 3, 2, 3, 2, 2, 3, 2, 3, 2, 3, 3, 2, 2, 3, 3, 2, 2, 1, 3
chatcmpl-8wZJ95PWODDZ3R2p23MwieUceLLsG, 3, 2, 3, 2, 3, 3, 2, 4, 3, 3, 3, 2, 3, 3, 2, 3, 3, 2, 2, 2, 3, 3, 2, 3, 2, 3, 3, 3, 3, 3, 3, 3, 3, 3, 3, 3, 3, 3, 3, 3, 2, 3
chatcmpl-8wZJe3N0DI5Lu13r2PdTj8PvwhQOL, 3, 2, 3, 2, 3, 3, 2, 4, 3, 3, 3, 3, 3, 2, 2, 3, 3, 3, 2, 3, 3, 3, 2, 3, 3, 4, 3, 3, 2, 3, 3, 2, 3, 3, 2, 3, 3, 3, 3, 3, 2, 3
chatcmpl-8wZK3vlVRyrb3Eshi8uwNk7JrXgsv, 3, 2, 3, 2, 3, 2, 2, 4, 3, 3, 3, 3, 3, 2, 2, 3, 3, 2, 2, 3, 3, 3, 2, 3, 2, 3, 3, 3, 3, 3, 3, 3, 3, 3, 3, 3, 3, 3, 3, 3, 2, 3
chatcmpl-8wZKSHa6ExskUu9f1Rq49VkrsG0vP, 3, 2, 3, 2, 3, 3, 2, 4, 3, 3, 3, 3, 3, 3, 2, 3, 3, 3, 2, 2, 3, 3, 2, 3, 3, 3, 3, 3, 3, 2, 3, 3, 3, 3, 3, 2, 3, 3, 3, 2, 2, 3
chatcmpl-8wZKqSjzHiovUGtxdk87wJ6qdF3Wl, 3, 2, 4, 2, 3, 3, 2, 4, 4, 3, 3, 3, 4, 3, 2, 4, 4, 3, 2, 3, 4, 3, 2, 4, 3, 4, 3, 3, 3, 3, 3, 3, 3, 4, 3, 4, 4, 4, 3, 3, 2, 3
chatcmpl-8wZLBn22nrjQA6X1lQhvj5ZhJL7E8, 3, 2, 3, 2, 3, 3, 2, 4, 3, 3, 3, 3, 4, 3, 2, 3, 3, 3, 2, 3, 3, 4, 2, 3, 2, 4, 3, 4, 3, 3, 3, 3, 4, 3, 3, 3, 3, 3, 3, 3, 2, 3
chatcmpl-8wZLjypWBASdSTSjGGTOAhwbZMADT, 3, 2, 3, 2, 3, 3, 2, 3, 3, 3, 3, 3, 3, 2, 2, 3, 3, 3, 2, 3, 3, 3, 2, 3, 2, 3, 3, 3, 3, 3, 3, 3, 3, 3, 3, 3, 3, 3, 3, 3, 2, 3
chatcmpl-8wZM8cBhDe5UwO5xPflkwpp1NudGW, 3, 2, 3, 2, 3, 3, 2, 3, 3, 3, 3, 2, 4, 2, 2, 3, 3, 3, 3, 3, 4, 3, 2, 3, 2, 4, 3, 3, 3, 3, 3, 3, 3, 3, 3, 3, 4, 4, 3, 3, 2, 3
chatcmpl-8wZMTYudv5ILF9eCJK6IRORPWNtJv, 3, 2, 3, 2, 3, 3, 2, 4, 3, 3, 3, 2, 3, 3, 2, 3, 3, 3, 2, 2, 3, 3, 2, 3, 2, 3, 3, 3, 3, 2, 3, 3, 3, 3, 3, 2, 3, 3, 3, 3, 2, 3
chatcmpl-8wZMqlx5joc1YYl8aFpKZG8basrTp, 3, 2, 3, 2, 3, 3, 2, 4, 4, 3, 3, 3, 4, 3, 2, 4, 3, 2, 2, 3, 4, 3, 2, 4, 2, 4, 3, 3, 3, 2, 3, 2, 4, 3, 2, 3, 4, 4, 3, 3, 2, 3
chatcmpl-8wZNA6R6rjnO3Iu8sIJ8E79KLFgCM, 3, 2, 3, 2, 3, 3, 2, 3, 3, 3, 2, 2, 3, 2, 2, 3, 3, 2, 2, 2, 3, 3, 2, 3, 2, 3, 2, 2, 3, 2, 3, 2, 3, 3, 2, 3, 3, 3, 2, 2, 2, 3
chatcmpl-8wZNZxi8tIkOMDBsyf3Q2kAjIXJwP, 3, 2, 3, 2, 3, 3, 2, 3, 3, 3, 3, 2, 3, 2, 2, 3, 3, 3, 2, 2, 3, 3, 2, 3, 2, 3, 3, 3, 3, 2, 2, 2, 3, 3, 2, 2, 3, 3, 3, 2, 2, 3
chatcmpl-8wZO2o6UM3KqD0iIa4JjD9KbtiRFG, 3, 2, 4, 2, 3, 3, 2, 3, 4, 3, 3, 3, 4, 3, 2, 4, 3, 3, 2, 3, 4, 3, 2, 4, 2, 4, 3, 3, 3, 3, 3, 3, 4, 3, 3, 3, 4, 4, 3, 3, 2, 3
chatcmpl-8wZOTo4opO2UFSLYR9Hw3XN6Is7N7, 3, 2, 3, 2, 3, 2, 2, 3, 3, 3, 2, 2, 3, 2, 2, 3, 3, 2, 2, 2, 3, 3, 2, 3, 2, 3, 2, 2, 3, 2, 3, 2, 3, 3, 2, 2, 3, 3, 2, 2, 2, 3
chatcmpl-8wZOroXLkDoUHpyglxaDWUWf4ST3Q, 3, 2, 3, 2, 3, 3, 2, 4, 3, 3, 3, 2, 3, 3, 2, 3, 3, 3, 2, 2, 3, 3, 2, 3, 2, 3, 3, 3, 3, 3, 3, 3, 3, 3, 3, 3, 3, 3, 3, 3, 2, 3
chatcmpl-8wZPGhIApyIfmDv6iN1tqq9G8VLVx, 3, 2, 3, 2, 4, 3, 2, 4, 3, 3, 4, 3, 3, 2, 2, 3, 3, 3, 2, 3, 3, 4, 2, 3, 2, 3, 3, 3, 3, 3, 3, 3, 3, 3, 3, 3, 3, 3, 3, 3, 2, 3
chatcmpl-8wZPfuqPetZSTOFC6oVnvGiSfLw6G, 3, 1, 3, 2, 3, 2, 2, 3, 2, 3, 4, 3, 3, 2, 2, 3, 3, 2, 2, 2, 3, 3, 2, 3, 2, 3, 3, 3, 3, 2, 3, 3, 3, 3, 3, 3, 3, 3, 2, 2, 2, 3
chatcmpl-8wZQ6NCPqEyyHqwEVA7foscHc2lsg, 3, 2, 3, 2, 3, 3, 2, 3, 3, 3, 3, 2, 3, 2, 2, 3, 3, 3, 2, 3, 3, 3, 2, 3, 2, 3, 3, 3, 3, 2, 3, 3, 3, 3, 3, 3, 3, 3, 3, 3, 2, 3
chatcmpl-8wZQWmcUS1rc9K7z201LTzU6b7JPn, 3, 2, 3, 2, 4, 3, 2, 3, 4, 3, 3, 3, 4, 3, 2, 4, 4, 3, 2, 3, 4, 3, 2, 3, 2, 4, 3, 3, 3, 3, 4, 3, 3, 4, 3, 4, 4, 4, 3, 3, 2, 3
chatcmpl-8wZRAmPTZBDV3wl4fImcWGLTV6OPf, 3, 2, 3, 2, 3, 2, 2, 3, 3, 3, 3, 2, 3, 2, 2, 3, 3, 2, 2, 2, 3, 3, 2, 2, 2, 3, 2, 2, 3, 2, 3, 2, 2, 3, 2, 2, 3, 3, 2, 2, 2, 2
chatcmpl-8wZRUl6Clv5Q9ufjkOXGyv0BOPELh, 3, 2, 3, 2, 3, 2, 2, 3, 4, 3, 3, 3, 3, 2, 2, 3, 3, 2, 2, 2, 3, 3, 2, 3, 2, 3, 3, 3, 3, 2, 3, 3, 3, 3, 2, 2, 3, 3, 3, 2, 2, 3
chatcmpl-8wZRokE5YKYZHVhW2x4j6aupw4oBk, 3, 2, 4, 2, 3, 3, 2, 4, 3, 3, 3, 3, 4, 3, 2, 4, 3, 3, 2, 3, 4, 3, 2, 3, 3, 4, 3, 3, 3, 3, 3, 3, 4, 3, 3, 4, 3, 4, 3, 3, 2, 3
chatcmpl-8wZSurgCrhNdhzPmYtO98pKC4OlW0, 3, 2, 3, 2, 3, 2, 2, 3, 3, 3, 3, 2, 3, 2, 2, 3, 3, 3, 2, 2, 3, 3, 2, 3, 2, 3, 3, 3, 3, 2, 3, 3, 3, 3, 3, 2, 3, 3, 3, 2, 2, 3
chatcmpl-8wZTJRc1vEA7FZxfbXIGopl38n3Tx, 3, 2, 3, 2, 3, 3, 2, 3, 3, 3, 3, 3, 3, 2, 2, 3, 3, 3, 2, 2, 3, 3, 2, 3, 2, 3, 3, 3, 3, 3, 3, 3, 3, 3, 3, 3, 3, 3, 3, 3, 2, 3
chatcmpl-8wZTlPyJnUtdEo5aEjOBMSoq1kpqE, 3, 2, 2, 1, 3, 2, 1, 3, 2, 2, 2, 2, 3, 2, 1, 2, 3, 2, 1, 2, 3, 3, 1, 2, 1, 3, 2, 2, 3, 2, 2, 2, 3, 3, 3, 2, 3, 3, 2, 2, 1, 3
chatcmpl-8wZU5LhnTSZyNDT2R2tkM1yJQAOLE, 3, 2, 3, 2, 3, 2, 2, 4, 3, 4, 3, 2, 3, 2, 2, 3, 4, 3, 2, 3, 4, 3, 2, 3, 2, 3, 3, 3, 3, 2, 3, 3, 3, 4, 3, 3, 4, 3, 2, 3, 2, 3
chatcmpl-8wZUbHGkRH9AD6Sp3IYUtx3XphRvH, 3, 2, 4, 2, 3, 3, 2, 4, 3, 3, 3, 3, 4, 3, 2, 4, 3, 2, 2, 3, 4, 3, 2, 4, 2, 4, 3, 3, 3, 2, 3, 3, 3, 3, 3, 3, 4, 4, 3, 3, 2, 3
chatcmpl-8wZUwKH4QBCj4S8hIgM86AFVUjO55, 3, 2, 3, 2, 3, 3, 2, 4, 3, 3, 3, 2, 3, 2, 2, 3, 3, 3, 2, 2, 3, 4, 2, 3, 2, 3, 3, 3, 3, 2, 3, 3, 3, 3, 3, 2, 3, 3, 3, 2, 2, 3
chatcmpl-8wZVJQHvC0TUXa8ERsyNNHeJtxRbO, 3, 2, 3, 2, 3, 3, 2, 3, 3, 2, 3, 2, 3, 2, 2, 3, 2, 3, 2, 2, 3, 3, 2, 3, 2, 3, 2, 3, 3, 2, 2, 3, 3, 3, 3, 2, 3, 3, 3, 2, 2, 3
chatcmpl-8wZVhXYO0mrXzWO2ZOBYZnwcNUnxv, 3, 2, 3, 2, 3, 3, 2, 3, 4, 3, 3, 3, 4, 3, 2, 4, 3, 3, 2, 3, 4, 3, 2, 4, 3, 4, 3, 3, 3, 2, 3, 3, 3, 4, 3, 3, 4, 4, 3, 3, 2, 3
chatcmpl-8wZW3DP3kzSjd49ydd1KCHd1I3W8q, 3, 2, 4, 2, 3, 3, 2, 4, 3, 4, 3, 3, 4, 3, 2, 3, 4, 3, 2, 3, 4, 3, 2, 3, 2, 4, 3, 3, 3, 3, 4, 3, 3, 4, 3, 3, 4, 4, 3, 3, 2, 3
chatcmpl-8wZWaOQmPou8mYauVOKnXU8dODcwI, 3, 2, 3, 2, 3, 2, 2, 3, 2, 3, 3, 2, 3, 2, 2, 3, 3, 2, 2, 2, 3, 3, 2, 3, 2, 3, 2, 3, 3, 2, 3, 2, 3, 3, 2, 2, 3, 3, 2, 2, 2, 2
chatcmpl-8wZX00DK6HHTLC8DWUQJPAP8L1KrC, 3, 2, 3, 2, 3, 3, 2, 4, 3, 3, 3, 3, 3, 2, 2, 3, 3, 2, 2, 3, 3, 3, 2, 3, 3, 3, 3, 3, 3, 3, 3, 3, 3, 3, 3, 3, 3, 3, 3, 3, 3, 3
chatcmpl-8wZXMcElUHtj24ahuKbc0mOP8uHDw, 3, 2, 3, 2, 3, 3, 2, 3, 3, 3, 3, 3, 3, 2, 2, 3, 3, 2, 2, 2, 3, 3, 2, 3, 3, 3, 3, 3, 3, 3, 3, 2, 3, 3, 2, 3, 3, 3, 3, 3, 2, 3
chatcmpl-8wZXu7uqZyKPKDSS33KJ6AaxvQ6JK, 3, 2, 3, 2, 3, 3, 2, 4, 3, 3, 3, 3, 3, 3, 2, 3, 3, 3, 2, 3, 3, 3, 2, 3, 2, 3, 3, 3, 3, 3, 3, 3, 3, 3, 3, 3, 3, 3, 3, 3, 2, 3
chatcmpl-8wZYK0AdwSdZRBlf3061CjjcWLPXx, 3, 2, 3, 2, 3, 3, 2, 3, 3, 3, 3, 2, 3, 3, 2, 3, 3, 3, 2, 2, 3, 3, 2, 3, 2, 3, 3, 3, 3, 2, 3, 3, 3, 3, 3, 2, 3, 3, 3, 2, 2, 3
chatcmpl-8wZYe5DBDLahnv4JJkUPHpQvRtkqe, 3, 2, 3, 2, 3, 3, 2, 3, 3, 3, 3, 2, 3, 2, 2, 3, 3, 3, 2, 2, 3, 3, 2, 3, 2, 3, 3, 3, 3, 3, 3, 3, 3, 3, 3, 3, 3, 3, 3, 3, 2, 3
chatcmpl-8wZZBVbKpDa3tRGZYhPJWrpsarA8l, 2, 1, 2, 1, 3, 2, 1, 3, 2, 2, 2, 2, 2, 2, 1, 2, 2, 2, 1, 2, 2, 3, 1, 2, 1, 2, 2, 2, 3, 2, 2, 2, 3, 2, 2, 2, 2, 2, 2, 2, 1, 2
chatcmpl-8wZZULuVIyoh2VPZyu0QaNZpe7z07, 3, 2, 3, 2, 3, 3, 2, 3, 3, 3, 3, 3, 3, 2, 2, 3, 3, 3, 2, 2, 3, 3, 2, 3, 3, 3, 3, 3, 3, 3, 3, 3, 3, 3, 3, 3, 3, 3, 3, 3, 2, 3
chatcmpl-8wZa3vXwhxgI0mb2J0pJ0YdpABldJ, 3, 2, 4, 2, 3, 3, 2, 4, 3, 3, 4, 3, 4, 2, 2, 3, 4, 3, 2, 2, 4, 3, 2, 3, 2, 4, 3, 3, 3, 3, 3, 3, 4, 4, 3, 3, 4, 4, 3, 3, 2, 3
chatcmpl-8wZaS1iCGWxb5Yg3wqQWFYyGzyBi3, 3, 2, 3, 2, 3, 3, 2, 3, 3, 3, 2, 2, 3, 2, 2, 3, 3, 2, 2, 2, 3, 3, 2, 3, 2, 3, 3, 3, 2, 2, 3, 2, 3, 3, 3, 2, 3, 3, 2, 2, 2, 2
chatcmpl-8wZas6is3dutYGu2nW1eHSojHN1h3, 3, 2, 4, 2, 3, 3, 2, 4, 3, 4, 3, 3, 4, 3, 2, 4, 4, 3, 2, 3, 4, 3, 2, 4, 2, 4, 3, 3, 3, 3, 4, 3, 3, 4, 3, 3, 4, 4, 3, 3, 2, 3
chatcmpl-8wZbLibpp059VDUpKPQg08Rd9mAfc, 3, 2, 3, 2, 3, 3, 2, 3, 3, 3, 3, 2, 3, 2, 2, 3, 3, 3, 2, 3, 4, 3, 2, 3, 2, 3, 3, 3, 3, 3, 3, 3, 3, 3, 3, 3, 4, 4, 3, 3, 2, 3
chatcmpl-8wZbgGMPs2K7bCN4icE7J0dUsjZ0H, 2, 2, 3, 2, 3, 2, 2, 3, 2, 3, 2, 2, 3, 2, 2, 3, 3, 2, 2, 2, 3, 3, 2, 3, 2, 3, 2, 2, 3, 2, 3, 2, 3, 3, 2, 2, 3, 3, 2, 2, 2, 3
chatcmpl-8wZc1caOzAoagE7RXQNT9t20CY5Ia, 3, 2, 3, 1, 2, 2, 1, 3, 3, 2, 2, 2, 2, 2, 1, 2, 2, 2, 1, 2, 2, 3, 1, 2, 1, 2, 2, 2, 3, 3, 2, 2, 3, 2, 2, 2, 3, 3, 2, 2, 1, 2
chatcmpl-8wZcRxwlKN8vZySMS0aNLePAveTKU, 3, 2, 3, 2, 4, 3, 2, 4, 3, 3, 2, 3, 4, 2, 2, 3, 4, 2, 2, 3, 4, 3, 2, 3, 2, 4, 3, 3, 3, 3, 3, 2, 4, 3, 3, 4, 4, 4, 3, 3, 2, 3
chatcmpl-8wZcxPqUp5Te7pKZ5Z7QVpXUpNlrX, 2, 2, 3, 2, 3, 2, 1, 3, 3, 3, 2, 3, 3, 2, 1, 3, 3, 2, 1, 2, 3, 3, 1, 3, 2, 3, 2, 2, 3, 2, 3, 2, 3, 3, 3, 2, 3, 3, 2, 2, 1, 3
chatcmpl-8wZdWdYcmOzhvqEux8WznfUQsBk0n, 3, 2, 3, 2, 3, 2, 2, 3, 3, 3, 2, 2, 3, 2, 2, 3, 3, 2, 2, 2, 3, 3, 2, 3, 2, 3, 2, 2, 3, 2, 3, 2, 3, 3, 2, 3, 3, 3, 2, 2, 2, 3
chatcmpl-8wZdxexAn7Q22eQGMBQSl7ELayYeV, 3, 2, 3, 2, 3, 3, 2, 4, 3, 3, 3, 3, 4, 2, 2, 3, 3, 3, 2, 3, 4, 4, 2, 3, 3, 4, 3, 3, 3, 3, 2, 3, 4, 3, 3, 3, 4, 4, 3, 3, 2, 3
chatcmpl-8wZeUEmQpvX5TmoeJTZ9LYK9Fn5Hr, 3, 2, 3, 2, 3, 3, 2, 4, 3, 3, 3, 3, 3, 3, 2, 3, 3, 3, 2, 3, 3, 4, 2, 3, 2, 3, 3, 3, 3, 3, 3, 3, 3, 3, 3, 3, 3, 3, 3, 3, 2, 3
chatcmpl-8wZeuPvJQoZ3eMaG4LSvGOA1ldw7g, 3, 2, 4, 2, 3, 3, 2, 4, 3, 4, 3, 3, 4, 3, 2, 4, 4, 3, 2, 3, 4, 4, 2, 4, 2, 4, 3, 3, 3, 3, 4, 3, 4, 4, 3, 4, 4, 4, 3, 3, 2, 3
chatcmpl-8wZfLgi5Sfi1GNACm5Db0w8x9UMdp, 3, 2, 3, 2, 3, 3, 2, 3, 4, 3, 3, 3, 2, 3, 2, 3, 3, 3, 2, 2, 3, 3, 2, 3, 2, 3, 3, 2, 3, 3, 3, 3, 3, 3, 3, 2, 3, 4, 3, 2, 2, 3
chatcmpl-8wZfhO3Clz8L8utrD0OoNGs1vcIgb, 3, 2, 3, 2, 4, 3, 2, 3, 3, 3, 3, 3, 4, 3, 2, 4, 3, 3, 2, 3, 4, 3, 2, 4, 2, 4, 3, 3, 3, 3, 3, 3, 3, 3, 3, 3, 4, 4, 3, 3, 2, 3
chatcmpl-8wZgCraluGPm6PzraWaWIm89WEVK1, 3, 2, 3, 2, 3, 2, 2, 3, 3, 3, 3, 2, 3, 2, 2, 3, 3, 2, 2, 2, 3, 3, 2, 3, 2, 3, 2, 2, 3, 2, 3, 2, 2, 3, 2, 2, 3, 3, 2, 2, 2, 2
chatcmpl-8wZgfsQUTCqn4ZmVRNGQ5Nfo6nAua, 3, 2, 3, 2, 3, 3, 2, 4, 3, 3, 3, 2, 3, 2, 2, 3, 3, 3, 2, 2, 3, 4, 2, 3, 2, 3, 3, 3, 3, 2, 3, 2, 3, 3, 2, 3, 3, 3, 3, 2, 2, 3
chatcmpl-8wZh8hIm8YHr3IYUk6aSXCfvMRvhd, 3, 2, 3, 2, 3, 3, 2, 4, 4, 3, 3, 3, 3, 3, 2, 3, 3, 3, 2, 2, 4, 3, 2, 3, 2, 3, 3, 4, 3, 3, 3, 3, 3, 3, 3, 3, 4, 4, 3, 3, 2, 3
chatcmpl-8wZhkBo2OIlzuoGaaL6jSAGcSj0NY, 3, 2, 3, 2, 3, 3, 2, 4, 3, 3, 3, 2, 3, 3, 2, 3, 3, 2, 2, 2, 3, 3, 2, 3, 2, 3, 3, 2, 3, 2, 3, 3, 4, 3, 3, 2, 3, 3, 3, 2, 2, 3
chatcmpl-8wZi9esKhOy3KWu4btDt5LBy5CIFG, 3, 2, 3, 2, 3, 2, 2, 4, 3, 3, 2, 2, 3, 2, 2, 3, 3, 2, 2, 2, 3, 3, 2, 3, 2, 3, 2, 2, 3, 2, 3, 2, 3, 3, 2, 2, 3, 3, 2, 2, 2, 3
chatcmpl-8wZiZh66yVGLmSarmYwctZ4sqGeFo, 3, 2, 3, 2, 3, 3, 2, 3, 3, 3, 3, 2, 4, 3, 2, 3, 4, 3, 2, 3, 4, 3, 2, 3, 2, 4, 3, 3, 3, 3, 3, 3, 3, 4, 3, 3, 4, 4, 3, 3, 2, 3
chatcmpl-8wZj4zK9ezr1k2oLDXuWiYJRHdAOf, 3, 2, 3, 2, 3, 2, 1, 3, 3, 3, 3, 3, 3, 2, 1, 3, 2, 3, 1, 2, 3, 3, 2, 3, 2, 3, 3, 3, 3, 2, 3, 3, 3, 3, 3, 3, 3, 3, 3, 2, 1, 3
chatcmpl-8wZjRte00SOGCu8wTVEgpt24m0wAo, 3, 2, 3, 2, 3, 3, 2, 3, 3, 3, 3, 2, 3, 3, 2, 3, 3, 3, 2, 2, 3, 3, 2, 3, 2, 3, 3, 2, 3, 2, 3, 3, 3, 3, 3, 3, 3, 3, 3, 2, 2, 3
chatcmpl-8wZjoxmfeOyZjpz0lTVJzbHxYoXH1, 3, 2, 3, 2, 3, 2, 2, 3, 3, 3, 3, 3, 3, 2, 2, 3, 3, 3, 2, 2, 3, 3, 2, 3, 2, 3, 3, 3, 3, 3, 3, 3, 3, 3, 3, 3, 3, 3, 3, 3, 2, 3
chatcmpl-8wZkF08tav8BkHQba2im53D40KJLk, 3, 2, 3, 2, 3, 3, 2, 4, 3, 3, 3, 3, 3, 3, 2, 4, 3, 3, 2, 3, 4, 3, 2, 3, 2, 3, 3, 3, 3, 3, 3, 3, 3, 3, 3, 3, 4, 3, 3, 3, 2, 3
chatcmpl-8wZkexAuDghRPFUJoZh0RmgssBxRD, 3, 2, 3, 2, 3, 3, 2, 3, 3, 3, 3, 3, 3, 3, 2, 3, 3, 3, 2, 3, 3, 3, 2, 3, 2, 3, 3, 3, 3, 3, 3, 3, 3, 3, 3, 3, 3, 3, 3, 3, 2, 3
chatcmpl-8wZl3zd19AgMw7RTmVxjYMha7UGQb, 4, 3, 3, 2, 3, 3, 2, 4, 3, 3, 3, 3, 3, 3, 2, 3, 3, 3, 2, 3, 3, 4, 2, 3, 3, 3, 3, 3, 3, 3, 3, 3, 3, 3, 3, 3, 3, 3, 3, 3, 2, 3
chatcmpl-8wZlX6uJvYYGMCSFuDDG5bpSHO1hT, 3, 2, 3, 2, 2, 3, 2, 3, 4, 3, 3, 3, 3, 2, 2, 3, 3, 2, 2, 2, 4, 3, 2, 3, 2, 3, 3, 3, 3, 3, 3, 3, 3, 4, 2, 3, 3, 4, 3, 3, 2, 3
chatcmpl-8wZlrlZa5CIbSKR6PQKUJGB900Mqi, 3, 2, 3, 2, 3, 3, 2, 4, 4, 3, 3, 3, 3, 3, 2, 3, 3, 3, 2, 3, 3, 4, 2, 3, 2, 3, 3, 3, 4, 3, 3, 3, 4, 3, 3, 3, 3, 3, 3, 3, 2, 3
chatcmpl-8wZmI8etEG5GObyFfYlTdxnl0CD8u, 3, 2, 3, 2, 3, 3, 2, 3, 3, 3, 3, 2, 4, 2, 2, 3, 3, 3, 2, 3, 4, 3, 2, 3, 2, 4, 3, 3, 3, 3, 3, 3, 3, 3, 3, 4, 4, 4, 3, 3, 2, 3
chatcmpl-8wZmlghFLqhL7fsSIwutSPgrnwiEZ, 3, 2, 3, 2, 3, 3, 2, 4, 3, 3, 3, 3, 4, 3, 2, 3, 3, 3, 2, 3, 3, 3, 2, 3, 2, 4, 3, 3, 3, 2, 3, 3, 3, 3, 3, 3, 3, 3, 3, 3, 2, 3
chatcmpl-8wZnBJsfPtxvrPPPMLPUtpujIWBPk, 3, 2, 3, 2, 3, 3, 2, 4, 3, 3, 3, 3, 3, 2, 2, 3, 3, 3, 2, 2, 3, 3, 2, 3, 2, 3, 3, 3, 3, 2, 3, 3, 3, 3, 3, 3, 3, 3, 3, 3, 2, 3
chatcmpl-8wZncfJLHhFZ655hGTq4VcruJ8TpR, 3, 2, 3, 2, 3, 2, 2, 3, 3, 3, 3, 2, 3, 2, 2, 3, 3, 2, 2, 2, 3, 3, 2, 3, 2, 3, 2, 2, 2, 2, 3, 2, 3, 3, 2, 2, 3, 3, 2, 2, 2, 3
chatcmpl-8wZo4pUzzIL94m6UIYo6hRoFRD4c9, 3, 2, 3, 2, 3, 2, 2, 3, 3, 3, 3, 2, 3, 2, 2, 3, 3, 2, 2, 3, 3, 3, 2, 3, 2, 3, 2, 3, 3, 3, 3, 2, 3, 3, 2, 3, 3, 3, 2, 3, 2, 3
chatcmpl-8wZoS0p5Cup63ZRPU29Xvj8Gx0Ar5, 3, 2, 3, 2, 3, 3, 2, 4, 3, 3, 3, 2, 3, 3, 1, 3, 2, 2, 2, 2, 3, 4, 1, 3, 2, 3, 3, 3, 4, 3, 3, 3, 3, 2, 3, 2, 3, 3, 3, 3, 2, 3
chatcmpl-8wZopMOsKxR4j8is4Ue26SwB3L7VY, 2, 2, 3, 2, 3, 2, 2, 3, 3, 3, 2, 2, 3, 2, 2, 3, 3, 2, 2, 2, 3, 3, 2, 3, 2, 3, 2, 2, 3, 2, 3, 2, 2, 3, 2, 2, 3, 3, 2, 2, 2, 2
chatcmpl-8wZpKcLtqiYVxc2uwsgTKVXfOK7Mo, 3, 2, 4, 2, 3, 3, 2, 4, 3, 3, 3, 2, 4, 3, 2, 3, 3, 3, 2, 2, 3, 3, 2, 3, 2, 4, 3, 3, 3, 3, 3, 3, 3, 3, 3, 3, 4, 4, 3, 3, 2, 3
chatcmpl-8wZpmBJGbTVtozfslbih4bV3jLmMS, 3, 2, 3, 2, 3, 3, 2, 3, 2, 3, 3, 3, 3, 2, 2, 3, 3, 3, 2, 2, 3, 3, 2, 3, 2, 3, 3, 3, 3, 2, 3, 2, 3, 3, 2, 2, 3, 3, 3, 2, 2, 3
chatcmpl-8wZqG0EzFBewHAU6K6uiAByeotbe7, 3, 2, 3, 2, 3, 3, 2, 4, 3, 3, 3, 3, 4, 2, 2, 4, 3, 3, 2, 3, 4, 3, 2, 3, 3, 4, 3, 3, 3, 3, 3, 3, 3, 3, 3, 3, 4, 4, 3, 3, 2, 3
chatcmpl-8wZqiKpMydpmEHUEAS0avck68ylaP, 3, 2, 3, 2, 3, 3, 2, 4, 3, 3, 3, 3, 3, 2, 2, 3, 3, 3, 2, 2, 3, 4, 2, 3, 2, 3, 3, 3, 3, 2, 3, 3, 3, 3, 3, 2, 3, 3, 3, 2, 2, 3
chatcmpl-8wZrApE2JV9llmFvzCnrmoZwELWEZ, 4, 3, 4, 2, 3, 3, 2, 4, 3, 4, 3, 3, 4, 3, 2, 4, 4, 3, 2, 3, 4, 4, 2, 4, 3, 4, 3, 4, 3, 3, 4, 3, 3, 4, 3, 4, 4, 4, 3, 3, 2, 3
chatcmpl-8wZrgqkeJ9UM5dh10I8dJftXVcnXm, 3, 2, 3, 2, 3, 3, 2, 3, 3, 3, 3, 3, 3, 2, 2, 3, 3, 2, 2, 2, 3, 3, 2, 3, 2, 3, 3, 3, 3, 3, 3, 3, 3, 3, 3, 3, 3, 3, 3, 3, 2, 3
chatcmpl-8wZs5nOaLs4yqDvORJncT3h03dne3, 3, 2, 3, 2, 3, 3, 2, 3, 3, 3, 3, 3, 3, 2, 2, 3, 3, 3, 2, 2, 3, 3, 2, 3, 2, 3, 3, 3, 3, 2, 3, 3, 3, 3, 3, 3, 3, 3, 3, 3, 2, 3
chatcmpl-8wZsSVSRoaa3swtgXrUA4eO6yRPmC, 3, 2, 3, 2, 4, 3, 2, 4, 3, 3, 3, 3, 4, 3, 2, 4, 4, 3, 2, 3, 4, 3, 2, 4, 2, 4, 3, 3, 3, 3, 4, 4, 3, 4, 3, 3, 4, 4, 3, 3, 2, 3
chatcmpl-8wZszM8QWuUkAfWiOGDvi7PTXiG8k, 3, 2, 4, 2, 3, 3, 2, 4, 3, 4, 3, 3, 4, 3, 2, 3, 4, 3, 2, 3, 4, 3, 2, 4, 3, 4, 3, 3, 3, 2, 4, 3, 3, 4, 3, 3, 4, 4, 3, 3, 2, 3
chatcmpl-8wZtRL4bjRm8wdbqDmfftjyzYtTF1, 2, 1, 2, 1, 3, 2, 1, 4, 3, 2, 2, 3, 2, 2, 1, 2, 2, 2, 1, 1, 2, 3, 1, 3, 1, 2, 2, 1, 3, 2, 2, 2, 3, 2, 2, 1, 2, 2, 2, 2, 1, 3
chatcmpl-8wZttXTcgOLyLeeydcocibYnpV1xq, 3, 2, 3, 2, 4, 3, 2, 3, 3, 4, 3, 3, 3, 2, 2, 3, 3, 3, 2, 3, 4, 4, 2, 3, 2, 3, 3, 3, 3, 3, 3, 3, 4, 3, 3, 4, 4, 4, 3, 3, 2, 3
chatcmpl-8wZuI2mVPhOMxPETRvHTbRmC4yqjc, 3, 2, 4, 2, 3, 3, 2, 3, 3, 4, 3, 3, 4, 2, 2, 4, 4, 3, 2, 3, 4, 3, 2, 3, 2, 4, 3, 3, 3, 3, 4, 3, 4, 4, 3, 3, 4, 4, 3, 3, 2, 3
chatcmpl-8wZuini0ytj442LzQZXdVEubQESFZ, 3, 2, 3, 2, 4, 3, 2, 4, 3, 3, 3, 3, 3, 3, 2, 3, 3, 3, 2, 3, 3, 4, 2, 3, 2, 3, 3, 3, 3, 3, 3, 3, 3, 3, 3, 3, 3, 3, 3, 3, 2, 3
chatcmpl-8wZv8XDIi0fivDwt23WGyQVTYfquf, 3, 2, 3, 2, 4, 3, 2, 3, 2, 4, 3, 2, 3, 2, 2, 3, 3, 3, 2, 3, 4, 3, 2, 3, 2, 3, 3, 4, 3, 3, 3, 3, 3, 3, 3, 3, 4, 4, 3, 3, 2, 3
chatcmpl-8wZvb0JgcPWL9LIu6GGYLutX3olM0, 3, 2, 3, 2, 3, 2, 2, 3, 3, 3, 3, 2, 4, 2, 2, 4, 3, 2, 2, 3, 4, 3, 2, 3, 3, 4, 3, 3, 3, 2, 3, 2, 3, 3, 2, 3, 4, 3, 3, 3, 2, 3
chatcmpl-8wZvxJvFIXXNUp4WYxFOaLgZGZYtH, 4, 2, 3, 2, 3, 3, 2, 4, 3, 3, 3, 3, 3, 2, 2, 3, 3, 2, 2, 3, 3, 3, 2, 3, 2, 3, 3, 3, 3, 3, 3, 3, 3, 3, 3, 3, 3, 3, 3, 3, 2, 3
chatcmpl-8wZwPf8xSy3j33FYOL1o1B3HJnF64, 3, 2, 3, 2, 3, 3, 2, 4, 3, 3, 3, 3, 3, 3, 2, 3, 3, 3, 2, 2, 3, 3, 2, 2, 2, 3, 3, 3, 3, 3, 3, 3, 3, 3, 3, 3, 3, 3, 3, 3, 2, 3
chatcmpl-8wZwvDS7G2hPd6b0v6e8yewdECxYD, 3, 2, 3, 2, 4, 3, 2, 4, 3, 3, 3, 2, 4, 3, 2, 4, 3, 3, 2, 3, 4, 3, 2, 3, 3, 4, 3, 3, 3, 3, 3, 3, 3, 3, 3, 3, 4, 4, 3, 3, 3, 3
chatcmpl-8wZxJVVeDlwp9gDS0ZnuMfDnxZkJB, 3, 2, 3, 2, 4, 3, 2, 4, 3, 4, 3, 3, 4, 3, 2, 3, 4, 3, 2, 3, 4, 3, 2, 3, 2, 4, 3, 3, 3, 3, 3, 3, 3, 4, 3, 3, 4, 4, 3, 3, 2, 3
chatcmpl-8wZxnKamXVrJMGorI22jAjwwiM7jC, 4, 3, 4, 2, 4, 3, 2, 3, 3, 4, 3, 3, 4, 3, 2, 4, 4, 3, 2, 3, 4, 3, 2, 3, 2, 4, 3, 3, 3, 2, 3, 3, 3, 4, 3, 3, 4, 4, 3, 3, 2, 3
chatcmpl-8wZyQouz8n9cB94ha0wSCvhIErQhw, 3, 2, 3, 2, 3, 2, 2, 3, 3, 3, 2, 2, 3, 2, 2, 3, 3, 2, 2, 3, 3, 3, 2, 2, 2, 3, 2, 2, 3, 2, 2, 2, 3, 3, 2, 2, 3, 3, 2, 2, 2, 2
chatcmpl-8wZyoVJS0IlX9rxeS2QJ11hNqidOJ, 3, 2, 3, 2, 3, 3, 2, 3, 3, 3, 3, 3, 4, 3, 2, 4, 3, 3, 2, 3, 4, 3, 2, 3, 2, 4, 3, 4, 3, 3, 3, 3, 3, 4, 3, 3, 4, 4, 3, 2, 2, 3
chatcmpl-8wZzGUGSE2REmsx6wgYJkzwiqSfq7, 3, 2, 3, 2, 3, 3, 2, 4, 3, 3, 3, 2, 3, 2, 1, 3, 3, 2, 2, 2, 3, 4, 2, 3, 2, 3, 3, 3, 3, 2, 3, 2, 4, 3, 2, 3, 3, 3, 3, 3, 2, 3
chatcmpl-8wZzczsoFaAvdu5tUZFzYqL92z105, 3, 2, 4, 2, 3, 3, 2, 4, 3, 3, 2, 3, 4, 3, 2, 3, 4, 3, 2, 3, 4, 3, 2, 4, 3, 4, 3, 3, 3, 3, 3, 3, 3, 4, 3, 4, 4, 4, 3, 3, 3, 3
chatcmpl-8wZzz20OS4QIEqfbxGH7CCUA3xeOe, 3, 2, 3, 2, 3, 3, 2, 3, 3, 3, 3, 3, 4, 3, 2, 3, 4, 3, 2, 3, 3, 3, 2, 3, 2, 4, 3, 4, 3, 3, 3, 3, 3, 4, 3, 3, 3, 4, 3, 3, 2, 3
chatcmpl-8wa0b062ptUJ3LxAV6N8azaEFCYUg, 3, 2, 3, 2, 4, 3, 2, 4, 3, 3, 3, 3, 4, 3, 2, 3, 3, 2, 2, 3, 4, 3, 2, 3, 2, 4, 3, 3, 3, 2, 3, 3, 4, 3, 3, 3, 4, 3, 3, 3, 2, 3
chatcmpl-8wa12RuJxeac7Prgeo8ECdvlkidZR, 3, 2, 3, 2, 3, 3, 2, 3, 3, 3, 3, 3, 4, 3, 2, 3, 3, 3, 2, 3, 4, 3, 2, 3, 2, 4, 3, 3, 3, 3, 3, 3, 3, 3, 3, 3, 4, 4, 3, 3, 2, 3
chatcmpl-8wa2y7ALpqXxeiCz4NcUOZGPR0VUX, 3, 2, 3, 2, 3, 3, 2, 3, 3, 3, 3, 3, 3, 3, 2, 3, 3, 3, 2, 3, 3, 3, 2, 3, 2, 3, 3, 3, 3, 3, 3, 3, 3, 3, 3, 3, 3, 3, 3, 3, 2, 3
chatcmpl-8wa3KJBfF2XV6jrFMZJI9ITFMW02n, 3, 2, 3, 2, 4, 3, 2, 4, 3, 3, 3, 3, 4, 3, 2, 4, 3, 3, 2, 3, 4, 4, 2, 4, 2, 4, 3, 3, 4, 3, 4, 3, 4, 3, 3, 3, 4, 4, 3, 4, 2, 3
chatcmpl-8wa3tiRuX2QYkZf28sk8Z4OKYBjoo, 3, 2, 3, 2, 3, 2, 2, 4, 3, 3, 2, 2, 4, 3, 2, 4, 3, 2, 2, 3, 4, 3, 2, 4, 2, 4, 3, 3, 3, 3, 3, 2, 3, 3, 2, 3, 4, 4, 2, 3, 2, 3
chatcmpl-8wa4HuG1xtYAiJhy2KXlWTD5t5fA9, 3, 2, 4, 2, 3, 3, 2, 4, 3, 4, 3, 2, 4, 3, 2, 4, 4, 3, 2, 3, 4, 4, 2, 3, 2, 4, 3, 4, 3, 3, 3, 3, 4, 4, 3, 3, 4, 4, 3, 3, 2, 3
chatcmpl-8wa4izcodKvRU2YkjWCBVRgNUpnlX, 3, 2, 3, 2, 3, 3, 2, 3, 3, 2, 3, 2, 3, 2, 2, 3, 3, 3, 2, 2, 3, 3, 2, 3, 2, 3, 3, 3, 3, 2, 3, 3, 3, 3, 3, 3, 3, 3, 3, 3, 2, 3
chatcmpl-8wa5EDdOJwYuM5nOtSnqEl6Yj4Nop, 3, 2, 3, 2, 3, 3, 2, 3, 3, 3, 3, 3, 3, 2, 2, 3, 3, 3, 2, 2, 3, 3, 2, 3, 2, 3, 3, 3, 3, 3, 3, 3, 3, 3, 3, 3, 3, 3, 3, 3, 2, 3
chatcmpl-8wa5h5Fr9yDTs5xS4tGKvAXfT0b9A, 2, 3, 3, 2, 3, 2, 2, 3, 3, 3, 2, 2, 3, 2, 2, 3, 3, 2, 2, 2, 3, 3, 2, 3, 2, 3, 2, 3, 2, 2, 3, 2, 2, 3, 2, 3, 3, 3, 2, 2, 2, 2
chatcmpl-8wa63Gb6cujcnxMqdoB6iLyKpKDpm, 3, 2, 3, 2, 3, 3, 2, 4, 3, 4, 3, 3, 4, 3, 2, 3, 4, 3, 2, 3, 4, 4, 2, 3, 2, 4, 3, 3, 3, 3, 3, 3, 4, 4, 3, 4, 4, 4, 3, 3, 2, 3
chatcmpl-8wa6PFZVoCI28t5bVHlLAWyeGGVJz, 3, 2, 3, 2, 4, 3, 2, 4, 3, 3, 2, 3, 3, 2, 2, 3, 3, 2, 2, 2, 3, 3, 2, 3, 2, 3, 3, 3, 3, 3, 3, 3, 3, 3, 3, 3, 3, 3, 3, 3, 2, 3
chatcmpl-8wa6tOBfyDnoHHbtOB5NBBpakAIqk, 2, 2, 3, 1, 3, 2, 1, 3, 2, 3, 2, 2, 3, 2, 1, 2, 2, 3, 1, 2, 3, 2, 1, 2, 2, 3, 2, 2, 2, 2, 3, 2, 2, 2, 2, 2, 3, 3, 2, 1, 1, 2
chatcmpl-8wa7F5sP8EMlJIR2gv4Z4t6RVOrSI, 3, 2, 3, 2, 3, 3, 2, 4, 3, 3, 3, 3, 3, 3, 2, 3, 3, 3, 2, 3, 3, 4, 2, 3, 2, 3, 3, 3, 3, 3, 3, 3, 3, 3, 3, 3, 3, 3, 3, 3, 2, 3
chatcmpl-8wa7cKUShuihe0gnVzJ6veV9sbAXz, 3, 2, 3, 2, 3, 3, 2, 3, 3, 3, 3, 3, 4, 2, 2, 3, 4, 3, 2, 2, 3, 3, 2, 3, 3, 4, 3, 3, 3, 3, 3, 3, 3, 4, 3, 3, 3, 3, 3, 3, 2, 3
chatcmpl-8wa7xGAlDj62fR1fIRuc16nwyvCGb, 3, 2, 3, 2, 3, 2, 2, 3, 3, 3, 2, 2, 3, 2, 2, 3, 3, 2, 2, 2, 3, 3, 2, 2, 2, 3, 2, 3, 3, 3, 3, 2, 3, 3, 2, 2, 3, 3, 2, 2, 2, 3
chatcmpl-8wa8OIawy8tIUiHbRcEt1HcpJwvrG, 3, 2, 3, 2, 3, 2, 2, 3, 3, 3, 2, 2, 3, 2, 2, 3, 3, 2, 2, 2, 3, 3, 2, 3, 2, 3, 2, 2, 3, 2, 3, 2, 3, 3, 2, 2, 3, 2, 2, 2, 2, 2
chatcmpl-8wa8rigLHeSzsq5kWE96u9JfvGU4k, 3, 2, 3, 2, 4, 3, 2, 3, 3, 3, 3, 3, 4, 3, 2, 3, 3, 3, 2, 3, 3, 3, 2, 3, 2, 4, 3, 3, 3, 2, 3, 3, 3, 3, 3, 3, 3, 3, 3, 3, 2, 3
chatcmpl-8wa9IzRsQiGusaEDhO4XCMVREiahq, 3, 2, 3, 2, 3, 3, 2, 4, 3, 3, 3, 2, 4, 3, 2, 3, 3, 3, 2, 3, 4, 3, 2, 3, 2, 4, 3, 3, 4, 3, 3, 3, 3, 3, 3, 4, 4, 4, 3, 3, 2, 3
chatcmpl-8wa9eSCRoeXJgrqVq84aZuQN7Z1PF, 3, 2, 3, 2, 4, 3, 2, 4, 3, 3, 3, 3, 4, 3, 2, 4, 3, 3, 2, 3, 4, 3, 2, 3, 2, 4, 3, 3, 3, 3, 3, 3, 3, 3, 3, 3, 4, 4, 3, 3, 2, 3
chatcmpl-8waBVg3w6c8f6gvXodmmJILZfG160, 3, 2, 3, 2, 3, 3, 2, 3, 4, 3, 3, 3, 4, 3, 2, 3, 3, 3, 2, 3, 4, 3, 2, 3, 2, 4, 3, 3, 3, 3, 3, 3, 3, 3, 3, 3, 4, 4, 3, 3, 2, 3
chatcmpl-8waBrTo3LDAWwuzhJ7OGoMqNOv5hS, 3, 2, 4, 2, 3, 3, 2, 4, 3, 4, 3, 3, 4, 2, 2, 4, 4, 3, 2, 3, 4, 3, 2, 4, 2, 4, 3, 3, 3, 3, 3, 3, 3, 4, 3, 3, 4, 4, 3, 3, 2, 3
chatcmpl-8waCHy6woESbo8sVmlqRcKTCbQ00w, 3, 2, 3, 2, 3, 2, 2, 4, 3, 3, 3, 2, 3, 2, 2, 3, 3, 2, 2, 2, 3, 3, 2, 3, 2, 3, 2, 2, 3, 2, 3, 2, 3, 3, 2, 2, 3, 3, 2, 2, 2, 3
chatcmpl-8waCkulRDEOFQ6TqtG9c6gwhxTLqD, 3, 2, 4, 2, 3, 3, 2, 4, 3, 3, 3, 2, 4, 3, 2, 3, 3, 3, 2, 3, 4, 4, 2, 3, 2, 4, 3, 3, 3, 3, 3, 3, 3, 3, 2, 3, 4, 4, 3, 3, 2, 3
chatcmpl-8waD9SWnEUm8r0sDltEQzFkdV9JrC, 3, 2, 4, 2, 3, 3, 2, 4, 3, 3, 3, 3, 4, 2, 2, 3, 3, 3, 2, 3, 4, 2, 2, 3, 2, 4, 3, 3, 3, 3, 4, 3, 4, 3, 3, 3, 4, 4, 3, 3, 2, 3
chatcmpl-8waDaAvm8cmoAHgsdrXzCzImHqtHj, 3, 2, 4, 2, 3, 3, 2, 4, 3, 3, 4, 3, 4, 2, 2, 4, 4, 3, 2, 3, 4, 4, 2, 3, 3, 4, 3, 3, 4, 3, 4, 3, 4, 4, 3, 4, 4, 4, 3, 3, 2, 4
chatcmpl-8waE1Kj9KhrudmbniWoVCS5qp4N0W, 3, 2, 3, 2, 3, 2, 2, 4, 3, 3, 3, 2, 3, 2, 2, 3, 3, 2, 2, 2, 3, 3, 2, 3, 2, 3, 2, 3, 3, 2, 3, 2, 3, 3, 2, 3, 3, 3, 2, 2, 2, 3
chatcmpl-8waETCyAB9GnDmRtppZdRAvkvRsxq, 3, 2, 3, 2, 3, 2, 2, 3, 3, 3, 2, 2, 3, 2, 2, 3, 3, 2, 2, 3, 3, 3, 2, 3, 2, 3, 2, 3, 2, 3, 3, 2, 3, 3, 2, 3, 3, 3, 2, 3, 2, 3
chatcmpl-8waErn8HOpqo3HxviZyhB8l3iYx59, 3, 2, 3, 2, 3, 2, 2, 3, 3, 3, 3, 3, 3, 2, 2, 3, 3, 3, 2, 2, 3, 3, 2, 3, 2, 3, 3, 3, 3, 3, 3, 3, 3, 3, 3, 3, 3, 3, 3, 3, 2, 3
chatcmpl-8waFDKnfuHtfaEx15Di7xthY1lKUa, 3, 2, 3, 2, 3, 2, 2, 4, 3, 3, 3, 2, 4, 3, 2, 3, 3, 2, 2, 3, 3, 4, 2, 3, 2, 4, 3, 3, 3, 3, 2, 3, 3, 3, 3, 3, 3, 3, 3, 3, 2, 3
chatcmpl-8waFjVJHjQLuAw5xlgYeVaGpBf09t, 3, 2, 3, 2, 3, 3, 2, 4, 3, 3, 3, 3, 3, 3, 2, 3, 3, 3, 2, 3, 3, 4, 2, 3, 2, 3, 3, 3, 3, 3, 3, 3, 3, 3, 3, 3, 3, 3, 3, 3, 2, 3
chatcmpl-8waG4pGPPzYVFR8qaI1oDZ12dM56q, 3, 2, 3, 2, 3, 2, 2, 3, 3, 3, 2, 2, 3, 2, 2, 3, 3, 2, 2, 2, 3, 3, 2, 3, 2, 3, 2, 2, 2, 2, 3, 2, 2, 3, 2, 2, 3, 3, 2, 2, 2, 2
chatcmpl-8waGXHPBpIw5lQEVxL9lbTEUkXvgD, 3, 2, 3, 2, 3, 3, 2, 4, 3, 3, 3, 2, 3, 2, 2, 3, 3, 3, 2, 2, 3, 3, 2, 3, 2, 3, 3, 3, 3, 2, 3, 2, 3, 3, 2, 3, 3, 3, 3, 3, 2, 2
chatcmpl-8waH0WavWGeO2LsgzROOcvqj3iyJM, 3, 2, 3, 2, 3, 3, 2, 3, 3, 3, 3, 2, 3, 2, 2, 3, 3, 3, 2, 2, 3, 3, 2, 3, 2, 3, 3, 3, 3, 3, 3, 2, 3, 3, 2, 3, 3, 3, 3, 3, 2, 3
chatcmpl-8waHUXFQ81kWIjXxAu5IhgVIDyw06, 3, 2, 3, 2, 4, 3, 2, 3, 3, 2, 3, 2, 3, 2, 2, 3, 3, 2, 2, 2, 2, 3, 2, 3, 2, 3, 2, 3, 3, 2, 3, 2, 3, 3, 2, 3, 3, 3, 3, 2, 2, 3
chatcmpl-8waI0yZKxRh0aIVYjSZ86QmjdpiUw, 3, 2, 3, 2, 3, 2, 2, 3, 3, 3, 2, 2, 4, 2, 2, 3, 2, 2, 2, 2, 4, 3, 2, 3, 2, 4, 2, 3, 3, 2, 3, 2, 3, 3, 2, 3, 4, 4, 2, 3, 2, 3
chatcmpl-8waIPuNjWlimxHQrTmi05tkRYXO7X, 3, 2, 3, 2, 4, 3, 2, 4, 3, 3, 3, 3, 3, 2, 2, 3, 3, 2, 2, 2, 2, 3, 2, 3, 2, 3, 3, 3, 3, 3, 3, 3, 4, 3, 3, 3, 3, 3, 3, 3, 2, 3
chatcmpl-8waIoPtKh6NpogiotcbvMBdLbsNU2, 3, 2, 3, 2, 3, 3, 2, 4, 3, 3, 2, 3, 3, 2, 2, 3, 3, 3, 2, 2, 3, 4, 2, 3, 2, 3, 3, 3, 4, 3, 3, 3, 3, 3, 3, 3, 3, 3, 3, 3, 2, 3
chatcmpl-8waJpq42GrEB9aoCfuHkYqcielzU8, 3, 2, 3, 2, 3, 3, 2, 3, 3, 3, 3, 2, 4, 2, 2, 4, 3, 3, 2, 3, 4, 3, 2, 3, 2, 4, 3, 3, 3, 3, 4, 3, 3, 4, 3, 3, 4, 3, 3, 3, 2, 3
chatcmpl-8waKGv7Tg4mHrZn56kf1nF6thC4S1, 3, 2, 3, 1, 3, 3, 2, 4, 3, 3, 4, 3, 3, 3, 1, 4, 3, 3, 1, 2, 4, 3, 1, 3, 1, 3, 3, 3, 4, 2, 3, 3, 3, 3, 3, 3, 4, 3, 3, 3, 1, 3
chatcmpl-8waKjEgR1iKT0XJ78Jq55sXGqhtxu, 3, 2, 3, 2, 3, 2, 2, 3, 3, 3, 3, 2, 3, 3, 2, 3, 3, 2, 2, 2, 3, 3, 2, 3, 2, 3, 2, 2, 3, 2, 3, 2, 3, 3, 2, 3, 3, 3, 2, 2, 2, 3
chatcmpl-8waLAVR0pUayvQJzGe4fy3w8VbVBU, 3, 2, 3, 2, 4, 3, 2, 4, 3, 3, 3, 2, 4, 3, 2, 3, 3, 2, 2, 2, 4, 3, 2, 3, 2, 4, 3, 3, 3, 3, 3, 2, 3, 3, 2, 3, 4, 4, 3, 3, 2, 3
chatcmpl-8waLgms6l7XXJTZnXuZFL1UPkaFoW, 2, 2, 3, 1, 3, 2, 1, 3, 2, 3, 2, 2, 2, 2, 1, 3, 3, 2, 1, 2, 3, 3, 1, 3, 2, 3, 2, 2, 3, 2, 3, 2, 3, 3, 2, 2, 3, 3, 2, 2, 1, 2
chatcmpl-8waM69vrbTEM2cF2BS5ErDiOolOGU, 3, 2, 3, 1, 2, 3, 2, 3, 3, 3, 3, 2, 3, 2, 1, 3, 3, 2, 1, 2, 3, 3, 1, 3, 2, 3, 3, 2, 2, 2, 3, 2, 3, 3, 2, 2, 3, 3, 2, 2, 1, 2
chatcmpl-8waMX3tP4vx1WhfDYZZ6gLCKtDckm, 3, 2, 4, 2, 3, 3, 2, 4, 3, 3, 3, 4, 3, 2, 2, 3, 4, 3, 2, 2, 3, 4, 2, 3, 2, 4, 3, 3, 4, 3, 3, 3, 4, 4, 3, 4, 3, 4, 3, 3, 2, 3
chatcmpl-8waMu38xxIzJg7BvqmoOzXZ9Ya97u, 3, 2, 3, 2, 3, 3, 2, 4, 3, 3, 4, 3, 4, 2, 2, 3, 3, 3, 2, 3, 4, 4, 2, 3, 3, 4, 3, 4, 3, 3, 3, 3, 3, 3, 3, 3, 4, 4, 3, 3, 2, 3
chatcmpl-8waNG7n7X1Reb7ckpQBHdgSwbsC3A, 3, 2, 3, 2, 3, 3, 2, 3, 3, 3, 3, 2, 3, 2, 2, 3, 3, 2, 2, 2, 3, 3, 2, 3, 2, 3, 3, 3, 3, 3, 3, 3, 3, 3, 3, 3, 3, 3, 3, 3, 2, 3
chatcmpl-8waNdbt8fDa2U7itHQnJzLd7VBMzt, 3, 2, 3, 2, 4, 3, 2, 3, 3, 4, 3, 2, 3, 2, 2, 3, 3, 2, 2, 3, 4, 3, 2, 3, 2, 3, 3, 3, 3, 3, 3, 3, 3, 3, 3, 3, 4, 4, 3, 3, 2, 3
chatcmpl-8waO35lTJKt3mgatMrCZLsma2pJhY, 3, 2, 3, 2, 3, 3, 2, 4, 3, 3, 3, 2, 4, 2, 2, 3, 3, 2, 2, 2, 4, 3, 2, 3, 2, 4, 3, 3, 3, 2, 3, 3, 4, 3, 2, 3, 4, 4, 3, 2, 2, 3
chatcmpl-8waOSf3DdDyQXxL8f3CaaZRpxnU75, 3, 2, 3, 2, 3, 3, 2, 4, 3, 3, 3, 3, 4, 3, 2, 3, 3, 3, 2, 3, 4, 3, 2, 3, 2, 4, 3, 3, 3, 3, 3, 3, 3, 3, 3, 3, 3, 4, 3, 3, 3, 3
chatcmpl-8waOugI04HgNjwCfY279UjjbzPohJ, 3, 2, 3, 2, 4, 3, 2, 3, 4, 3, 3, 2, 4, 3, 2, 4, 4, 3, 2, 3, 4, 3, 2, 4, 3, 4, 3, 3, 3, 4, 4, 3, 3, 4, 3, 3, 4, 4, 3, 4, 2, 3
chatcmpl-8waPM3gh0QPSRJXLXbs1HuJTKo3Em, 3, 2, 3, 2, 3, 3, 2, 4, 3, 3, 3, 4, 3, 2, 2, 3, 3, 3, 2, 2, 3, 3, 2, 3, 2, 3, 3, 2, 3, 2, 3, 3, 3, 3, 3, 2, 3, 3, 3, 3, 2, 3
chatcmpl-8waPmWr6M2hOWiv3GktZLhXmVSjZK, 3, 2, 3, 2, 3, 2, 2, 3, 3, 3, 2, 2, 3, 2, 2, 3, 3, 2, 2, 3, 3, 3, 2, 3, 2, 3, 2, 2, 2, 2, 3, 2, 3, 3, 2, 2, 3, 3, 2, 2, 2, 3
chatcmpl-8waQ7FZ2MuGiyMFeDhSgU9t8sLJ9V, 3, 2, 3, 2, 3, 3, 2, 4, 3, 3, 3, 3, 3, 2, 2, 3, 3, 3, 2, 3, 3, 3, 2, 3, 2, 3, 3, 3, 3, 3, 3, 3, 3, 3, 3, 3, 3, 3, 3, 3, 2, 3
chatcmpl-8waQUxIhgf5G8oHkCHyubHsylkt9U, 2, 3, 2, 1, 3, 2, 1, 4, 2, 2, 3, 2, 3, 2, 1, 3, 2, 2, 1, 2, 2, 3, 1, 3, 1, 3, 2, 2, 2, 1, 2, 2, 3, 2, 2, 1, 2, 2, 2, 2, 1, 2
chatcmpl-8waQoxcrtvXvQ6QX9qkRrArFohSHL, 3, 2, 3, 2, 3, 3, 2, 4, 3, 3, 3, 3, 4, 3, 2, 3, 3, 3, 2, 3, 3, 3, 2, 3, 2, 3, 3, 3, 3, 3, 3, 3, 3, 3, 3, 3, 3, 3, 3, 3, 2, 3
chatcmpl-8waRDgvDtdeVS7t9gd0igkwD27xX2, 3, 2, 4, 2, 3, 3, 2, 4, 4, 3, 3, 3, 4, 3, 2, 4, 4, 3, 2, 3, 4, 4, 2, 4, 2, 4, 3, 3, 3, 3, 4, 3, 4, 4, 3, 4, 4, 4, 3, 3, 2, 4
chatcmpl-8waRgLXrmTNNtmC4tU35iMRy6nQ53, 3, 2, 3, 2, 3, 3, 2, 3, 3, 3, 3, 2, 3, 2, 2, 3, 3, 3, 2, 2, 3, 3, 2, 3, 2, 3, 3, 3, 3, 3, 3, 3, 3, 3, 3, 2, 3, 3, 3, 3, 2, 3
chatcmpl-8waS8HubxYi2amwRZx8l0zlUoOIZf, 3, 2, 4, 2, 3, 2, 2, 3, 3, 4, 3, 2, 4, 3, 2, 4, 3, 2, 2, 3, 4, 3, 2, 3, 2, 4, 3, 3, 3, 2, 3, 3, 3, 3, 3, 2, 4, 4, 3, 3, 2, 3
chatcmpl-8waSVoWMPC9YWaG7041J6bcUKZzK9, 3, 2, 3, 2, 3, 2, 2, 3, 3, 3, 2, 2, 3, 2, 2, 3, 3, 2, 2, 2, 3, 3, 2, 3, 2, 3, 2, 2, 2, 2, 3, 2, 2, 3, 2, 2, 3, 3, 2, 2, 2, 3
chatcmpl-8waSrgFd0B7I2J8eOALUVipx9Tzs6, 3, 2, 3, 2, 4, 3, 2, 4, 3, 4, 3, 3, 4, 2, 1, 4, 3, 2, 2, 2, 4, 4, 2, 4, 2, 4, 3, 3, 3, 2, 4, 3, 4, 3, 3, 3, 4, 4, 3, 3, 2, 4
chatcmpl-8waTH28paCFLw3gd9IX8qSODS9znK, 3, 2, 3, 2, 3, 2, 2, 3, 3, 3, 3, 2, 2, 2, 2, 3, 3, 2, 2, 2, 3, 3, 2, 3, 2, 3, 2, 3, 3, 3, 3, 2, 3, 3, 2, 3, 3, 3, 3, 3, 2, 3
chatcmpl-8waTrq5UsoivwIqzAVnpMCF8Uo905, 3, 2, 3, 2, 3, 3, 2, 4, 3, 3, 3, 3, 4, 2, 2, 3, 3, 3, 3, 3, 4, 3, 2, 3, 3, 4, 2, 3, 3, 2, 3, 3, 3, 3, 3, 3, 4, 3, 3, 3, 2, 3
chatcmpl-8waUJl1CGvXNStTUJiOwsTSeAWp1X, 3, 2, 3, 2, 3, 3, 2, 3, 3, 3, 3, 3, 3, 2, 2, 3, 3, 3, 2, 2, 3, 3, 2, 2, 2, 3, 3, 3, 3, 2, 3, 3, 3, 3, 3, 2, 3, 3, 3, 2, 2, 3
chatcmpl-8waUfPfog4fTwgkRQJJKGv83FJZKT, 4, 2, 3, 2, 3, 3, 2, 4, 3, 3, 4, 3, 3, 2, 2, 3, 3, 3, 2, 2, 3, 4, 2, 3, 3, 3, 3, 3, 3, 2, 3, 3, 4, 3, 3, 3, 4, 3, 3, 3, 2, 3
chatcmpl-8waV6k2o48r1Sj2HF4oz9gOO5bpwC, 3, 2, 4, 2, 3, 3, 2, 4, 3, 4, 3, 3, 4, 3, 2, 4, 4, 3, 2, 3, 4, 4, 2, 4, 3, 4, 3, 3, 3, 3, 4, 3, 4, 4, 3, 3, 4, 4, 3, 3, 2, 3
chatcmpl-8waVfrI7PiQea3pkMWJRK7SEzQffP, 3, 2, 3, 2, 3, 2, 2, 3, 4, 3, 3, 3, 3, 2, 2, 3, 3, 3, 2, 2, 3, 3, 2, 3, 2, 3, 3, 3, 4, 3, 3, 3, 3, 3, 3, 3, 3, 3, 3, 3, 2, 3
chatcmpl-8waVyYNB2qsZXjPHlKTff4uNjNIEr, 3, 2, 3, 2, 3, 3, 2, 3, 3, 3, 3, 2, 3, 3, 2, 3, 3, 3, 2, 2, 3, 3, 2, 3, 2, 3, 3, 3, 3, 3, 3, 3, 3, 3, 3, 3, 3, 3, 3, 3, 2, 3
chatcmpl-8waWK4MdZBoyeEr74uDY1kEg1SYnn, 3, 2, 3, 2, 4, 3, 2, 4, 3, 3, 3, 2, 3, 2, 1, 3, 3, 2, 2, 3, 4, 3, 2, 3, 2, 3, 2, 3, 4, 3, 2, 3, 3, 3, 3, 3, 4, 4, 3, 3, 2, 3
chatcmpl-8waWkkRSS6Zb7jEoTuFRCHmCTXsQ7, 3, 2, 3, 2, 4, 3, 2, 3, 4, 3, 3, 3, 4, 2, 2, 3, 3, 2, 2, 3, 3, 3, 2, 3, 2, 4, 3, 2, 3, 3, 3, 3, 3, 3, 3, 3, 3, 3, 3, 3, 2, 3
chatcmpl-8waX6EJn8AN0uqtnr43tQBZKwOo1F, 3, 2, 3, 2, 3, 2, 2, 3, 3, 3, 3, 2, 4, 2, 2, 3, 3, 2, 2, 2, 3, 3, 2, 3, 2, 4, 2, 2, 2, 2, 3, 2, 3, 3, 2, 2, 3, 3, 2, 2, 2, 3
chatcmpl-8waXZrgQf6dpwJE9G9HIHuW2NMvFz, 3, 2, 3, 2, 3, 2, 2, 3, 3, 3, 2, 2, 3, 2, 2, 3, 3, 2, 2, 3, 3, 3, 2, 3, 2, 3, 2, 3, 2, 2, 3, 3, 3, 3, 3, 3, 3, 3, 3, 3, 2, 3
chatcmpl-8waXwzvig7hRbAasUA5mN3MC1WUf2, 3, 2, 3, 2, 3, 3, 2, 3, 3, 3, 3, 3, 3, 2, 2, 3, 3, 3, 2, 3, 3, 3, 2, 3, 2, 3, 3, 3, 3, 3, 3, 3, 3, 3, 3, 3, 3, 3, 3, 3, 2, 3
chatcmpl-8waYTqUMASyMbPXJwM2S5rMK770VK, 3, 2, 3, 2, 3, 3, 2, 4, 3, 3, 3, 3, 4, 3, 2, 4, 3, 3, 2, 3, 4, 4, 2, 3, 2, 4, 3, 3, 3, 3, 3, 3, 3, 3, 3, 3, 4, 4, 3, 3, 2, 3
chatcmpl-8waYs1pjecxttQ94snp0HnkO3HkZP, 3, 2, 3, 2, 3, 3, 2, 3, 3, 3, 3, 2, 3, 2, 2, 3, 3, 2, 2, 2, 3, 3, 2, 3, 2, 3, 2, 3, 3, 2, 3, 2, 3, 3, 2, 3, 3, 3, 3, 3, 2, 3
chatcmpl-8waZI3UzNg6LJG8bkNaBbt8vwPtzK, 3, 2, 3, 2, 3, 2, 2, 3, 2, 3, 2, 3, 3, 2, 2, 3, 3, 2, 2, 2, 3, 3, 2, 3, 2, 3, 2, 2, 3, 2, 3, 2, 3, 3, 2, 3, 3, 3, 2, 2, 2, 3
chatcmpl-8waZkiAdlhwW8rhLdIwDYNxISwX8Y, 3, 2, 3, 2, 3, 2, 2, 4, 3, 3, 3, 2, 4, 2, 2, 3, 3, 2, 2, 3, 4, 3, 2, 3, 2, 4, 3, 3, 4, 3, 3, 2, 3, 3, 2, 3, 4, 4, 3, 3, 2, 3
chatcmpl-8waaCqJmVrun5PxdmABq6DzE3mQ3r, 3, 2, 3, 2, 3, 3, 2, 4, 3, 3, 3, 3, 3, 2, 2, 3, 3, 3, 2, 3, 3, 3, 2, 3, 2, 3, 3, 2, 3, 2, 3, 2, 3, 3, 2, 2, 3, 3, 2, 2, 2, 3
chatcmpl-8wah8UEAQE4Aar1JFFTZoxOFh7Lwp, 3, 2, 3, 2, 3, 2, 2, 3, 3, 3, 2, 2, 3, 2, 2, 3, 3, 2, 2, 2, 3, 2, 2, 3, 2, 3, 2, 2, 3, 2, 3, 2, 2, 3, 2, 3, 3, 3, 2, 2, 2, 3
chatcmpl-8wahT4s1BXTsb0AqNJpmWvsMOBJQk, 3, 2, 3, 2, 3, 3, 2, 4, 3, 3, 3, 3, 4, 3, 2, 3, 3, 3, 2, 3, 3, 4, 2, 3, 2, 4, 3, 3, 3, 3, 3, 3, 3, 3, 3, 3, 3, 3, 3, 2, 2, 3
chatcmpl-8wahoqIZRTQYKZ373dsPqTW4l3ke7, 3, 2, 3, 2, 2, 3, 2, 3, 3, 3, 3, 3, 4, 2, 2, 4, 3, 2, 2, 3, 4, 3, 2, 4, 3, 4, 3, 3, 3, 3, 3, 3, 4, 3, 3, 4, 4, 4, 3, 3, 3, 3
chatcmpl-8waiK3EdZYGqYv4NHssNpBulcNAnK, 3, 2, 3, 2, 3, 3, 2, 3, 3, 3, 3, 3, 3, 2, 2, 3, 3, 3, 2, 2, 3, 3, 2, 3, 2, 3, 3, 3, 3, 2, 3, 2, 3, 3, 2, 3, 3, 3, 3, 2, 2, 3
chatcmpl-8wailBhIYO7ql0bSMvWCF5sHtd51b, 3, 2, 3, 2, 3, 3, 2, 4, 3, 3, 3, 3, 3, 2, 2, 3, 3, 3, 2, 3, 3, 3, 2, 3, 2, 3, 3, 2, 3, 2, 3, 3, 3, 3, 3, 3, 3, 3, 3, 2, 2, 3
chatcmpl-8waj9QpqlB9c0B7x8MAlhz13a5QcX, 3, 2, 3, 2, 3, 3, 2, 3, 3, 3, 2, 3, 3, 2, 2, 3, 3, 3, 2, 2, 3, 3, 2, 3, 2, 3, 3, 3, 3, 2, 3, 2, 3, 3, 2, 2, 3, 3, 3, 2, 2, 3
chatcmpl-8wajem8gWKNtaxFMat7nj0ti4blSd, 3, 2, 3, 2, 3, 3, 2, 4, 3, 3, 3, 3, 3, 3, 2, 3, 3, 3, 2, 3, 3, 4, 2, 3, 2, 3, 3, 3, 3, 3, 3, 3, 3, 3, 3, 2, 3, 3, 3, 3, 2, 3
chatcmpl-8wak8CVxJnZ78F3zd8O5qeJFYhyO8, 3, 2, 3, 2, 4, 3, 2, 3, 3, 3, 3, 3, 3, 3, 2, 3, 3, 3, 2, 3, 4, 3, 2, 3, 2, 3, 3, 3, 3, 3, 3, 3, 3, 3, 3, 3, 3, 4, 3, 3, 2, 3
chatcmpl-8wakYPlbaqU7yIxAugxyPcBPp2SP9, 3, 2, 3, 2, 3, 3, 2, 3, 3, 3, 3, 3, 3, 3, 2, 3, 3, 3, 2, 2, 3, 3, 2, 3, 2, 3, 3, 3, 3, 3, 3, 3, 3, 3, 3, 3, 3, 3, 3, 3, 2, 3
chatcmpl-8wakwnR0dWhHBT5dg7cJeOcCSLaHG, 3, 2, 3, 2, 3, 3, 2, 4, 3, 3, 3, 3, 3, 3, 2, 3, 3, 3, 2, 3, 3, 3, 2, 3, 2, 3, 3, 3, 3, 3, 3, 3, 3, 3, 3, 3, 3, 3, 3, 3, 2, 3
chatcmpl-8walNssJlykPzlogph8KAFKQDTcZb, 3, 2, 4, 2, 3, 3, 2, 4, 4, 3, 3, 3, 4, 3, 2, 4, 4, 3, 2, 3, 4, 2, 2, 4, 2, 4, 3, 3, 3, 3, 3, 3, 4, 4, 3, 3, 4, 4, 3, 3, 2, 3
chatcmpl-8walk5WmtlMA19ixMMqUkVXWcGGJV, 3, 2, 4, 2, 3, 2, 2, 4, 3, 4, 3, 2, 4, 3, 2, 4, 3, 2, 2, 3, 4, 3, 2, 3, 2, 4, 3, 3, 4, 3, 3, 3, 4, 3, 3, 4, 4, 4, 3, 3, 3, 3
chatcmpl-8wam7hJ5t74dKXr2JPAcDdAgRVlcU, 3, 2, 3, 2, 3, 3, 2, 4, 3, 3, 3, 3, 4, 3, 2, 4, 4, 3, 2, 3, 4, 4, 2, 3, 2, 4, 3, 3, 3, 3, 3, 3, 4, 4, 3, 3, 3, 4, 3, 3, 2, 3
chatcmpl-8wamfdGPXENffjFLLB3rJTXtqjvQL, 3, 2, 3, 1, 3, 3, 2, 3, 3, 3, 3, 3, 3, 2, 1, 3, 3, 3, 2, 2, 3, 3, 1, 3, 2, 3, 3, 3, 3, 3, 3, 3, 3, 3, 3, 2, 3, 3, 2, 3, 2, 3
chatcmpl-8wan9ei3whNKJBMyFpJvBxmMZw7WF, 3, 2, 3, 2, 3, 3, 2, 4, 3, 3, 3, 2, 3, 2, 2, 3, 3, 3, 2, 2, 3, 3, 2, 3, 2, 3, 3, 3, 3, 2, 3, 3, 3, 3, 3, 2, 3, 3, 3, 2, 2, 3
chatcmpl-8wanbm9XhyyIZpPQMtgYviIAtbLdw, 3, 2, 3, 2, 3, 3, 2, 3, 3, 3, 3, 2, 3, 3, 2, 3, 3, 3, 2, 3, 3, 3, 2, 3, 2, 3, 3, 3, 3, 2, 3, 3, 3, 3, 3, 3, 3, 3, 3, 3, 2, 3
chatcmpl-8wanyjzZ5QQ7cEJZKWkFMOdWSKkR6, 3, 2, 4, 2, 3, 3, 1, 4, 3, 3, 3, 4, 3, 2, 1, 3, 3, 3, 1, 2, 3, 3, 1, 3, 2, 3, 3, 3, 3, 2, 3, 3, 3, 3, 3, 2, 3, 3, 3, 2, 1, 3
chatcmpl-8waoQUZaFFfykpAajNSzvmHqu1oYa, 3, 2, 3, 2, 3, 2, 2, 3, 3, 3, 3, 2, 3, 2, 2, 3, 3, 2, 2, 2, 3, 3, 2, 3, 2, 3, 2, 2, 3, 3, 3, 2, 3, 3, 2, 3, 3, 3, 2, 2, 2, 3
chatcmpl-8waovzMpdkvhqkBXt5vm5kMVGOugY, 2, 1, 2, 1, 3, 2, 1, 3, 2, 2, 2, 3, 2, 2, 1, 2, 2, 2, 1, 1, 2, 3, 1, 2, 1, 2, 2, 2, 2, 1, 2, 2, 2, 2, 2, 1, 2, 2, 2, 1, 1, 3
chatcmpl-8wapBabdyh9YxDrIakuRjxJwxVt4C, 3, 2, 3, 2, 3, 3, 2, 4, 3, 3, 3, 3, 3, 2, 2, 3, 3, 3, 2, 2, 3, 3, 2, 3, 2, 3, 3, 3, 3, 2, 3, 3, 3, 3, 3, 2, 3, 3, 3, 2, 2, 3
chatcmpl-8wapZ5b6gh5x0dA8DQbgwLauuHikU, 3, 2, 3, 2, 3, 3, 2, 4, 3, 3, 3, 3, 4, 3, 2, 4, 3, 3, 2, 3, 3, 3, 2, 3, 2, 4, 3, 3, 3, 3, 3, 3, 4, 3, 3, 3, 3, 3, 3, 3, 2, 3
chatcmpl-8waq15bgspoMp0NYIPhbUmoYnJNw2, 3, 2, 3, 2, 3, 3, 2, 3, 3, 3, 3, 3, 3, 3, 2, 3, 3, 3, 2, 2, 3, 3, 2, 3, 2, 3, 3, 3, 3, 2, 3, 3, 3, 3, 3, 3, 3, 3, 3, 3, 2, 3
chatcmpl-8waqN1tpDdDQxTNvNBWNZ603TBleI, 3, 2, 3, 2, 4, 3, 2, 4, 3, 3, 4, 3, 4, 3, 2, 4, 3, 3, 2, 3, 4, 4, 2, 4, 3, 4, 3, 3, 3, 3, 4, 3, 4, 4, 3, 3, 4, 4, 3, 3, 2, 4
chatcmpl-8waql5LyqJhVHl8NWWQC3dYVQvA2v, 3, 2, 4, 2, 3, 3, 2, 4, 4, 3, 3, 3, 4, 3, 2, 4, 4, 3, 2, 3, 3, 4, 2, 4, 3, 4, 3, 3, 3, 3, 3, 3, 3, 4, 3, 3, 4, 4, 3, 3, 2, 3
chatcmpl-8warNIFlurxRoM0j9Nbzj78AKQQBw, 3, 2, 3, 2, 3, 2, 2, 4, 3, 3, 3, 2, 4, 2, 2, 3, 3, 2, 2, 3, 3, 4, 2, 3, 2, 4, 3, 3, 4, 2, 3, 2, 3, 3, 3, 3, 3, 3, 3, 3, 2, 3
chatcmpl-8warknqI32Td9TLUjVzxqbM72XuJR, 3, 2, 3, 2, 3, 2, 2, 3, 3, 3, 2, 2, 3, 2, 2, 3, 3, 2, 2, 2, 3, 3, 2, 3, 2, 3, 2, 2, 2, 2, 3, 2, 3, 3, 2, 2, 3, 3, 2, 2, 2, 2
chatcmpl-8was8EPYwVx8rSaysyb6RvTgHGGfS, 3, 2, 3, 2, 3, 2, 2, 3, 3, 3, 2, 2, 3, 2, 2, 3, 3, 2, 2, 2, 3, 3, 2, 3, 2, 3, 2, 3, 3, 2, 3, 3, 3, 3, 3, 3, 3, 3, 3, 3, 2, 3
chatcmpl-8wasbtd8TCkVzv7rn8EhVmLoXtekS, 3, 2, 3, 2, 3, 3, 2, 3, 3, 3, 3, 3, 3, 3, 2, 3, 3, 3, 2, 2, 3, 3, 2, 3, 2, 3, 3, 3, 3, 3, 3, 3, 3, 3, 3, 3, 3, 3, 3, 3, 2, 3
chatcmpl-8waszuiq51NGIl28UyH2kjMy3F9Mf, 3, 2, 3, 2, 3, 3, 2, 4, 2, 3, 3, 3, 4, 2, 2, 3, 3, 3, 2, 2, 3, 3, 2, 3, 2, 4, 3, 3, 3, 2, 3, 3, 3, 3, 3, 3, 3, 3, 3, 3, 2, 3
chatcmpl-8watgBL2KS99IbIvHEN8IftQFgUs3, 3, 2, 3, 2, 3, 3, 2, 4, 3, 3, 3, 2, 4, 2, 2, 3, 3, 3, 2, 2, 4, 3, 2, 3, 3, 4, 3, 3, 3, 3, 3, 2, 3, 3, 2, 3, 4, 4, 3, 3, 2, 3
chatcmpl-8wauBr47sThLgnRGttSZTxRH276kg, 4, 3, 3, 2, 3, 2, 2, 4, 4, 3, 4, 3, 4, 2, 2, 3, 3, 3, 2, 3, 4, 4, 2, 3, 2, 4, 3, 4, 3, 2, 3, 3, 2, 3, 2, 3, 4, 4, 3, 3, 2, 3
chatcmpl-8waucrRstoM5ZHBRjdsU5sX91QYhp, 3, 2, 3, 2, 4, 3, 2, 3, 3, 4, 3, 2, 3, 2, 2, 3, 3, 3, 2, 3, 4, 3, 2, 3, 2, 3, 3, 3, 3, 2, 4, 3, 3, 3, 3, 3, 4, 4, 3, 3, 2, 3
chatcmpl-8wauzSILFu6vj9LUZIdyNXddE2vIY, 3, 2, 3, 2, 3, 3, 2, 4, 3, 3, 3, 2, 3, 2, 2, 3, 3, 2, 2, 2, 3, 3, 2, 3, 2, 3, 2, 2, 3, 2, 3, 3, 3, 3, 2, 2, 3, 3, 3, 3, 2, 3
chatcmpl-8wavIj7U5Xupy0NFWQdPzyJCrHd7l, 3, 2, 3, 2, 3, 4, 2, 3, 3, 3, 4, 2, 3, 2, 2, 3, 3, 3, 2, 3, 3, 3, 2, 3, 2, 3, 3, 3, 2, 2, 3, 3, 4, 3, 2, 3, 3, 3, 3, 2, 2, 3
chatcmpl-8wavf99Ccxr70fvTQ3s542SXMpAGo, 3, 2, 3, 2, 3, 3, 2, 3, 4, 3, 3, 2, 4, 3, 2, 4, 4, 3, 2, 3, 3, 3, 2, 4, 2, 4, 3, 4, 3, 3, 4, 3, 4, 4, 3, 3, 4, 3, 3, 3, 2, 3
chatcmpl-8waw9VcyRS7rkc0ojtnVogD7u9WVY, 3, 2, 3, 2, 3, 3, 2, 3, 3, 2, 3, 2, 3, 2, 2, 3, 3, 3, 2, 2, 3, 3, 2, 3, 2, 3, 3, 2, 3, 2, 3, 3, 3, 3, 3, 2, 3, 3, 3, 2, 2, 3
chatcmpl-8wawVmSwrqvUqcOntINVUXYfi58UT, 3, 2, 3, 2, 4, 3, 2, 3, 3, 3, 3, 2, 3, 3, 2, 3, 3, 3, 2, 3, 4, 3, 2, 3, 2, 3, 3, 3, 4, 3, 3, 3, 3, 3, 3, 4, 3, 4, 3, 3, 2, 3
chatcmpl-8wawrRbxp1O5H5MPaTpFAkvMRaVnA, 3, 2, 3, 2, 3, 3, 2, 4, 3, 3, 4, 3, 3, 2, 2, 3, 3, 3, 2, 3, 4, 3, 2, 3, 2, 3, 3, 3, 3, 3, 3, 3, 3, 3, 3, 3, 3, 3, 3, 3, 2, 3
chatcmpl-8waxELQaj1bUNvIfxcm1t2mRA2nrF, 3, 2, 3, 2, 3, 3, 2, 3, 3, 3, 3, 3, 3, 2, 2, 3, 3, 3, 2, 2, 3, 3, 2, 3, 2, 3, 3, 3, 3, 3, 3, 3, 3, 3, 3, 3, 3, 3, 3, 3, 2, 3
chatcmpl-8waxYl9KvuNFZ4VPQvFLSSrNl5DUc, 2, 2, 3, 2, 3, 2, 2, 3, 3, 3, 2, 2, 3, 2, 2, 3, 3, 2, 2, 2, 3, 3, 2, 3, 2, 3, 2, 3, 2, 2, 3, 2, 3, 3, 2, 3, 3, 3, 2, 2, 2, 3
chatcmpl-8way0OfRibkwa2iMNaNKEpaDCf0MI, 3, 2, 3, 2, 3, 2, 1, 3, 3, 3, 2, 3, 3, 2, 1, 3, 3, 2, 2, 2, 3, 3, 2, 2, 2, 3, 2, 2, 3, 2, 2, 2, 3, 3, 2, 2, 3, 3, 2, 2, 2, 3
chatcmpl-8wayLGzWxbbxCpPpJQImM2rqhHMWp, 3, 2, 3, 2, 3, 3, 2, 3, 2, 3, 3, 2, 3, 2, 2, 3, 3, 3, 2, 2, 3, 3, 2, 3, 2, 3, 3, 3, 3, 2, 3, 3, 3, 3, 3, 2, 3, 3, 3, 2, 2, 3
chatcmpl-8wayhApk9RASKu9mApFBUt9xfP3uT, 3, 2, 3, 2, 3, 2, 2, 4, 3, 3, 2, 3, 4, 2, 2, 3, 3, 2, 2, 3, 3, 4, 2, 3, 2, 4, 2, 3, 3, 2, 3, 2, 3, 3, 3, 3, 3, 3, 3, 3, 2, 3
chatcmpl-8waz3m4jMXXXFy8P8lH2MMO2QnCo6, 3, 2, 3, 2, 4, 3, 2, 3, 3, 4, 3, 2, 3, 2, 2, 3, 3, 3, 2, 3, 4, 3, 2, 3, 2, 3, 3, 3, 3, 3, 3, 3, 3, 3, 3, 3, 4, 4, 3, 3, 2, 3
chatcmpl-8wazQLAXmZwcyIM5VTqwfLUd9SLjU, 3, 2, 4, 2, 3, 3, 2, 3, 4, 4, 3, 3, 4, 3, 2, 4, 4, 3, 2, 3, 4, 3, 2, 4, 3, 4, 3, 4, 3, 3, 4, 3, 4, 4, 3, 3, 4, 4, 3, 3, 2, 3
chatcmpl-8wb79lsvhHXpfE7Oi7E373IAhUPRv, 3, 2, 3, 2, 3, 3, 2, 3, 3, 3, 3, 3, 4, 3, 2, 4, 3, 3, 2, 3, 4, 3, 2, 3, 2, 4, 3, 3, 2, 3, 4, 3, 3, 3, 3, 3, 4, 4, 3, 3, 2, 3
chatcmpl-8wb7aJlURPBArFsqeciGt6TqOV8KN, 3, 2, 3, 2, 3, 4, 2, 4, 3, 3, 4, 3, 4, 4, 2, 4, 3, 3, 2, 3, 4, 4, 2, 3, 2, 3, 4, 3, 4, 3, 3, 4, 4, 3, 3, 3, 3, 4, 3, 4, 3, 3
chatcmpl-8wb8EYHgAGuhCR0Du6GJdSoKoK1vc, 3, 2, 3, 2, 3, 3, 2, 3, 3, 3, 3, 3, 3, 2, 2, 3, 3, 3, 2, 3, 3, 3, 2, 3, 2, 3, 3, 3, 3, 3, 3, 3, 3, 3, 3, 3, 3, 3, 3, 3, 2, 3
chatcmpl-8wb8eUaUulKSpyLmKMHSqYwUpQxYC, 4, 2, 3, 2, 3, 3, 2, 4, 3, 3, 4, 2, 3, 2, 2, 3, 3, 3, 2, 3, 3, 4, 2, 3, 2, 3, 3, 3, 4, 3, 3, 3, 4, 3, 3, 3, 3, 3, 3, 3, 2, 3
chatcmpl-8wb94p75m4jx2EHJYteg3BQ4CNYJI, 3, 2, 3, 2, 2, 2, 2, 4, 3, 3, 2, 3, 3, 3, 2, 3, 3, 2, 2, 2, 3, 3, 2, 3, 2, 3, 2, 3, 3, 2, 3, 2, 3, 3, 2, 2, 3, 3, 2, 3, 2, 2
chatcmpl-8wb9Ul1JFooE5CHCIVkmn9ZdQ88xn, 3, 2, 3, 2, 3, 3, 2, 3, 2, 3, 3, 2, 3, 2, 2, 3, 3, 3, 2, 3, 3, 3, 2, 3, 2, 3, 2, 2, 2, 2, 3, 2, 3, 3, 3, 3, 3, 3, 2, 2, 2, 3
