chatcmpl-8wT6iLRGn6j5B1MdcPgyuzEGNMdxO, 1, 2, 1, 1, 2, 2, 1, 2, 1, 1, 2, 1, 1, 2, 1, 1, 1, 2, 1, 1, 1, 2, 1, 1, 1, 1, 2, 1, 2, 1, 1, 2, 2, 1, 2, 1, 1, 1, 2, 1, 1, 2
chatcmpl-8wTDngMtgBG655OWicYXDmdYXJLk7, 2, 1, 1, 1, 2, 2, 1, 3, 2, 2, 2, 2, 1, 2, 1, 1, 1, 2, 1, 1, 1, 3, 1, 2, 1, 1, 2, 1, 2, 1, 2, 2, 2, 1, 2, 1, 1, 1, 2, 1, 1, 2
chatcmpl-8wTE37PNk6mzt3bK5qkI7a7cCd2o8, 2, 1, 2, 1, 3, 2, 1, 3, 2, 2, 2, 2, 2, 1, 1, 2, 2, 1, 1, 1, 2, 3, 1, 2, 1, 2, 2, 1, 3, 2, 2, 2, 3, 1, 2, 2, 1, 1, 2, 1, 1, 2
chatcmpl-8wTELMgvJrHLzGZkGhYx1cZUGv2Ob, 1, 2, 2, 1, 2, 2, 1, 2, 2, 1, 2, 1, 1, 2, 1, 2, 1, 2, 1, 1, 1, 2, 1, 2, 2, 1, 1, 1, 2, 1, 2, 2, 2, 1, 2, 1, 1, 1, 1, 1, 1, 2
chatcmpl-8wTEhy4P7EGZB8EqeV2z5RUNkuXza, 2, 1, 1, 1, 2, 2, 1, 3, 2, 2, 2, 2, 1, 2, 1, 1, 1, 2, 1, 1, 1, 2, 1, 2, 1, 1, 2, 1, 2, 1, 2, 2, 1, 1, 2, 1, 1, 1, 2, 1, 1, 2
chatcmpl-8wTEyFSdRHqzvLxxhxaWpq2yVm8x9, 2, 1, 2, 1, 3, 2, 1, 3, 2, 2, 2, 2, 2, 2, 1, 2, 2, 2, 1, 1, 2, 3, 1, 2, 1, 2, 2, 2, 3, 2, 2, 2, 2, 2, 2, 1, 2, 2, 3, 2, 1, 2
chatcmpl-8wTFEYhAILeR2lSOrRWLomVTS52TV, 2, 1, 2, 1, 3, 2, 1, 3, 3, 2, 2, 2, 1, 2, 1, 2, 1, 2, 1, 1, 2, 3, 1, 2, 1, 1, 2, 1, 2, 2, 3, 3, 2, 1, 3, 1, 2, 1, 2, 1, 1, 3
chatcmpl-8wTFXzTiJer25DBdGxijo3QIbXBqq, 2, 1, 2, 1, 2, 2, 1, 3, 2, 2, 2, 1, 2, 2, 1, 2, 2, 2, 1, 1, 2, 3, 1, 1, 1, 2, 2, 1, 2, 1, 2, 2, 2, 1, 2, 1, 2, 2, 2, 1, 1, 2
chatcmpl-8wTFosVylTcnPCP0qgvDNvcb6Gk7W, 1, 1, 1, 1, 1, 1, 1, 1, 1, 1, 1, 1, 1, 1, 1, 1, 1, 1, 1, 1, 1, 1, 1, 1, 1, 1, 1, 1, 1, 1, 1, 1, 1, 1, 1, 1, 1, 1, 1, 1, 1, 1
chatcmpl-8wTGBVtSSVoyT84zxNOcISqn6JcoB, 2, 1, 1, 1, 2, 2, 1, 2, 1, 2, 2, 2, 1, 2, 1, 1, 1, 2, 1, 1, 1, 2, 1, 2, 1, 1, 1, 1, 2, 1, 1, 2, 1, 1, 1, 1, 1, 1, 1, 1, 1, 2
chatcmpl-8wTGTGsBkwgDK648nDMA43LlskPJT, 2, 1, 2, 1, 2, 2, 1, 3, 2, 2, 2, 1, 1, 2, 1, 2, 1, 1, 1, 1, 1, 3, 1, 2, 1, 1, 2, 1, 2, 1, 2, 2, 2, 1, 2, 1, 1, 1, 2, 1, 1, 2
chatcmpl-8wTGq6prhWEgbrbqkezttaRzoiEC7, 2, 1, 2, 1, 3, 2, 1, 3, 2, 2, 2, 1, 1, 2, 1, 2, 2, 1, 1, 1, 2, 3, 1, 2, 1, 1, 2, 1, 2, 2, 3, 2, 3, 1, 2, 1, 2, 1, 2, 1, 1, 3
chatcmpl-8wTH7c3WdPPlUTdulGBTMyZvG2fnL, 2, 1, 2, 1, 3, 2, 1, 3, 2, 2, 2, 3, 2, 2, 1, 2, 2, 2, 1, 1, 2, 3, 1, 2, 1, 2, 2, 1, 2, 1, 3, 2, 2, 2, 2, 1, 2, 2, 2, 1, 1, 3
chatcmpl-8wTHUogD4K0qr20CvqG5RmOLbnrEx, 2, 1, 2, 1, 3, 2, 1, 3, 2, 2, 2, 3, 2, 2, 1, 2, 1, 2, 1, 1, 1, 3, 1, 2, 2, 2, 2, 1, 2, 1, 3, 2, 3, 1, 2, 1, 1, 1, 2, 1, 1, 3
chatcmpl-8wTHnkeOyd1lnK19FjnHSrDJhca25, 2, 1, 2, 1, 3, 2, 1, 3, 2, 2, 2, 2, 2, 2, 1, 2, 2, 2, 1, 1, 2, 3, 1, 2, 1, 2, 2, 1, 2, 1, 2, 2, 2, 2, 2, 1, 2, 2, 2, 1, 1, 2
chatcmpl-8wTI7BlL5cROdKO2IAQ8GSYxzrfjI, 1, 1, 2, 1, 2, 2, 1, 2, 1, 2, 2, 2, 2, 2, 1, 2, 1, 2, 1, 1, 1, 2, 1, 2, 1, 2, 2, 1, 2, 1, 2, 2, 2, 1, 2, 1, 1, 1, 1, 1, 1, 2
chatcmpl-8wTITFUQWdnoMgravoqcZOqA4V0am, 2, 1, 1, 1, 2, 2, 1, 3, 1, 1, 2, 1, 1, 2, 1, 1, 1, 1, 1, 1, 1, 2, 1, 1, 1, 1, 2, 1, 1, 1, 1, 2, 1, 1, 2, 1, 1, 1, 1, 1, 1, 2
chatcmpl-8wTIjrUgJq9sWDALhG4pK4ITdtVKD, 2, 1, 2, 1, 3, 2, 1, 2, 1, 2, 2, 3, 1, 2, 1, 1, 1, 2, 1, 1, 2, 3, 1, 2, 1, 1, 2, 1, 2, 1, 2, 2, 3, 1, 2, 1, 2, 1, 2, 1, 1, 2
chatcmpl-8wTJ0Dfmg77BPxGe4KvIjQwIpupsE, 2, 1, 2, 1, 3, 2, 1, 3, 2, 2, 2, 3, 2, 2, 1, 2, 1, 2, 1, 1, 2, 3, 1, 2, 1, 2, 2, 1, 2, 2, 2, 2, 2, 1, 2, 1, 2, 1, 2, 1, 1, 2
chatcmpl-8wTJNabKsXZ1tJUKeHxJpewLJaLKo, 2, 2, 3, 1, 2, 2, 1, 3, 2, 2, 2, 3, 2, 1, 1, 2, 2, 2, 1, 1, 2, 3, 1, 2, 2, 2, 2, 1, 2, 1, 2, 2, 2, 2, 2, 1, 2, 2, 2, 1, 1, 2
chatcmpl-8wTJju0lP844X7Nh2qpUFqdofjORk, 2, 1, 2, 1, 3, 2, 1, 3, 2, 2, 2, 3, 2, 1, 1, 2, 2, 2, 1, 1, 2, 3, 1, 2, 1, 2, 2, 1, 3, 2, 2, 2, 3, 2, 2, 1, 2, 2, 2, 1, 1, 2
chatcmpl-8wTK2vkHxbHf5TvcgfJOXOWohhQKQ, 2, 2, 2, 1, 3, 2, 1, 3, 2, 2, 2, 3, 1, 2, 1, 2, 2, 2, 1, 1, 2, 3, 1, 2, 1, 2, 2, 1, 2, 1, 2, 2, 2, 2, 2, 1, 2, 2, 2, 1, 1, 3
chatcmpl-8wTKNZGqPezKJsTZXJCdfUsFtl7H9, 2, 1, 2, 1, 3, 2, 1, 2, 1, 2, 2, 2, 1, 2, 1, 2, 1, 2, 1, 1, 2, 2, 1, 2, 1, 1, 2, 1, 2, 2, 2, 2, 2, 1, 2, 1, 2, 2, 2, 1, 1, 2
chatcmpl-8wTKbvhEfhtarEbZURJE8TkznSCOk, 2, 1, 1, 1, 2, 2, 1, 2, 2, 1, 2, 2, 1, 2, 1, 1, 1, 2, 1, 1, 1, 2, 1, 1, 1, 1, 2, 1, 2, 1, 1, 2, 2, 1, 2, 1, 1, 1, 2, 1, 1, 1
chatcmpl-8wTKxzPE7DG2CXvbZaB8ZCJtUs4yY, 2, 1, 2, 1, 3, 2, 1, 3, 2, 2, 2, 3, 2, 2, 1, 2, 2, 2, 1, 1, 2, 3, 1, 2, 2, 2, 2, 1, 2, 2, 2, 2, 3, 2, 2, 1, 2, 2, 2, 1, 1, 3
chatcmpl-8wTLHPkag5dNk323728uehLX7Q8Bo, 2, 2, 2, 1, 3, 2, 1, 3, 2, 2, 2, 3, 2, 2, 1, 2, 1, 2, 1, 1, 2, 3, 1, 2, 1, 2, 2, 1, 2, 1, 2, 2, 3, 1, 2, 1, 2, 2, 2, 1, 1, 2
chatcmpl-8wTLgU3fSzQVJCB7OHN9O0uEbOWR9, 2, 1, 2, 1, 3, 2, 1, 3, 2, 2, 2, 2, 2, 1, 1, 2, 1, 2, 1, 1, 2, 3, 1, 2, 1, 2, 2, 1, 2, 1, 2, 2, 2, 1, 2, 1, 2, 1, 2, 1, 1, 2
chatcmpl-8wTLz9kkkBcu0Bi9CkiiAgSlIpXTT, 2, 1, 2, 1, 3, 2, 1, 3, 2, 2, 2, 3, 2, 2, 1, 2, 1, 2, 1, 1, 2, 3, 1, 2, 1, 2, 2, 2, 3, 2, 2, 2, 3, 1, 2, 1, 2, 1, 2, 1, 1, 3
chatcmpl-8wTMFYwTfsFHznIRQ9quvIjKYEo4P, 1, 1, 2, 1, 2, 2, 1, 3, 2, 2, 2, 1, 2, 2, 1, 2, 1, 1, 1, 1, 2, 3, 1, 2, 1, 2, 1, 1, 2, 1, 2, 1, 2, 1, 1, 1, 2, 1, 1, 1, 1, 2
chatcmpl-8wTMfwQZv2kdPGe7I0snusAYZtEua, 2, 1, 2, 1, 3, 2, 1, 3, 2, 2, 2, 2, 2, 2, 1, 2, 2,1, 1, 1, 2, 3, 1, 2, 1, 2, 2, 2, 2, 2, 3, 2, 2, 2, 2, 1, 2, 3, 2, 2, 1, 2
chatcmpl-8wTN2iGBqMKC8hgMI3CAFgmao3SDr, 2, 1, 2, 1, 2, 1, 1, 3, 1, 2, 2, 2, 1, 2, 1, 1, 1, 1, 1, 1, 2, 2, 1, 2, 1, 1, 2, 1, 2, 1, 2, 2, 1, 1, 2, 1, 2, 1, 2, 1, 1, 2
chatcmpl-8wTNLlYJVf0WZWjBcG3USnuzGzHkM, 2, 1, 1, 1, 2, 2, 1, 3, 2, 1, 2, 1, 1, 2, 1, 1, 1, 2, 1, 1, 1, 2, 1, 1, 1, 1, 1, 1, 2, 1, 1, 2, 1, 1, 2, 1, 1, 1, 1, 1, 1, 2
chatcmpl-8wTNag1iOyK7SykbG9v45R1TBE69Z, 2, 2, 2, 1, 2, 2, 1, 3, 2, 2, 2, 2, 2, 2, 1, 2, 1, 1, 1, 1, 2, 2, 1, 2, 1, 2, 1, 1, 2, 1, 2, 2, 2, 1, 2, 1, 2, 1, 2, 1, 1, 2
chatcmpl-8wTNpc8B7cwEwCpM4r2f8nHIDcRm6, 1, 1, 1, 1, 2, 1, 1, 2, 1, 1, 1, 1, 1, 1, 1, 1, 1, 1, 1, 1, 1, 2, 1, 1, 1, 1, 1, 1, 1, 1, 1, 1, 1, 1, 1, 1, 1, 1, 1, 1, 1, 2
chatcmpl-8wTODgrQjKM17s8vrOMINod89rmzS, 2, 1, 1, 1, 2, 2, 1, 3, 2, 1, 2, 2, 1, 2, 1, 1, 1, 2, 1, 1, 1, 3, 1, 2, 1, 1, 2, 1, 2, 1, 1, 2, 2, 1, 2, 1, 1, 1, 2, 1, 1, 2
chatcmpl-8wTOWS0LXUxbTZEOwWaTPyGRHQiiF, 2, 1, 2, 1, 2, 2, 1, 3, 2, 2, 2, 3, 2, 2, 1, 2, 2, 2, 1, 1, 1, 2, 1, 2, 1, 2, 2, 1, 2, 1, 2, 2, 2, 2, 2, 1, 2, 1, 2, 1, 1, 2
chatcmpl-8wTOnEMT3YOBewUu7rxm9qbKXP9VL, 2, 1, 2, 1, 3, 2, 1, 3, 2, 2, 2, 3, 2, 2, 1, 2, 1, 2, 1, 1, 2, 3, 1, 2, 1, 2, 2, 1, 2, 2, 2, 2, 2, 2, 2, 1, 2, 1, 1, 1, 1, 2
chatcmpl-8wTP4I4nq48JdfiCyNDGevot6X0mm, 2, 1, 2, 1, 3, 2, 2, 3, 2, 2, 2, 2, 1, 2, 1, 2, 1, 2, 1, 1, 2, 3, 1, 2, 1, 1, 2, 1, 2, 1, 2, 2, 2, 1, 2, 1, 2, 1, 2, 1, 1, 2
chatcmpl-8wTPKFmxfJvsEwYtHMK7rKImzwqBt, 2, 1, 2, 1, 3, 2, 1, 3, 2, 2, 2, 3, 2, 2, 1, 2, 1, 2, 1, 1, 2, 3, 1, 2, 1, 2, 2, 1, 3, 2, 2, 2, 3, 1, 2, 1, 2, 2, 2, 1, 1, 3
chatcmpl-8wTPahqGRGw4nDzDca4Fr2wKdp0rE, 2, 1, 2, 1, 3, 2, 1, 3, 2, 2, 2, 2, 2, 2, 1, 2, 1, 1, 1, 1, 1, 2, 1, 2, 1, 2, 2, 1, 2, 1, 2, 3, 3, 1, 3, 1, 2, 1, 2, 1, 1, 2
chatcmpl-8wTPuRjAO1gYG3Uj2YIE17zHPnpzo, 2, 1, 2, 1, 3, 2, 1, 3, 2, 2, 2, 3, 2, 2, 1, 2, 2, 2, 1, 1, 2, 3, 1, 2, 1, 2, 2, 1, 2, 1, 2, 2, 3, 2, 2, 1, 2, 2, 2, 1, 1, 2
chatcmpl-8wTQI9zsK3dd4vejo1pdCZPY9HtJo, 1, 1, 1, 1, 2, 2, 1, 3, 2, 1, 2, 1, 1, 2, 1, 1, 1, 2, 1, 1, 1, 2, 1, 1, 1, 1, 2, 1, 2, 1, 1, 2, 2, 1, 2, 1, 1, 1, 2, 1, 1, 1
chatcmpl-8wTQeemljboRVARxVetM0AKleACvl, 2, 1, 2, 1, 3, 2, 1, 3, 2, 2, 2, 3, 2, 2, 1, 2, 1, 2, 1, 1, 2, 3, 1, 2, 1, 2, 2, 1, 2, 1, 2, 2, 3, 1, 2, 1, 2, 2, 3, 1, 1, 3
chatcmpl-8wTQueTeNu8eRXgknevtW01szYDcc, 2, 2, 2, 1, 2, 2, 1, 3, 1, 1, 2, 2, 1, 2, 1, 2, 1, 2, 1, 1, 1, 3, 1, 2, 1, 1, 2, 1, 2, 1, 2, 2, 2, 1, 2, 1, 1, 1, 2, 1, 1, 2
chatcmpl-8wTRJUWOZYa3wDXnDz9wq94EBcfDt, 2, 1, 2, 1, 3, 2, 1, 2, 1, 2, 2, 2, 2, 2, 1, 2, 2, 2, 1, 1, 2, 2, 1, 2, 1, 2, 2, 1, 2, 1, 2, 2, 2, 2, 2, 1, 2, 2, 1, 1, 1, 2
chatcmpl-8wTRbhgEGImwgK01atkvntWbgpAvj, 2, 1, 2, 1, 3, 2, 1, 3, 2, 2, 2, 1, 2, 2, 1, 2, 2, 2, 1, 1, 2, 3, 1, 2, 1, 2, 2, 1, 3, 2, 2, 2, 2, 2, 2, 1, 2, 2, 2, 1, 1, 2
chatcmpl-8wTRsxkQxTbGuE2mB8m6mVWsg29gj, 2, 1, 1, 1, 2, 2, 1, 2, 1, 1, 2, 2, 1, 2, 1, 1, 1, 2, 1, 1, 1, 2, 1, 2, 1, 1, 1, 1, 2, 1, 1, 2, 2, 1, 2, 1, 1, 1, 2, 1, 1, 1
chatcmpl-8wTS7NSLkLNmjNRwVTkRlpehAjAbH, 2, 2, 1, 1, 3, 2, 1, 2, 1, 1, 2, 2, 1, 2, 1, 1, 1, 2, 1, 1, 1, 2, 1, 1, 1, 1, 2, 1, 2, 1, 1, 2, 2, 1, 2, 1, 1, 1, 2, 1, 1, 2
chatcmpl-8wTST2rksO05KA28CTGuF2zOMgS2c, 2, 2, 2, 1, 3, 2, 2, 3, 2, 2, 2, 2, 2, 2, 1, 2, 2, 2, 1, 1, 1, 2, 1, 2, 2, 2, 2, 2, 3, 2, 2, 2, 2, 2, 2, 1, 2, 2, 2, 2, 1, 2
chatcmpl-8wTSmNon3csF9ifgMkOfjXikXehQy, 2, 1, 2, 1, 3, 2, 1, 3, 2, 2, 2, 2, 1, 2, 1, 2, 1, 2, 1, 1, 2, 3, 1, 2, 1, 1, 2, 1, 3, 1, 2, 2, 2, 1, 2, 1, 2, 1, 2, 1, 1, 2
chatcmpl-8wTT467B4hLF101DIoQk5l7DrNOZe, 2, 1, 2, 1, 3, 2, 1, 2, 2, 2, 2, 2, 1, 2, 1, 2, 1, 2, 1, 1, 1, 2, 1, 2, 1, 1, 2, 1, 2, 1, 2, 2, 2, 1, 2, 1, 1, 1, 2, 1, 1, 2
chatcmpl-8wTZB78cBJvq17rpgEM1O20Hyzxns, 2, 1, 1, 1, 2, 2, 1, 3, 2, 1, 2, 2, 1, 2, 1, 1, 1, 2, 1, 1, 1, 2, 1, 2, 1, 1, 2, 1, 2, 1, 1, 2, 2, 1, 2, 1, 1, 1, 2, 1, 1, 2
chatcmpl-8wTZWYD1iMW89gfxh0sE2ErTbgGMG, 2, 1, 1, 1, 3, 2, 1, 3, 2, 1, 2, 3, 2, 2, 1, 2, 1, 2, 1, 1, 1, 3, 1, 2, 1, 2, 2, 1, 3, 2, 3, 2, 2, 1, 2, 1, 1, 2, 2, 1, 1, 3
chatcmpl-8wTZmz0cfSn7fcLzBlKzBUvFqx44z, 1, 2, 1, 1, 2, 2, 1, 2, 1, 2, 2, 2, 1, 2, 1, 1, 1, 1, 1, 1, 1, 2, 1, 1, 1, 1, 1, 1, 2, 1, 2, 2, 2, 1, 2, 1, 1, 1, 2, 2, 1, 2
chatcmpl-8wTa8Y9gKvETVY431f8JYFKhv2Pf1, 2, 1, 1, 1, 2, 2, 1, 3, 2, 2, 2, 2, 1, 2, 1, 2, 1, 2, 1, 1, 1, 2, 1, 2, 1, 1, 2, 2, 2, 2, 2, 2, 2, 1, 2, 1, 1, 1, 2, 2, 1, 2
chatcmpl-8wTaWMRxsTDxTpMfrMGB8DdKj3rzv, 2, 1, 2, 1, 3, 2, 1, 3, 2, 2, 2, 1, 1, 2, 1, 2, 1, 2, 1, 1, 1, 2, 1, 2, 1, 1, 2, 1, 2, 1, 2, 2, 2, 1, 2, 1, 1, 1, 2, 1, 1, 2
chatcmpl-8wTapWT2EDyX2zzAO7IxXeRGMh8nh, 2, 1, 2, 1, 3, 2, 1, 3, 1, 2, 2, 2, 2, 2, 1, 2, 1, 2, 1, 1, 2, 2, 1, 2, 1, 2, 2, 1, 2, 1, 3, 2, 2, 1, 2, 1, 2, 2, 2, 1, 1, 2
chatcmpl-8wTb8c1RyK3NehTwfXXSOTT285mWm, 2, 1, 2, 1, 2, 2, 1, 3, 2, 2, 2, 2, 2, 2, 1, 2, 1, 2, 1, 1, 2, 2, 1, 2, 1, 2, 2, 1, 2, 2, 2, 1, 2, 1, 1, 1, 2, 2, 2, 1, 1, 2
chatcmpl-8wTbPqLnNnW998EbWrbCdl0Pgx8nX, 2, 1, 2, 1, 2, 2, 1, 3, 2, 2, 2, 3, 1, 2, 1, 2, 1, 2, 1, 1, 1, 3, 1, 2, 1, 1, 2, 1, 2, 2, 2, 2, 2, 1, 2, 1, 1, 1, 2, 1, 1, 2
chatcmpl-8wTbim0Kr1DX1CEcfsSXiKEGrcZR6, 1, 1, 1, 1, 2, 2, 1, 2, 1, 2, 2, 2, 1, 2, 1, 1, 1, 2, 1, 1, 1, 2, 1, 2, 1, 1, 2, 1, 2, 1, 2, 2, 2, 1, 2, 1, 1, 1, 2, 1, 1, 2
chatcmpl-8wTc07zaBvJYQO2vIeYDQgsoKxGFO, 2, 1, 2, 1, 3, 2, 1, 3, 2, 2, 2, 2, 2, 2, 1, 2, 2, 2, 1, 1, 2, 3, 1, 2, 1, 2, 2, 1, 2, 1, 2, 2, 2, 2, 2, 1, 2, 2, 2, 1, 1, 3
chatcmpl-8wTcKiRUV77Svj26Py17dIyXDCXcN, 2, 1, 2, 1, 2, 2, 1, 3, 2, 2, 2, 2, 1, 2, 1, 1, 1, 2, 1, 1, 1, 2, 1, 2, 1, 1, 2, 1, 2, 1, 2, 2, 2, 1, 2, 1, 1, 1, 2, 1, 1, 2
chatcmpl-8wTccsoWHe4q2hwjZMIk9CyujbbX7, 2, 1, 1, 1, 3, 2, 1, 3, 2, 2, 2, 2, 1, 2, 1, 1, 1, 2, 1, 1, 2, 3, 1, 2, 1, 1, 2, 2, 3, 2, 2, 2, 3, 1, 2, 1, 2, 1, 2, 2, 1, 2
chatcmpl-8wTeeN0ZrSCIjiW8DRoXmfONltKpH, 2, 1, 2, 1, 3, 2, 1, 3, 2, 2, 2, 3, 2, 2, 1, 2, 2, 2, 1, 1, 1, 3, 1, 2, 1, 2, 2, 1, 2, 1, 3, 2, 3, 2, 2, 1, 2, 1, 2, 1, 1, 3
chatcmpl-8wTeyqhjaTYiV8edL6XiHBxty9U1y, 2, 1, 2, 1, 2, 2, 1, 3, 2, 2, 2, 1, 1, 2, 1, 1, 1, 2, 1, 1, 1, 2, 1, 2, 1, 1, 2, 1, 2, 1, 1, 2, 1, 1, 2, 1, 1, 1, 2, 1, 1, 2
chatcmpl-8wTfEbJL1v3JEe5xlDRTOcyVHxOvW, 2, 2, 2, 1, 3, 2, 1, 3, 2, 2, 2, 2, 2, 2, 1, 2, 2, 2, 2, 1, 2, 3, 1, 2, 1, 2, 2, 2, 3, 2, 2, 2, 3, 2, 2, 2, 2, 2, 2, 2, 1, 2
chatcmpl-8wTfcytibgirkxSVcgXIW45HtLiu5, 2, 2, 2, 1, 3, 2, 1, 3, 2, 2, 2, 2, 2, 2, 1, 2, 2, 2, 1, 1, 2, 2, 1, 2, 1, 2, 2, 2, 3, 1, 2, 2, 2, 2, 2, 1, 2, 2, 2, 1, 1, 2
chatcmpl-8wTfzE2Y4b0vixndWh3tVVppjSW7t, 2, 1, 2, 1, 2, 2, 1, 3, 2, 2, 2, 2, 1, 2, 1, 1, 1, 2, 1, 1, 2, 2, 1, 2, 1, 1, 2, 1, 2, 1, 2, 1, 2, 1, 1, 1, 1, 1, 1, 1, 1, 1
chatcmpl-8wTgLR0DOlMp5GTpAFIZHc9GUnz5J, 1, 2, 2, 1, 3, 2, 1, 3, 2, 2, 2, 1, 2, 2, 1, 2, 1, 2, 1, 1, 2, 3, 1, 2, 1, 2, 2, 1, 2, 1, 2, 2, 2, 1, 2, 1, 2, 1, 2, 1, 1, 2
chatcmpl-8wTggufYVbzWA3V72BQWU4hmdHptq, 2, 1, 2, 1, 3, 2, 1, 3, 2, 2, 2, 2, 1, 2, 1, 2, 1, 2, 1, 1, 1, 2, 1, 2, 1, 1, 2, 1, 2, 1, 2, 2, 2, 1, 2, 1, 1, 1, 2, 1, 1, 2
chatcmpl-8wTh82gXuYvTmSPu9R5vB3MKDnqMf, 2, 1, 2, 1, 3, 2, 1, 3, 2, 1, 2, 2, 1, 2, 1, 2, 1, 2, 1, 1, 1, 3, 1, 2, 1, 1, 2, 1, 3, 1, 2, 2, 2, 1, 2, 1, 1, 1, 2, 1, 1, 2
chatcmpl-8wThVFp2Qn4C5wALJaERbucIyKotG, 2, 1, 2, 1, 3, 2, 1, 3, 2, 2, 2, 2, 1, 2, 1, 1, 1, 2, 1, 1, 2, 2, 1, 2, 1, 1, 2, 1, 2, 1, 2, 2, 2, 1, 2, 1, 2, 2, 2, 1, 1, 2
chatcmpl-8wThm69r0J3whjK6Faw8hY93xyvBy, 2, 1, 2, 1, 3, 2, 1, 3, 2, 2, 2, 2, 2, 2, 1, 2, 2, 2, 1, 1, 2, 3, 1, 2, 1, 2, 2, 1, 2, 2, 2, 2, 2, 2, 2, 1, 2, 2, 2, 1, 1, 2
chatcmpl-8wTi7yYkLtBOjsmo13qGMKxYnQThP, 1, 1, 2, 1, 2, 2, 1, 2, 1, 2, 2, 2, 1, 2, 1, 1, 1, 2, 1, 1, 2, 1, 1, 1, 1, 1, 1, 1, 1, 1, 1, 1, 1, 1, 1, 1, 1, 1, 1, 1, 1, 1
chatcmpl-8wTiQZIgOq7GCZ6S88sJ426mXWbMb, 2, 1, 2, 1, 3, 2, 1, 3, 2, 2, 2, 2, 2, 2, 1, 2, 2, 2, 1, 1, 2, 3, 1, 2, 1, 2, 2, 1, 2, 2, 3, 2, 2, 2, 2, 1, 2, 2, 2, 1, 1, 2
chatcmpl-8wTil2SBIybOV3dGVI576MJQoRgju, 2, 1, 2, 1, 3, 2, 1, 3, 2, 2, 2, 2, 2, 2, 1, 2, 2, 2, 1, 1, 2, 2, 1, 2, 1, 2, 2, 1, 2, 1, 2, 1, 2, 1, 1, 1, 2, 1, 2, 1, 1, 2
chatcmpl-8wTj4ZiECwPCnQ0i4V9XWIWuUiMKL, 2, 1, 2, 1, 3, 2, 1, 3, 2, 2, 2, 2, 1, 2, 1, 2, 1, 2, 1, 1, 2, 3, 1, 2, 1, 1, 2, 1, 2, 2, 2, 2, 2, 1, 2, 1, 2, 1, 2, 1, 1, 2
chatcmpl-8wTjKyxd2vQAAwsPpimmLlE4werlZ, 2, 2, 2, 1, 3, 2, 1, 3, 2, 2, 2, 2, 2, 2, 1, 2, 2, 2, 1, 1, 2, 3, 1, 2, 1, 2, 2, 1, 3, 2, 2, 2, 3, 2, 2, 1, 2, 2, 2, 1, 1, 2
chatcmpl-8wTjgr6Xhg10kT4iuFKTgO1IIpRti, 2, 1, 2, 1, 3, 2, 1, 3, 2, 2, 2, 3, 2, 2, 1, 2, 2, 2, 1, 1, 2, 3, 1, 2, 1, 2, 2, 1, 2, 1, 2, 2, 2, 2, 2, 1, 2, 2, 2, 1, 1, 3
chatcmpl-8wTk00YhTC3bpqgqUZTCmWNVSp0WL, 1, 1, 1, 1, 2, 2, 1, 2, 1, 1, 1, 2, 1, 2, 1, 1, 1, 2, 1, 1, 1, 2, 1, 1, 1, 1, 1, 1, 2, 1, 1, 2, 1, 1, 2, 1, 1, 1, 1, 1, 1, 1
chatcmpl-8wTkONZWLfcdNoPbRq6awW4uxHbfV, 2, 1, 2, 1, 2, 2, 1, 3, 2, 1, 2, 2, 1, 2, 1, 2, 2, 1, 1, 1, 1, 3, 1, 2, 1, 1, 2, 1, 2, 1, 2, 2, 2, 2, 2, 1, 1, 1, 2, 1, 1, 2
chatcmpl-8wTkgkAXt3hGuBU0b6N7kx1nvtcLV, 2, 1, 2, 1, 3, 2, 1, 3, 2, 2, 2, 2, 1, 2, 1, 1, 1, 2, 1, 1, 1, 2, 1, 2, 1, 1, 2, 1, 2, 1, 2, 2, 2, 1, 2, 1, 1, 1, 2, 1, 1, 2
chatcmpl-8wTkyfoImeOytAOUpL0AeCEz0vhZl, 2, 1, 2, 1, 2, 2, 1, 2, 2, 2, 2, 2, 2, 2, 1, 2, 2, 1, 1, 1, 2, 2, 1, 2, 1, 2, 2, 1, 2, 1, 2, 2, 2, 2, 2, 1, 2, 2, 2, 1, 1, 2
chatcmpl-8wTlGjqMYfLeylcXxU9WWSaI9qh5U, 2, 1, 2, 1, 3, 2, 1, 3, 2, 2, 2, 3, 2, 2, 1, 2, 1, 2, 1, 1, 2, 3, 1, 2, 1, 2, 2, 1, 2, 2, 2, 2, 3, 1, 2, 1, 2, 1, 2, 1, 1, 2
chatcmpl-8wTlmv4cEMPOh7ilSlTgeZyAIkTNh, 2, 1, 1, 1, 2, 2, 1, 3, 2, 1, 2, 2, 1, 2, 1, 1, 1, 2, 1, 1, 1, 2, 1, 1, 1, 1, 2, 1, 2, 1, 1, 2, 2, 1, 2, 1, 1, 1, 2, 1, 1, 2
chatcmpl-8wTm6rQBmIpXM0AetfvFsmrGioVkb, 2, 1, 2, 1, 3, 2, 1, 3, 2, 2, 2, 2, 2, 2, 1, 2, 2, 2, 1, 1, 2, 3, 1, 2, 1, 2, 2, 1, 3, 2, 2, 2, 2, 2, 2, 1, 2, 2, 2, 2, 1, 2
chatcmpl-8wTmbvLcbXCxr3AxXSy5WaRT9SYGW, 2, 1, 2, 1, 3, 2, 1, 3, 2, 1, 2, 2, 1, 1, 1, 2, 1, 1, 1, 1, 1, 2, 1, 2, 1, 1, 2, 1, 2, 1, 2, 2, 2, 1, 2, 1, 1, 1, 1, 1, 1, 3
chatcmpl-8wTmxY0WXNMzzb8aYc5TCFEygsVqC, 2, 2, 2, 1, 3, 2, 1, 3, 2, 2, 2, 3, 2, 2, 1, 2, 2, 2, 1, 2, 1, 3, 1, 2, 2, 2, 2, 1, 3, 2, 2, 2, 3, 2, 2, 1, 2, 2, 2, 1, 1, 2
chatcmpl-8wTnGqiifY9IxlR1JtGc2o7zwEDme, 2, 1, 2, 1, 3, 2, 1, 3, 2, 2, 2, 2, 2, 2, 1, 2, 1, 2, 1, 1, 2, 2, 1, 2, 1, 2, 2, 1, 2, 1, 2, 2, 2, 1, 2, 1, 2, 1, 2, 1, 1, 2
chatcmpl-8wTnbSwkCTR6XN2Z3t6KkZL6LyqRa, 1, 1, 1, 1, 2, 1, 1, 2, 1, 1, 1, 1, 1, 1, 1, 1, 1, 1, 1, 1, 1, 2, 1, 1, 1, 1, 1, 1, 1, 1, 1, 1, 1, 1, 1, 1, 1, 1, 1, 1, 1, 1
chatcmpl-8wTnvzjZR9TLuV6a3qklIL55L79He, 2, 1, 2, 1, 3, 2, 1, 3, 3, 2, 2, 3, 2, 2, 1, 2, 2, 2, 1, 1, 2, 3, 1, 2, 1, 2, 2, 2, 3, 2, 2, 2, 2, 2, 2, 1, 2, 2, 2, 2, 1, 2
chatcmpl-8wToGsunpkPqJX3K3pyhtsnhUqCd4, 2, 1, 1, 1, 2, 2, 1, 3, 1, 1, 1, 1, 1, 2, 1, 1, 1, 1, 1, 1, 1, 3, 1, 1, 1, 1, 1, 1, 2, 1, 1, 2, 1, 1, 2, 1, 1, 1, 1, 1, 1, 1
chatcmpl-8wTocAoSLg1YDJSo0fPv7vluvyIWw, 2, 1, 2, 1, 3, 2, 1, 3, 2, 2, 2, 1, 1, 2, 1, 2, 1, 2, 1, 1, 2, 3, 1, 2, 1, 1, 2, 1, 3, 2, 2, 2, 2, 1, 2, 1, 2, 1, 2, 1, 1, 2
chatcmpl-8wTowKBWFUKS1vnExtKZa8gkZhkO6, 2, 1, 1, 1, 3, 2, 1, 3, 2, 2, 2, 2, 1, 2, 1, 1, 1, 2, 1, 1, 1, 2, 1, 2, 1, 1, 2, 2, 2, 2, 2, 2, 2, 1, 2, 1, 1, 1, 2, 1, 1, 2
chatcmpl-8wTpEEX8Y5two4mn3JPv4q9NIz1Hg, 2, 1, 1, 1, 2, 2, 1, 2, 2, 1, 2, 2, 1, 2, 1, 1, 1, 2, 1, 1, 1, 2, 1, 1, 1, 1, 2, 1, 2, 1, 1, 2, 2, 1, 2, 1, 1, 1, 2, 1, 1, 1
chatcmpl-8wTpePv9xtqnatAA1ry8CD5BNHGRP, 1, 2, 1, 1, 2, 2, 1, 3, 2, 1, 2, 2, 1, 2, 1, 1, 1, 2, 1, 1, 1, 2, 1, 1, 1, 1, 2, 1, 2, 1, 1, 2, 2, 1, 2, 1, 1, 1, 2, 1, 1, 2
chatcmpl-8wTpy1WRmFQBJnfogzRAPNXWBjCqf, 2, 1, 2, 1, 2, 2, 1, 3, 2, 2, 2, 3, 2, 2, 1, 2, 2, 2, 1, 1, 2, 2, 1, 2, 1, 2, 2, 1, 2, 2, 2, 2, 2, 2, 2, 1, 2, 2, 2, 1, 1, 2
chatcmpl-8wTqFCInVhcZnL6OPbIYcKHzl33M9, 2, 1, 2, 1, 3, 2, 1, 2, 2, 2, 2, 3, 2, 3, 1, 2, 2, 2, 1, 1, 2, 3, 1, 2, 1, 2, 2, 1, 3, 2, 2, 2, 3, 2, 2, 1, 2, 2, 3, 1, 1, 3
chatcmpl-8wTzrJdRlUZ66MlnSPpWq1LRZAeJS, 2, 1, 2, 1, 2, 2, 1, 3, 1, 1, 2, 2, 2, 2, 1, 2, 1, 1, 1, 1, 1, 2, 1, 2, 1, 2, 2, 1, 2, 1, 2, 1, 2, 1, 1, 1, 1, 1, 2, 1, 1, 2
chatcmpl-8wU097hmQFdjfniBZf7kinGBIE0Ci, 2, 1, 2, 1, 3, 2, 1, 3, 2, 2, 2, 2, 2, 2, 1, 2, 2, 2, 1, 1, 2, 3, 1, 2, 1, 2, 2, 1, 2, 1, 2, 2, 2, 2, 2, 1, 2, 2, 2, 1, 1, 3
chatcmpl-8wU0Qw1kr1uPRI05iVZvW7SWoct76, 2, 1, 1, 1, 2, 2, 1, 3, 1, 1, 2, 2, 1, 2, 1, 1, 1, 2, 1, 1, 1, 2, 1, 1, 1, 1, 2, 1, 2, 1, 1, 2, 2, 1, 2, 1, 1, 1, 2, 1, 1, 1
chatcmpl-8wU0k0uD61pig9ofQq90pKgDS5wv2, 2, 1, 2, 1, 3, 2, 1, 3, 2, 1, 1, 2, 1, 1, 1, 2, 1, 1, 1, 1, 1, 2, 1, 2, 1, 1, 1, 1, 2, 1, 2, 2, 2, 1, 2, 1, 1, 1, 2, 1, 1, 2
chatcmpl-8wU14ZYapgmXhJ5Ddr0GGf7k8Iix4, 1, 2, 2, 1, 3, 2, 1, 3, 2, 2, 2, 2, 2, 2, 1, 2, 2, 1, 1, 1, 2, 3, 1, 2, 2, 2, 2, 1, 2, 1, 2, 2, 2, 2, 2, 1, 2, 1, 2, 2, 1, 2
chatcmpl-8wU1XEOH1ytnuquj76YrU74zBlOKv, 2, 1, 2, 1, 3, 2, 1, 3, 2, 2, 2, 3, 2, 1, 1, 2, 2, 2, 1, 1, 2, 3, 1, 2, 1, 2, 2, 1, 3, 2, 3, 2, 3, 2, 2, 1, 2, 2, 2, 1, 1, 3
chatcmpl-8wU1mQ7uRTlqq0NHThayBbDFv3j1o, 1, 1, 1, 1, 2, 2, 1, 2, 2, 1, 2, 2, 1, 3, 1, 1, 1, 2, 1, 1, 1, 2, 1, 1, 1, 1, 2, 2, 2, 1, 1, 2, 2, 1, 2, 1, 1, 1, 2, 1, 1, 2
chatcmpl-8wU28VW7IKmJY3V7BGATd10bLOplI, 2, 1, 2, 1, 3, 2, 1, 3, 3, 2, 2, 3, 1, 2, 1, 2, 1, 2, 1, 1, 2, 3, 1, 2, 1, 1, 2, 1, 3, 2, 3, 2, 3, 1, 2, 1, 2, 1, 2, 1, 1, 2
chatcmpl-8wU2O23E9MlZAv3Q1mrBCeTSQdJJb, 2, 1, 2, 1, 3, 2, 1, 3, 2, 1, 2, 2, 2, 2, 1, 2, 1, 2, 1, 1, 1, 2, 1, 2, 1, 2, 2, 1, 2, 1, 2, 2, 2, 1, 2, 1, 1, 1, 2, 1, 1, 2
chatcmpl-8wU2kNRijh157W4fTT9KuX57LEy7A, 2, 2, 2, 1, 3, 2, 1, 3, 2, 2, 2, 3, 2, 2, 1, 2, 2, 2, 1, 1, 2, 3, 1, 2, 1, 2, 2, 1, 2, 1, 2, 2, 3, 2, 2, 1, 2, 2, 2, 1, 1, 2
chatcmpl-8wU33Npd6LZzpGzql84F3YzQTgam3, 2, 1, 2, 1, 3, 2, 1, 3, 2, 2, 2, 2, 1, 2, 1, 2, 1, 2, 1, 1, 2, 3, 1, 2, 1, 2, 2, 1, 3, 1, 2, 2, 2, 1, 2, 1, 2, 2, 2, 1, 1, 2
chatcmpl-8wU3KLAmbsfpcf4qnSzcSLGTXI3De, 2, 1, 2, 1, 3, 2, 1, 3, 2, 2, 2, 2, 1, 2, 1, 2, 1, 2, 1, 1, 2, 3, 1, 2, 1, 1, 2, 1, 3, 1, 2, 2, 2, 1, 2, 1, 2, 1, 2, 1, 1, 3
chatcmpl-8wU3ZGTn9YhRdAcGWRfUyTn72RntB, 2, 1, 2, 1, 2, 3, 1, 2, 2, 2, 2, 3, 2, 2, 1, 2, 2, 2, 1, 1, 2, 2, 1, 2, 2, 2, 3, 2, 2, 2, 2, 2, 3, 2, 2, 2, 2, 2, 2, 2, 1, 2
chatcmpl-8wU3skJI3shjU5rLIIgz96ODRvW95, 2, 2, 2, 1, 2, 2, 1, 3, 2, 2, 2, 2, 1, 2, 1, 2, 1, 2, 1, 1, 1, 2, 1, 2, 1, 1, 2, 1, 2, 2, 2, 2, 2, 1, 2, 1, 1, 1, 2, 1, 1, 2
chatcmpl-8wU4CPp0wbp8BmdJ0RGhVKA6TRmHc, 2, 1, 2, 1, 3, 2, 1, 3, 2, 2, 2, 2, 2, 2, 1, 2, 2, 1, 1, 1, 2, 3, 1, 2, 1, 2, 1, 1, 2, 2, 2, 2, 3, 1, 2, 1, 2, 2, 2, 1, 1, 2
chatcmpl-8wU4RBtHD5YwttQxoG3zagyUs0Ost, 2, 1, 2, 1, 2, 2, 1, 3, 1, 2, 2, 1, 2, 2, 1, 2, 1, 2, 1, 1, 2, 3, 1, 2, 1, 2, 2, 1, 2, 1, 2, 2, 2, 1, 1, 1, 2, 2, 1, 1, 1, 2
chatcmpl-8wU4jTQOtvpEINgEn20JVAjPv4Xag, 2, 1, 2, 1, 3, 2, 1, 3, 2, 2, 2, 3, 2, 2, 1, 2, 2, 2, 1, 1, 2, 3, 1, 2, 1, 2, 2, 1, 2, 1, 2, 2, 2, 2, 2, 1, 2, 2, 2, 1, 1, 2
chatcmpl-8wU57QX4uLiDxajElPEZUTJsITCnf, 2, 1, 1, 1, 3, 2, 1, 3, 2, 2, 2, 2, 1, 2, 1, 1, 1, 2, 1, 1, 1, 3, 1, 2, 1, 1, 2, 1, 3, 1, 2, 2, 2, 1, 2, 1, 1, 1, 2, 1, 1, 2
chatcmpl-8wU5QdrUn2jjR4XNtClxw4jFZmpIP, 2, 1, 2, 1, 3, 2, 1, 3, 2, 2, 2, 2, 1, 2, 1, 1, 1, 2, 1, 1, 2, 2, 1, 2, 1, 1, 2, 1, 2, 1, 2, 2, 2, 1, 2, 1, 2, 1, 2, 1, 1, 3
chatcmpl-8wU5ov7AgJkdxwb0hkaYEyS6hfk8r, 1, 1, 1, 1, 1, 1, 1, 2, 1, 1, 1, 1, 1, 1, 1, 1, 1, 1, 1, 1, 1, 1, 1, 1, 1, 1, 1, 1, 1, 1, 1, 1, 1, 1, 1, 1, 1, 1, 1, 1, 1, 1
chatcmpl-8wU6AV0JJT5DhqQR7SH56PUnAMOXN, 2, 1, 2, 1, 3, 2, 1, 3, 2, 2, 2, 2, 1, 2, 1, 2, 1, 2, 1, 1, 1, 2, 1, 2, 1, 1, 2, 1, 2, 1, 2, 2, 2, 1, 2, 1, 1, 1, 2, 1, 1, 2
chatcmpl-8wU6QGdDOmG2rfFCWt6dkHKUZ3wn8, 1, 1, 1, 1, 2, 2, 1, 2, 2, 1, 2, 2, 1, 2, 1, 1, 1, 2, 1, 1, 1, 2, 1, 2, 1, 1, 2, 1, 2, 1, 1, 2, 2, 1, 2, 1, 1, 1, 2, 1, 1, 2
chatcmpl-8wU6k7BPWPr8ucvGpSQ2G0bF4cpRD, 2, 1, 1, 1, 2, 2, 1, 2, 1, 1, 2, 2, 1, 2, 1, 1, 1, 1, 1, 1, 1, 2, 1, 1, 1, 1, 2, 1, 2, 1, 1, 2, 2, 1, 2, 1, 1, 1, 2, 1, 1, 2
chatcmpl-8wU73Ts5yqpNxwoC76SkiDN7WqTdu, 2, 1, 2, 1, 3, 2, 1, 3, 2, 2, 2, 2, 1, 2, 1, 2, 1, 2, 1, 1, 2, 3, 1, 2, 1, 1, 2, 1, 2, 1, 2, 2, 2, 1, 2, 1, 2, 1, 2, 1, 1, 2
chatcmpl-8wU7LTi2neCNd0pI070o6s3HHklne, 2, 1, 1, 1, 2, 2, 1, 3, 2, 1, 2, 2, 1, 2, 1, 1, 1, 1, 1, 1, 1, 2, 1, 2, 1, 1, 2, 1, 2, 1, 1, 1, 2, 1, 1, 1, 1, 1, 2, 1, 1, 1
chatcmpl-8wU7ZcdrJedkyCPtVdzU6dSww618A, 2, 1, 2, 1, 3, 2, 1, 3, 2, 1, 2, 3, 2, 2, 1, 1, 1, 2, 1, 1, 1, 3, 1, 2, 1, 2, 2, 1, 3, 1, 3, 2, 2, 1, 2, 1, 2, 1, 2, 1, 1, 3
chatcmpl-8wU7pa0zoNc9zCyBuEXhOYjyR8hgp, 2, 1, 2, 1, 4, 2, 1, 3, 2, 2, 3, 2, 1, 2, 1, 2, 1, 3, 1, 1, 2, 2, 1, 2, 1, 1, 2, 1, 3, 2, 2, 2, 3, 1, 2, 1, 2, 1, 2, 2, 1, 2
chatcmpl-8wU88uvZky7ZleJHVSzyvcLyY9ide, 2, 1, 1, 1, 2, 2, 1, 3, 2, 2, 2, 2, 1, 2, 1, 1, 1, 2, 1, 1, 1, 3, 1, 2, 1, 1, 2, 1, 2, 1, 2, 1, 1, 1, 1, 1, 1, 1, 1, 1, 1, 2
chatcmpl-8wU8SXpnC33QH6MAxON6h5lEDFQ4y, 2, 1, 2, 1, 3, 2, 1, 3, 2, 2, 2, 2, 1, 2, 1, 1, 1, 2, 1, 1, 2, 3, 1, 2, 1, 1, 2, 1, 2, 1, 2, 2, 2, 1, 2, 1, 2, 1, 2, 1, 1, 2
chatcmpl-8wU8oDrV0znCpo9KByhR1jkn2aYHe, 2, 1, 2, 1, 3, 2, 1, 3, 2, 2, 2, 2, 2, 2, 1, 2, 2, 2, 1, 1, 2, 2, 1, 2, 1, 2, 2, 1, 2, 2, 3, 2, 2, 2, 2, 1, 2, 2, 2, 2, 1, 2
chatcmpl-8wU98NRGiwqapSi5XEn6lUzIoC93x, 2, 1, 2, 1, 3, 2, 1, 3, 2, 2, 2, 3, 1, 2, 1, 2, 1, 2, 1, 1, 1, 3, 1, 2, 1, 1, 2, 1, 2, 1, 3, 2, 2, 1, 2, 1, 1, 1, 2, 1, 1, 3
chatcmpl-8wU9TFnycj0whDHrdBsfSkuJP8z8H, 2, 1, 2, 1, 2, 2, 1, 3, 2, 2, 2, 2, 1, 2, 1, 2, 1, 2, 1, 1, 2, 3, 1, 2, 1, 1, 2, 1, 2, 1, 2, 2, 2, 1, 2, 1, 2, 1, 2, 1, 1, 2
chatcmpl-8wU9l0lfxluzKqRJxee6vG74S8SU2, 2, 1, 2, 1, 3, 2, 1, 3, 2, 2, 2, 3, 2, 2, 1, 2, 2, 2, 1, 1, 2, 3, 1, 2, 1, 2, 2, 1, 3, 1, 3, 2, 3, 2, 2, 1, 2, 2, 2, 1, 1, 2
chatcmpl-8wUA332LtU2I5XmL7emXFia5gsuCd, 2, 1, 2, 1, 3, 2, 1, 3, 2, 2, 2, 3, 2, 2, 1, 2, 3, 2, 1, 1, 2, 3, 1, 2, 1, 2, 2, 2, 2, 1, 2, 2, 3, 2, 2, 1, 2, 2, 2, 1, 1, 2
chatcmpl-8wUATZoLjjzlkUjXT9CXeQvrBYnRi, 2, 2, 2, 1, 2, 2, 1, 3, 2, 2, 2, 2, 2, 2, 1, 2, 1, 2, 1, 1, 2, 3, 1, 2, 1, 2, 2, 1, 2, 1, 2, 2, 2, 1, 2, 1, 2, 2, 2, 1, 1, 2
chatcmpl-8wUAoAWfzGYwOK1dPE3MaYQsQvuYz, 2, 1, 2, 1, 3, 2, 1, 3, 2, 2, 2, 2, 2, 2, 1, 2, 2, 2, 1, 1, 2, 3, 1, 2, 1, 2, 2, 1, 3, 1, 2, 2, 3, 2, 2, 1, 2, 2, 2, 1, 1, 2
chatcmpl-8wUB76ZCxf4WcVKCzPXUwLJr8A2oR, 2, 1, 2, 1, 3, 2, 1, 3, 2, 2, 2, 2, 1, 2, 1, 2, 1, 2, 1, 1, 1, 3, 1, 2, 1, 1, 2, 1, 2, 2, 2, 2, 2, 1, 2, 1, 1, 1, 2, 1, 1, 3
chatcmpl-8wUBUKK5h1lcInFz2i2gZ2G7RI7qZ, 2, 1, 2, 1, 3, 2, 1, 3, 2, 2, 2, 2, 1, 2, 1, 2, 1, 2, 1, 1, 2, 3, 1, 2, 1, 1, 2, 1, 2, 2, 2, 2, 3, 1, 2, 1, 2, 1, 2, 1, 1, 2
chatcmpl-8wUBoKIVFHkfcXhMCdipmBldqXUNP, 2, 1, 1, 1, 3, 2, 1, 3, 2, 2, 2, 3, 2, 2, 1, 2, 1, 2, 1, 1, 1, 2, 1, 2, 1, 1, 2, 1, 2, 2, 2, 2, 2, 1, 2, 1, 2, 1, 2, 1, 1, 2
chatcmpl-8wUC7lOlr4UfmZPdGudF2qAHMtKZq, 2, 1, 2, 1, 3, 2, 1, 3, 2, 2, 2, 2, 2, 2, 1, 2, 1, 2, 1, 1, 1, 2, 1, 2, 1, 2, 2, 1, 2, 1, 2, 2, 2, 1, 2, 1, 1, 1, 2, 1, 1, 2
chatcmpl-8wUCQRlGPHQz6z8I8SMuW55cZjBAe, 2, 1, 2, 1, 3, 2, 1, 3, 2, 2, 2, 2, 1, 2, 1, 2, 1, 2, 1, 1, 2, 3, 1, 2, 1, 2, 2, 1, 2, 1, 2, 2, 2, 1, 2, 1, 2, 1, 2, 1, 1, 2
chatcmpl-8wUCjLxKn57YxaAdRRWO39hpN32dZ, 2, 2, 2, 1, 3, 2, 1, 2, 2, 2, 2, 3, 2, 2, 1, 2, 2, 2, 1, 1, 2, 2, 1, 2, 1, 2, 2, 1, 2, 1, 2, 2, 3, 2, 2, 1, 2, 2, 2, 1, 1, 2
chatcmpl-8wUD0DBulWjErKHVjg4Sd7WdoK4Wa, 2, 1, 2, 1, 2, 1, 1, 3, 1, 2, 1, 2, 1, 2, 1, 1, 1, 1, 1, 1, 2, 2, 1, 2, 1, 1, 1, 1, 2, 1, 2, 1, 2, 1, 1, 1, 2, 1, 2, 1, 1, 2
chatcmpl-8wUDHZU0zuVSqUgnYIN9JGkrJD6kl, 2, 1, 2, 1, 3, 2, 1, 3, 2, 2, 2, 2, 2, 2, 1, 2, 2, 2, 1, 1, 2, 3, 1, 2, 1, 2, 2, 1, 3, 2, 2, 2, 2, 2, 2, 1, 2, 2, 2, 1, 1, 2
chatcmpl-8wUDbRuVvdkLIzYhb2jvoZpx4pUzH, 2, 1, 2, 1, 3, 2, 1, 3, 2, 2, 2, 3, 2, 2, 1, 2, 1, 2, 1, 1, 1, 3, 1, 2, 1, 2, 2, 1, 2, 1, 2, 2, 2, 1, 2, 1, 2, 1, 2, 1, 1, 2
chatcmpl-8wUDx13ubCwCeiQ9IbF1Y5HHRlEuq, 2, 1, 1, 1, 2, 2, 1, 3, 2, 1, 2, 2, 1, 2, 1, 1, 1, 2, 1, 1, 1, 2, 1, 1, 1, 1, 2, 1, 2, 1, 1, 2, 2, 1, 2, 1, 1, 1, 2, 1, 1, 2
chatcmpl-8wUEDI0VK2QRvsdGtpG9eosgIpubV, 2, 1, 2, 1, 3, 2, 1, 3, 1, 2, 2, 2, 1, 2, 1, 2, 1, 2, 1, 1, 1, 2, 1, 2, 1, 1, 2, 1, 2, 1, 2, 2, 2, 1, 2, 1, 2, 1, 2, 1, 1, 3
chatcmpl-8wUEYJNE7I8SOvCfNyoVhrenEGkoe, 2, 1, 1, 1, 2, 2, 1, 3, 2, 2, 2, 1, 1, 2, 1, 1, 1, 1, 1, 1, 1, 2, 1, 1, 1, 1, 1, 1, 2, 1, 1, 2, 1, 1, 2, 1, 1, 1, 2, 1, 1, 1
chatcmpl-8wUEqEmjQUjukt7R3xNot50A4JBq3, 2, 1, 2, 1, 3, 2, 1, 3, 2, 2, 2, 3, 1, 2, 1, 2, 1, 2, 1, 1, 2, 3, 1, 2, 1, 1, 2, 1, 3, 1, 2, 2, 3, 1, 2, 1, 2, 1, 2, 1, 1, 2
chatcmpl-8wUF8shkph3Zs9vW71pMykNftBu7O, 2, 2, 2, 1, 2, 2, 1, 3, 2, 2, 2, 2, 2, 1, 1, 2, 1, 2, 1, 1, 1, 2, 1, 2, 1, 2, 2, 1, 2, 1, 2, 2, 2, 1, 2, 1, 1, 1, 2, 1, 1, 2
chatcmpl-8wUFU97Mju0gHZ8lbEsBA3tn7kgt1, 2, 1, 1, 1, 3, 2, 1, 3, 2, 2, 2, 3, 2, 2, 1, 2, 1, 3, 1, 1, 2, 2, 1, 2, 1, 2, 2, 1, 3, 2, 2, 2, 3, 1, 2, 1, 2, 2, 2, 1, 1, 2
chatcmpl-8wUFrzCukLysd3rBP8NMeIYPOAH6f, 2, 1, 2, 1, 3, 2, 1, 3, 2, 2, 2, 1, 2, 2, 1, 2, 2, 2, 1, 1, 2, 3, 1, 2, 1, 2, 2, 1, 2, 2, 2, 2, 3, 2, 2, 1, 2, 2, 1, 2, 1, 2
chatcmpl-8wUGBWQ9VwLnAYBcPfsIr35CYaF9p, 1, 1, 1, 1, 2, 1, 1, 2, 1, 1, 1, 2, 1, 1, 1, 1, 1, 1, 1, 1, 1, 2, 1, 1, 1, 1, 1, 1, 2, 1, 1, 1, 1, 1, 1, 1, 1, 1, 1, 1, 1, 1
chatcmpl-8wUHxtNoPEuIXIK5PfmkItItpScJL, 2, 1, 2, 1, 3, 2, 1, 3, 2, 3, 2, 2, 2, 2, 1, 2, 2, 1, 1, 1, 2, 3, 1, 2, 2, 2, 2, 1, 2, 1, 2, 2, 2, 1, 2, 1, 2, 3, 2, 1, 1, 2
chatcmpl-8wUIIhBAMr5A0Tj8a6js25aw99HnA, 1, 2, 1, 1, 2, 2, 1, 2, 1, 2, 2, 2, 1, 2, 1, 1, 1, 1, 2, 1, 1, 2, 1, 1, 2, 1, 2, 1, 2, 2, 2, 2, 2, 1, 2, 1, 1, 1, 2, 2, 2, 2
chatcmpl-8wUIhcWssdnK9OT9lIVhzWxuzWwpP, 1, 1, 1, 1, 2, 2, 1, 1, 1, 1, 1, 2, 1, 1, 1, 1, 1, 1, 1, 1, 1, 1, 1, 1, 1, 1, 1, 1, 1, 1, 1, 1, 1, 1, 1, 1, 1, 1, 1, 1, 1, 1
chatcmpl-8wUJ1AcF2xGz74SXQxfBZzKx39cLo, 2, 1, 1, 1, 2, 2, 1, 3, 2, 1, 2, 1, 1, 2, 1, 1, 1, 1, 1, 1, 1, 2, 1, 1, 1, 1, 2, 1, 2, 1, 1, 2, 2, 1, 2, 1, 1, 1, 2, 1, 1, 1
chatcmpl-8wUJHTfirt3btdxV4rwnlJCo6wKg8, 2, 1, 2, 1, 3, 2, 1, 3, 2, 2, 2, 2, 1, 2, 1, 2, 1, 2, 1, 1, 2, 3, 1, 2, 1, 2, 2, 1, 2, 1, 2, 2, 2, 1, 2, 1, 2, 1, 2, 1, 1, 2
chatcmpl-8wUJbQeHjUYP8hZ556uP8Jt7eNhbn, 2, 1, 2, 1, 3, 2, 1, 3, 2, 2, 2, 3, 2, 2, 1, 2, 2, 2, 1, 1, 1, 3, 1, 2, 1, 2, 2, 1, 2, 1, 3, 2, 3, 2, 2, 1, 2, 2, 2, 1, 1, 3
chatcmpl-8wUJvF8QiIHEs1TsRPp3n80PDsdOR, 2, 1, 2, 1, 2, 2, 1, 3, 2, 2, 2, 2, 2, 2, 1, 2, 1, 2, 1, 1, 2, 2, 1, 2, 1, 2, 2, 1, 2, 2, 2, 2, 2, 1, 2, 1, 2, 2, 2, 1, 1, 2
chatcmpl-8wUKHdM3Cey44DExeSQTKTXldOdG5, 2, 1, 2, 1, 3, 2, 1, 3, 1, 2, 2, 2, 2, 2, 1, 2, 1, 2, 1, 1, 2, 3, 1, 2, 1, 2, 2, 1, 3, 1, 2, 2, 3, 1, 2, 1, 2, 1, 2, 1, 1, 2
chatcmpl-8wUKajWH9AQw6X3GRfn7JfTek06yC, 2, 1, 2, 1, 3, 2, 1, 3, 2, 2, 2, 2, 1, 2, 1, 2, 1, 2, 1, 1, 2, 3, 1, 2, 1, 1, 2, 1, 2, 1, 2, 2, 2, 1, 2, 1, 2, 1, 2, 1, 1, 2
chatcmpl-8wUKq2PGuSAiQCYE5m1f3Qnl4ObBD, 2, 1, 1, 1, 2, 2, 1, 2, 2, 1, 2, 1, 1, 2, 1, 1, 1, 1, 1, 1, 1, 3, 1, 1, 1, 1, 2, 1, 2, 1, 1, 1, 2, 1, 1, 1, 1, 1, 1, 1, 1, 1
chatcmpl-8wUL9BIQrK9txqGfFRYTYfksl8YXE, 2, 2, 2, 1, 3, 2, 1, 3, 2, 2, 2, 2, 2, 1, 1, 2, 2, 2, 1, 1, 2, 3, 1, 2, 1, 2, 2, 1, 2, 1, 2, 2, 2, 2, 2, 1, 2, 2, 2, 1, 1, 3
chatcmpl-8wULU2aSGirhY5uLP2YpoYsPqhPNN, 2, 1, 2, 1, 3, 2, 1, 3, 2, 2, 2, 2, 1, 2, 1, 2, 2, 2, 1, 1, 1, 3, 1, 2, 1, 1, 2, 1, 2, 1, 2, 2, 2, 1, 2, 1, 1, 1, 2, 1, 1, 2
chatcmpl-8wULlxYA1qtRIuVMCY0WGemdvMffp, 2, 1, 1, 1, 2, 2, 1, 3, 1, 2, 2, 2, 1, 2, 1, 1, 1, 1, 1, 1, 1, 2, 1, 2, 1, 1, 1, 1, 2, 1, 2, 2, 2, 1, 2, 1, 1, 1, 1, 1, 1, 2
chatcmpl-8wUM4tznkxJAcoaTrRXB02JX2qeuW, 2, 1, 2, 1, 3, 2, 1, 3, 2, 2, 3, 2, 2, 2, 1, 2, 2, 2, 1, 1, 2, 3, 1, 2, 1, 2, 2, 1, 2, 2, 2, 2, 2, 2, 2, 1, 2, 2, 2, 1, 1, 2
chatcmpl-8wUMS2UGrBOsZc7VNmQ7AxcQddpIe, 2, 1, 1, 1, 2, 2, 1, 3, 2, 1, 2, 3, 1, 2, 1, 1, 1, 2, 1, 1, 1, 2, 1, 2, 1, 1, 2, 1, 2, 1, 2, 2, 2, 1, 2, 1, 1, 1, 2, 1, 1, 2
chatcmpl-8wUMlsQzjh7LVSgbG0bIN2O3BNzLw, 2, 1, 2, 1, 3, 2, 1, 3, 2, 2, 2, 2, 2, 2, 1, 2, 1, 2, 1, 1, 2, 3, 1, 2, 1, 2, 2, 1, 3, 1, 2, 2, 2, 1, 2, 1, 2, 2, 2, 1, 1, 2
chatcmpl-8wUN3xhCTxqt90RxirbJUEiRyQYsw, 2, 1, 2, 1, 2, 2, 1, 3, 2, 2, 2, 2, 2, 2, 1, 2, 2, 2, 1, 1, 2, 3, 1, 2, 1, 2, 2, 1, 2, 1, 2, 2, 2, 2, 2, 1, 2, 2, 2, 1, 1, 2
chatcmpl-8wUNO23dTGjkcAV8dFhJx0T23C7od, 2, 1, 2, 1, 3, 2, 1, 3, 2, 2, 2, 2, 1, 2, 1, 2, 1, 1, 1, 1, 2, 3, 1, 2, 1, 1, 2, 1, 2, 1, 2, 1, 2, 1, 1, 1, 2, 1, 2, 1, 1, 2
chatcmpl-8wUNj6VJ309zGW1kaE5v9ervU1XBS, 2, 1, 1, 1, 3, 2, 1, 3, 1, 2, 2, 1, 1, 2, 1, 2, 1, 2, 1, 1, 2, 3, 1, 2, 1, 1, 2, 1, 2, 1, 2, 2, 2, 1, 2, 1, 2, 1, 2, 1, 1, 3
chatcmpl-8wUO1KcD0Zs9tak1UoNJiPZa5ifwi, 2, 1, 2, 1, 2, 2, 1, 3, 2, 2, 2, 3, 2, 2, 1, 2, 1, 2, 1, 1, 2, 2, 1, 2, 1, 2, 2, 1, 2, 1, 2, 2, 2, 1, 2, 1, 2, 2, 1, 1, 1, 2
chatcmpl-8wUOHazvKKjm66CxmMg3GcbeEnxdL, 2, 1, 2, 1, 3, 2, 1, 3, 2, 2, 2, 3, 2, 1, 1, 2, 2, 1, 1, 1, 2, 3, 1, 2, 1, 2, 2, 1, 3, 2, 2, 1, 3, 2, 1, 1, 2, 2, 2, 1, 1, 3
chatcmpl-8wUOZyL8ybV6CSq4OVWmdIgLKrYk1, 2, 1, 2, 1, 2, 1, 1, 2, 1, 1, 1, 2, 1, 2, 1, 1, 1, 1, 1, 1, 1, 2, 1, 2, 1, 1, 1, 1, 2, 1, 1, 1, 1, 1, 1, 1, 1, 1, 1, 1, 1, 2
chatcmpl-8wUOqEqKeHSWrC30qoJgZn0zAjYcY, 2, 1, 1, 1, 2, 2, 1, 3, 2, 2, 2, 1, 1, 2, 1, 1, 1, 2, 1, 1, 2, 2, 1, 2, 1, 1, 2, 1, 2, 1, 1, 2, 2, 1, 2, 1, 2, 1, 1, 1, 1, 2
chatcmpl-8wUPD2dv1KPqzbJymL0yzJyit9hiF, 1, 1, 1, 1, 2, 2, 1, 2, 1, 2, 2, 2, 1, 2, 1, 1, 1, 2, 1, 1, 1, 2, 1, 1, 1, 1, 1, 1, 2, 1, 1, 2, 2, 1, 2, 1, 1, 1, 2, 1, 1, 2
chatcmpl-8wUPXFdLBwl72ZK962bWptBuXVY1u, 2, 2, 2, 1, 2, 2, 1, 3, 2, 2, 2, 2, 2, 2, 1, 2, 2, 2, 1, 1, 2, 3, 1, 2, 1, 2, 2, 1, 2, 1, 2, 2, 2, 2, 2, 1, 2, 2, 2, 1, 1, 2
chatcmpl-8wUPwZb8ROxTHdEsSvE6lW1jgrovm, 2, 1, 2, 1, 3, 2, 1, 2, 2, 2, 2, 3, 2, 2, 1, 2, 1, 1, 1, 1, 2, 3, 1, 2, 1, 2, 2, 1, 2, 1, 2, 2, 2, 1, 2, 1, 2, 2, 2, 1, 1, 2
chatcmpl-8wUQFQ1M1mwog4IQaYr9roMxUTQ5J, 2, 1, 1, 1, 2, 2, 1, 3, 2, 1, 2, 2, 1, 2, 1, 1, 1, 2, 1, 1, 1, 2, 1, 1, 1, 1, 2, 1, 2, 1, 1, 2, 1, 1, 2, 1, 1, 1, 2, 1, 1, 1
chatcmpl-8wUQYz538iAFXzYEBsCWEtO2ApYw4, 1, 2, 2, 1, 2, 2, 1, 3, 1, 2, 2, 2, 2, 2, 1, 2, 1, 2, 1, 1, 1, 3, 1, 2, 1, 2, 2, 1, 2, 1, 2, 2, 2, 1, 2, 1, 2, 1, 2, 1, 1, 2
chatcmpl-8wUQqV0nIKH4gCOPg03HAQdHKMZRJ, 2, 1, 2, 1, 2, 2, 1, 3, 2, 2, 2, 1, 1, 2, 1, 2, 1, 2, 1, 1, 2, 3, 1, 2, 1, 1, 2, 1, 2, 1, 2, 2, 2, 1, 2, 1, 2, 1, 1, 1, 1, 2
chatcmpl-8wURBIDtG97r2rLIqbsGxurwbdhcg, 2, 1, 2, 1, 2, 2, 1, 3, 2, 2, 2, 1, 1, 2, 1, 2, 1, 2, 1, 1, 2, 2, 1, 2, 1, 1, 2, 1, 2, 1, 2, 2, 2, 1, 2, 1, 1, 1, 1, 1, 1, 2
chatcmpl-8wURXJJIShYDLlN0jSdZzxBMVG8Cc, 2, 1, 2, 1, 3, 2, 1, 3, 4, 3, 2, 2, 2, 2, 1, 2, 2, 2, 1, 1, 3, 3, 1, 3, 1, 2, 2, 1, 2, 1, 2, 2, 3, 2, 2, 1, 3, 3, 2, 1, 1, 2
chatcmpl-8wURvDXMFevo7SmcADuxQs8ecGGG9, 2, 2, 2, 1, 3, 2, 1, 3, 2, 2, 2, 2, 2, 2, 1, 2, 1, 2, 1, 1, 2, 3, 1, 2, 1, 2, 2, 1, 2, 1, 2, 2, 2, 1, 2, 1, 2, 2, 2, 1, 1, 2
chatcmpl-8wUSDZ7K4sJ6hVrseqjeVN5qJXqO4, 1, 1, 2, 1, 2, 1, 1, 2, 1, 2, 1, 2, 2, 1, 1, 2, 1, 1, 1, 1, 2, 2, 1, 2, 1, 2, 1, 1, 2, 1, 1, 1, 1, 1, 1, 1, 1, 1, 1, 1, 1, 1
chatcmpl-8wUSSsR5oLAXjOwmPlw6aWYE1rMsU, 2, 1, 2, 1, 3, 2, 1, 2, 2, 1, 2, 3, 2, 2, 1, 2, 1, 2, 1, 1, 1, 2, 1, 2, 1, 2, 2, 1, 2, 1, 2, 2, 2, 1, 2, 1, 1, 1, 2, 1, 1, 2
chatcmpl-8wUSj35KHHZ1nL4pHqr0WaTUGo8LK, 2, 1, 2, 1, 3, 2, 1, 3, 2, 2, 2, 2, 2, 2, 1, 2, 1, 2, 1, 1, 2, 3, 1, 2, 1, 2, 2, 1, 2, 2, 3, 2, 3, 1, 2, 1, 2, 2, 2, 1, 1, 3
chatcmpl-8wUT3CJvncaw8xv1mumQjZouI6ZfQ, 2, 1, 2, 1, 3, 2, 1, 2, 2, 1, 3, 2, 2, 2, 1, 2, 2, 2, 1, 1, 2, 2, 1, 3, 1, 2, 2, 1, 2, 1, 2, 3, 2, 2, 2, 1, 2, 1, 2, 1, 1, 2
chatcmpl-8wUTLmieMEz1ki80idbnFJfLq4pzd, 2, 1, 2, 1, 2, 2, 1, 3, 2, 1, 2, 1, 1, 2, 1, 1, 1, 2, 1, 1, 1, 2, 1, 2, 1, 1, 2, 1, 2, 1, 1, 2, 2, 1, 2, 1, 1, 1, 2, 1, 1, 1
chatcmpl-8wUTfLroCyRm8Halo8Pf0H8dOkyxB, 2, 1, 2, 1, 3, 2, 1, 2, 1, 2, 2, 2, 1, 2, 1, 2, 1, 2, 1, 1, 1, 3, 1, 2, 1, 1, 2, 1, 2, 1, 2, 2, 2, 1, 2, 1, 2, 1, 2, 1, 1, 3
chatcmpl-8wUTx5JRPocHKG4SzsOs8IkYjYqZ8, 2, 1, 2, 1, 3, 2, 1, 3, 2, 2, 2, 3, 2, 1, 1, 2, 2, 1, 1, 1, 2, 3, 1, 2, 1, 2, 2, 1, 3, 1, 2, 2, 3, 2, 1, 1, 2, 1, 2, 1, 1, 2
chatcmpl-8wUUEOrbBsgFZtJ6TEhTYbRhN0ftw, 1, 1, 2, 1, 3, 2, 1, 3, 2, 2, 2, 2, 2, 1, 1, 2, 2, 1, 1, 1, 2, 2, 1, 2, 1, 2, 2, 1, 2, 1, 2, 2, 2, 2, 2, 1, 2, 2, 2, 1, 1, 2
chatcmpl-8wUUU3zwEYGYz690ig10BGRzwlc5c, 2, 1, 2, 1, 3, 2, 1, 3, 1, 2, 2, 2, 2, 2, 1, 2, 2, 2, 1, 1, 2, 2, 1, 2, 1, 2, 2, 1, 2, 1, 2, 3, 2, 2, 3, 1, 2, 1, 2, 1, 1, 3
chatcmpl-8wUUlCxmVtnSvzDjaXWzyxJFqC1wu, 2, 1, 1, 1, 2, 2, 1, 3, 2, 1, 2, 2, 1, 2, 1, 1, 1, 2, 1, 1, 1, 2, 1, 1, 1, 1, 2, 1, 2, 1, 1, 2, 2, 1, 2, 1, 1, 1, 1, 1, 1, 2
chatcmpl-8wUV2azryWsu4HLIZ6Pb4RaYnBJG0, 2, 1, 2, 1, 3, 2, 1, 2, 2, 2, 2, 3, 2, 2, 1, 2, 2, 2, 1, 1, 2, 2, 1, 2, 1, 2, 2, 1, 2, 1, 2, 2, 3, 2, 2, 1, 2, 2, 2, 1, 1, 2
chatcmpl-8wUVJBqASSWftTmoXH9EsZF44fmfg, 2, 1, 2, 1, 3, 2, 1, 3, 2, 1, 2, 2, 1, 2, 1, 1, 1, 2, 1, 1, 1, 2, 1, 1, 1, 1, 2, 1, 2, 1, 1, 2, 2, 1, 2, 1, 1, 1, 2, 1, 1, 1
chatcmpl-8wUVbqfm0DQmTbcjnM5XLMmgZ6m9g, 2, 1, 2, 1, 3, 2, 1, 3, 2, 2, 2, 3, 2, 2, 1, 2, 2, 2, 1, 1, 2, 3, 1, 2, 1, 2, 2, 1, 3, 1, 2, 2, 3, 2, 2, 1, 2, 2, 2, 1, 1, 2
chatcmpl-8wUVx4uoEjE2nP9PIbqvKdCcPrY1p, 2, 1, 1, 1, 2, 2, 1, 3, 1, 1, 2, 2, 1, 2, 1, 1, 1, 2, 1, 1, 1, 3, 1, 1, 1, 1, 1, 1, 2, 1, 1, 2, 2, 1, 2, 1, 1, 1, 2, 1, 1, 2
chatcmpl-8wUzQ1sLCeZRrYjajSs62o2jpFMd1, 1, 2, 2, 1, 3, 2, 1, 3, 2, 2, 2, 3, 2, 2, 1, 2, 2, 2, 1, 1, 2, 3, 1, 2, 2, 2, 2, 2, 2, 1, 2, 2, 3, 2, 2, 1, 2, 2, 2, 2, 1, 2
chatcmpl-8wUzf1qAFWopkGEt4TYy6GJ0KIVFa, 2, 1, 2, 1, 3, 2, 1, 3, 2, 2, 2, 3, 2, 2, 1, 2, 1, 2, 1, 1, 2, 3, 1, 2, 1, 2, 2, 1, 3, 2, 2, 2, 3, 1, 2, 1, 2, 2, 2, 1, 1, 2
chatcmpl-8wUzxOwAYV8rLyRus9j5bkIS4adJ9, 2, 2, 1, 1, 3, 2, 1, 3, 2, 1, 2, 2, 2, 2, 1, 1, 1, 2, 1, 1, 2, 3, 1, 2, 1, 2, 2, 1, 3, 1, 2, 2, 3, 1, 2, 1, 1, 1, 2, 1, 1, 3
chatcmpl-8wV0ElN4EiyVTbi3PTqr3Q0Sbxzpa, 2, 1, 1, 1, 3, 2, 1, 3, 2, 2, 2, 2, 2, 1, 1, 2, 1, 2, 1, 1, 1, 3, 1, 2, 1, 2, 2, 1, 3, 2, 2, 2, 3, 1, 2, 1, 1, 1, 2, 1, 1, 3
chatcmpl-8wV0cnMEQq22DmSm4e1zyA6xAMEpl, 1, 2, 2, 1, 2, 1, 1, 3, 2, 2, 1, 2, 2, 2, 1, 1, 1, 1, 1, 1, 2, 2, 1, 2, 1, 2, 1, 1, 2, 1, 2, 1, 1, 1, 1, 1, 2, 1, 2, 1, 1, 2
chatcmpl-8wV0yec3dKXKLc6WYtLj5XdeCWvKJ, 1, 2, 2, 1, 3, 2, 1, 3, 2, 2, 2, 3, 2, 2, 1, 2, 2, 2, 1, 1, 2, 3, 1, 2, 2, 2, 2, 1, 3, 1, 2, 2, 2, 2, 2, 1, 2, 2, 2, 1, 1, 2
chatcmpl-8wV1MXNygKN6t34HICM5KYVsIXNWM, 2, 1, 1, 1, 2, 2, 1, 3, 2, 1, 2, 2, 1, 2, 1, 1, 1, 2, 1, 1, 1, 3, 1, 2, 1, 1, 2, 1, 2, 1, 1, 2, 2, 1, 2, 1, 1, 1, 2, 1, 1, 2
chatcmpl-8wV1lWZZ8SWVPI7T9tK0N5rlWG5Dl, 2, 1, 2, 1, 3, 2, 1, 3, 2, 2, 2, 3, 2, 2, 1, 2, 2, 2, 1, 1, 2, 3, 1, 2, 1, 2, 2, 1, 2, 1, 2, 2, 2, 2, 2, 1, 2, 2, 2, 1, 1, 2
chatcmpl-8wV23Uqa2Bg7aUk4uxxLSN7wqwLTZ, 2, 1, 2, 1, 3, 2, 1, 3, 2, 2, 2, 3, 2, 2, 1, 2, 3, 2, 1, 1, 2, 3, 1, 2, 1, 2, 2, 1, 3, 2, 2, 2, 2, 2, 3, 1, 2, 2, 2, 2, 1, 3
chatcmpl-8wV2LgTO9q4CdDCSi4scFediyvdQs, 2, 1, 2, 1, 2, 2, 1, 3, 2, 2, 2, 2, 1, 2, 1, 2, 1, 2, 1, 1, 2, 3, 1, 2, 1, 1, 2, 1, 2, 1, 2, 2, 2, 1, 2, 1, 2, 1, 2, 1, 1, 2
chatcmpl-8wV2epgf3PaAC0ppfwa0C5Vnl5zyN, 2, 1, 2, 1, 3, 2, 1, 3, 2, 2, 2, 3, 2, 2, 1, 2, 2, 2, 1, 1, 2, 3, 1, 2, 1, 2, 2, 1, 2, 1, 2, 2, 2, 1, 2, 1, 2, 1, 1, 1, 1, 2
chatcmpl-8wV30zy94gOBN9NvI6xZXTFhcLMmg, 2, 1, 1, 1, 3, 2, 1, 2, 3, 2, 2, 3, 1, 2, 1, 2, 1, 2, 1, 1, 2, 3, 1, 2, 1, 1, 2, 1, 2, 2, 2, 2, 3, 1, 2, 1, 2, 1, 2, 1, 1, 3
chatcmpl-8wV3H7jK7SZ0aXuW5JIR7JCKzfODh, 2, 2, 3, 1, 2, 2, 1, 3, 2, 2, 2, 2, 2, 2, 1, 2, 2, 2, 1, 1, 2, 3, 1, 2, 1, 2, 2, 1, 3, 1, 2, 2, 3, 2, 2, 1, 2, 2, 2, 1, 1, 2
chatcmpl-8wV3alqKKu9mTKeeIjlV5sn8a4WgI, 2, 1, 1, 1, 2, 2, 1, 3, 2, 2, 2, 2, 2, 2, 1, 1, 1, 2, 1, 1, 1, 3, 1, 2, 1, 2, 2, 1, 2, 1, 2, 2, 2, 1, 2, 1, 1, 1, 2, 1, 1, 2
chatcmpl-8wV3xnBVxK1LUAi9EAVTR1jU59Me2, 1, 2, 2, 1, 2, 2, 1, 3, 2, 2, 2, 2, 1, 2, 1, 2, 1, 2, 1, 1, 2, 2, 1, 2, 1, 1, 2, 1, 2, 1, 2, 2, 2, 1, 2, 1, 2, 1, 2, 1, 1, 2
chatcmpl-8wV4MSnKsLnuOJR7kVtOmt4DDMiQd, 2, 1, 2, 1, 3, 2, 1, 2, 2, 2, 2, 2, 2, 2, 1, 2, 2, 2, 1, 1, 2, 3, 1, 2, 1, 2, 2, 1, 2, 1, 2, 2, 2, 2, 2, 1, 2, 2, 2, 1, 1, 2
chatcmpl-8wV4g5dcrH5VkCIXBb9rsoLS4UtJr, 2, 1, 2, 1, 2, 2, 1, 3, 2, 2, 2, 2, 1, 2, 1, 2, 2, 2, 2, 1, 2, 3, 1, 2, 1, 1, 2, 1, 2, 1, 2, 2, 2, 1, 2, 1, 2, 1, 2, 1, 2, 2
chatcmpl-8wV53ur2pibDJuSb5Vl8V520MhZ4h, 2, 1, 2, 1, 3, 2, 1, 3, 2, 2, 2, 2, 1, 2, 1, 2, 1, 2, 1, 1, 1, 2, 1, 2, 1, 1, 2, 1, 2, 1, 2, 2, 2, 1, 2, 1, 1, 1, 2, 1, 1, 2
chatcmpl-8wV5Q3HoGktwba1aUWplbB4J6uoFp, 2, 1, 2, 1, 3, 2, 1, 3, 2, 2, 2, 1, 1, 2, 1, 1, 1, 2, 1, 1, 2, 3, 1, 2, 1, 1, 2, 1, 3, 1, 2, 2, 3, 1, 2, 1, 2, 1, 2, 1, 1, 3
chatcmpl-8wV5jX4mjXSN8c0wncKDIoGhx5bWP, 2, 1, 2, 1, 3, 2, 1, 3, 2, 2, 2, 1, 2, 2, 1, 2, 2, 1, 1, 1, 2, 3, 1, 2, 1, 2, 1, 1, 3, 1, 2, 1, 2, 2, 1, 1, 2, 2, 2, 1, 1, 2
chatcmpl-8wV61q6eWU1w7fnbv1SjpX1ASMpd2, 2, 1, 2, 1, 3, 2, 1, 3, 2, 2, 2, 3, 2, 2, 1, 2, 2, 2, 1, 1, 2, 3, 1, 2, 1, 2, 2, 1, 3, 1, 2, 2, 3, 1, 2, 1, 2, 2, 2, 1, 1, 3
chatcmpl-8wV6MpLIVAbMsU0NbbiVLZ7DaPIJn, 2, 1, 2, 1, 2, 2, 1, 3, 2, 2, 2, 2, 1, 2, 1, 1, 1, 2, 1, 1, 1, 2, 1, 2, 1, 1, 2, 1, 2, 1, 2, 2, 2, 1, 2, 1, 2, 1, 1, 1, 1, 2
chatcmpl-8wV6fh7PUCfn7t08EuAqazmXp7wOZ, 2, 1, 2, 1, 3, 2, 1, 3, 2, 2, 2, 2, 2, 2, 1, 2, 2, 2, 1, 1, 2, 3, 1, 2, 2, 2, 2, 1, 2, 2, 2, 2, 2, 2, 2, 1, 2, 2, 2, 1, 1, 2
chatcmpl-8wV6zIvc1LcLxTdcARW0gXNowDYN4, 2, 1, 2, 1, 3, 2, 1, 3, 2, 2, 2, 3, 2, 2, 1, 2, 2, 2, 1, 1, 2, 2, 1, 2, 1, 2, 2, 2, 2, 1, 2, 2, 2, 2, 2, 1, 2, 2, 2, 1, 1, 2
chatcmpl-8wV7GPiKLrL2MQF0WiqyoRBkqn4DP, 2, 1, 2, 1, 3, 2, 1, 3, 2, 2, 2, 2, 2, 2, 1, 2, 1, 2, 1, 1, 2, 3, 1, 2, 1, 2, 2, 1, 2, 1, 2, 2, 2, 1, 2, 1, 2, 2, 2, 1, 1, 2
chatcmpl-8wV7Y6gd52mSjr7dzrIwy6wBM00Rc, 2, 1, 2, 1, 3, 2, 1, 2, 1, 2, 2, 2, 2, 1, 1, 2, 2, 2, 1, 1, 2, 3, 1, 2, 1, 2, 2, 1, 2, 1, 2, 2, 1, 2, 2, 1, 2, 1, 1, 1, 1, 2
chatcmpl-8wV7pAMFpxruU4e08dWwkVDF3lxU9, 2, 1, 2, 1, 3, 2, 1, 3, 2, 2, 2, 3, 1, 2, 1, 2, 1, 2, 1, 1, 2, 3, 1, 3, 1, 2, 2, 1, 3, 2, 3, 2, 3, 1, 2, 1, 2, 1, 2, 1, 1, 3
chatcmpl-8wV8ByExteXfDqJOiA2lvZXGfXtj5, 2, 1, 2, 1, 3, 2, 1, 3, 2, 2, 2, 2, 2, 2, 1, 2, 2, 2, 1, 1, 2, 2, 1, 2, 1, 2, 2, 1, 2, 1, 2, 2, 2, 2, 2, 1, 2, 2, 2, 1, 1, 2
chatcmpl-8wV8S5h8v0xr6Xg6OS1twXiSk3RDy, 2, 1, 2, 1, 3, 2, 1, 3, 2, 2, 2, 3, 2, 2, 1, 2, 2, 2, 1, 1, 2, 3, 1, 2, 1, 2, 2, 1, 3, 1, 2, 2, 3, 2, 2, 1, 2, 2, 2, 1, 1, 2
chatcmpl-8wV8pClpv9IvcDf52QQz51qobNw2I, 2, 1, 2, 1, 2, 2, 1, 2, 1, 1, 2, 1, 1, 2, 1, 1, 1, 2, 1, 1, 1, 2, 1, 1, 1, 1, 1, 1, 1, 1, 1, 1, 1, 1, 1, 1, 1, 1, 1, 1, 1, 2
chatcmpl-8wV99JNe4AxWRuqv1FwEI6stieUwc, 2, 1, 2, 1, 3, 2, 1, 3, 2, 2, 2, 3, 2, 3, 1, 2, 2, 1, 1, 1, 2, 3, 1, 2, 1, 2, 2, 2, 3, 2, 3, 3, 3, 2, 3, 1, 2, 2, 2, 2, 1, 3
chatcmpl-8wV9YUfieiwPT32mlB6gtFCw2fo9F, 1, 1, 2, 1, 2, 2, 1, 3, 2, 2, 2, 2, 2, 2, 1, 1, 2, 1, 1, 1, 2, 3, 1, 2, 1, 2, 2, 1, 2, 1, 2, 1, 2, 1, 1, 1, 2, 2, 2, 1, 1, 2
chatcmpl-8wV9rq2wa6XV1wmLW9GjNK678f3RU, 2, 1, 2, 1, 3, 2, 1, 3, 2, 2, 2, 3, 2, 2, 1, 2, 2, 2, 1, 1, 2, 3, 1, 2, 1, 2, 2, 1, 2, 1, 2, 2, 3, 2, 2, 1, 2, 2, 2, 1, 1, 3
chatcmpl-8wVABYYsGdvIFbS19dEGUZnvih56r, 2, 1, 1, 1, 3, 2, 1, 3, 2, 2, 2, 2, 2, 2, 1, 2, 1, 2, 1, 1, 2, 3, 1, 2, 1, 2, 2, 1, 3, 2, 2, 2, 2, 1, 2, 1, 2, 2, 2, 1, 1, 2
chatcmpl-8wVAWSE2hGwk3www5HS5kar2tk8Vx, 2, 1, 2, 1, 3, 2, 1, 3, 2, 2, 2, 1, 2, 2, 1, 2, 2, 2, 1, 1, 2, 3, 1, 2, 1, 2, 2, 1, 3, 2, 2, 2, 2, 2, 2, 1, 2, 2, 2, 1, 1, 2
chatcmpl-8wVAurrdW3HY3eobX1ZDHufnftUf6, 2, 1, 2, 1, 3, 2, 1, 3, 2, 2, 2, 3, 2, 2, 1, 2, 1, 2, 1, 1, 2, 3, 1, 2, 1, 2, 2, 1, 3, 1, 1, 2, 2, 1, 2, 1, 2, 1, 2, 1, 1, 2
chatcmpl-8wVBA4IFtziowM6ZH3aIJt7rH6L23, 2, 1, 2, 1, 3, 2, 1, 3, 2, 2, 2, 2, 1, 2, 1, 2, 2, 2, 1, 1, 2, 2, 1, 3, 2, 1, 2, 1, 2, 2, 2, 2, 2, 2, 2, 1, 2, 2, 1, 1, 1, 2
chatcmpl-8wVBVesAS24vQeB9VCDYQGt0wJrKV, 2, 1, 2, 1, 3, 2, 1, 3, 2, 2, 2, 2, 1, 2, 1, 2, 1, 2, 1, 1, 1, 3, 1, 3, 1, 1, 2, 1, 3, 2, 2, 2, 3, 1, 2, 1, 1, 1, 2, 1, 1, 2
chatcmpl-8wVBp3M2QLSvWzjnltfcD2uAfQhE7, 2, 1, 2, 1, 3, 2, 1, 3, 2, 2, 2, 3, 2, 2, 1, 2, 1, 1, 1, 1, 2, 3, 1, 2, 1, 2, 2, 1, 3, 1, 2, 2, 3, 1, 2, 1, 2, 2, 2, 1, 1, 3
chatcmpl-8wVC7fJVQnDTEYb1ORXNjwivHtINn, 2, 1, 2, 1, 2, 2, 1, 3, 2, 2, 2, 2, 2, 2, 1, 2, 1, 2, 1, 1, 2, 3, 1, 2, 1, 2, 2, 2, 2, 1, 2, 2, 2, 1, 2, 1, 2, 1, 1, 1, 1, 2
chatcmpl-8wVCVbVcvWhP7BlHVWScvf5DwnVLN, 2, 1, 2, 1, 3, 2, 1, 2, 2, 2, 2, 1, 1, 2, 1, 1, 1, 1, 1, 1, 1, 2, 1, 2, 1, 1, 2, 1, 2, 2, 2, 2, 2, 1, 2, 1, 1, 1, 1, 1, 1, 2
chatcmpl-8wVCrYKIUU0rXzvKqHRhJ7mLFGWSl, 1, 2, 2, 1, 2, 2, 1, 3, 2, 1, 2, 2, 1, 2, 1, 2, 1, 2, 1, 1, 1, 2, 1, 2, 2, 1, 2, 1, 2, 1, 2, 2, 2, 1, 2, 1, 1, 1, 2, 1, 1, 2
chatcmpl-8wVDFZcyf7mfmrCK8RsY7mW1hdTXC, 2, 1, 2, 1, 3, 2, 1, 3, 2, 2, 2, 3, 2, 2, 1, 2, 2, 2, 1, 1, 2, 3, 1, 2, 1, 2, 2, 1, 2, 1, 2, 2, 3, 2, 2, 1, 2, 2, 2, 1, 1, 3
chatcmpl-8wVDVgKc96FY6131CI6Z9py87nOnr, 2, 1, 2, 1, 3, 2, 1, 3, 2, 2, 2, 3, 2, 2, 1, 2, 2, 2, 1, 1, 2, 3, 1, 2, 1, 2, 2, 1, 3, 2, 2, 2, 2, 2, 2, 1, 2, 2, 2, 1, 1, 2
chatcmpl-8wVDuuvXGOqQN2aYjv3BSK1pKVILz, 2, 1, 2, 1, 3, 2, 1, 3, 2, 2, 2, 2, 1, 2, 1, 2, 1, 2, 1, 1, 2, 3, 1, 2, 1, 1, 2, 1, 3, 2, 2, 2, 2, 1, 2, 1, 2, 1, 2, 1, 1, 3
chatcmpl-8wVEBjGf78KWizmxeuyaJ52qkaM7Z, 2, 1, 2, 1, 2, 2, 1, 3, 2, 1, 2, 3, 2, 1, 1, 2, 2, 2, 1, 1, 1, 2, 1, 2, 1, 2, 2, 1, 2, 1, 2, 1, 1, 1, 1, 1, 1, 1, 1, 1, 1, 2
chatcmpl-8wVERqC6t50F3DMlDmidglUkqngC6, 2, 1, 2, 1, 3, 2, 1, 3, 2, 2, 2, 2, 2, 2, 1, 2, 1, 2, 1, 1, 2, 3, 1, 2, 1, 2, 2, 1, 2, 2, 2, 2, 3, 1, 2, 1, 2, 2, 2, 1, 1, 3
chatcmpl-8wVEnaXIBSTFrY9t9oZirmAbjRB0W, 2, 1, 2, 1, 3, 2, 1, 3, 2, 2, 2, 1, 1, 2, 1, 1, 2, 2, 1, 1, 2, 3, 1, 2, 1, 1, 2, 1, 2, 2, 2, 2, 3, 1, 2, 1, 2, 2, 2, 1, 1, 3
chatcmpl-8wVF9R3peI6dJoiRTzzFKQ4hCV0Hw, 2, 1, 2, 1, 3, 2, 1, 3, 2, 2, 2, 1, 1, 1, 1, 2, 1, 2, 1, 1, 1, 3, 1, 2, 1, 1, 2, 1, 2, 1, 2, 2, 2, 1, 2, 1, 1, 1, 2, 1, 1, 2
chatcmpl-8wVFURugMHzDW34l3qJJKYbo8ioXv, 2, 1, 2, 1, 3, 2, 1, 3, 2, 2, 2, 2, 2, 2, 1, 2, 2, 2, 1, 1, 2, 3, 1, 2, 1, 2, 2, 1, 2, 1, 2, 2, 2, 2, 2, 1, 2, 1, 2, 1, 1, 2
chatcmpl-8wVLt8aF34hFZnNmuN7Ssdfnrn15M, 2, 1, 1, 1, 2, 2, 1, 3, 2, 2, 2, 3, 2, 2, 1, 2, 2, 2, 1, 1, 1, 2, 1, 2, 1, 2, 2, 1, 2, 1, 2, 2, 2, 2, 2, 1, 1, 1, 2, 1, 1, 2
chatcmpl-8wVMGQV2DBnEUyYyxCCOKLcn3hEZx, 2, 1, 2, 1, 3, 2, 1, 3, 2, 2, 2, 3, 2, 2, 1, 2, 1, 2, 1, 1, 2, 3, 1, 2, 1, 2, 2, 1, 3, 1, 2, 2, 3, 1, 2, 1, 2, 1, 2, 1, 1, 3
chatcmpl-8wVMYeGM5oO4ZTLTuUCQ9jz11LRQb, 2, 1, 2, 1, 3, 2, 1, 3, 2, 2, 2, 2, 1, 2, 1, 2, 1, 2, 1, 1, 1, 2, 1, 2, 1, 1, 2, 1, 3, 1, 2, 2, 3, 1, 2, 1, 1, 1, 2, 1, 1, 2
chatcmpl-8wVMtAAvHtYVNufT1G98VMxkAZul8, 1, 2, 1, 1, 3, 2, 1, 3, 2, 1, 2, 2, 1, 2, 1, 1, 1, 1, 1, 1, 1, 2, 1, 1, 1, 1, 2, 1, 2, 1, 1, 1, 2, 1, 2, 1, 1, 1, 2, 1, 1, 2
chatcmpl-8wVNBX6YwSm8FxEsLiSZSLZ6fBH0M, 2, 1, 2, 1, 3, 2, 1, 3, 2, 2, 2, 2, 2, 2, 1, 2, 1, 2, 1, 1, 2, 3, 1, 3, 1, 2, 2, 1, 3, 1, 2, 2, 3, 1, 2, 1, 2, 2, 2, 1, 1, 3
chatcmpl-8wVNUcgloaZ0CAwRwX5pOKkinqqim, 2, 1, 2, 1, 3, 2, 1, 2, 2, 2, 2, 3, 2, 2, 1, 2, 1, 2, 1, 1, 2, 2, 1, 2, 1, 2, 2, 1, 2, 1, 2, 2, 2, 1, 2, 1, 2, 2, 2, 1, 1, 2
chatcmpl-8wVNmQj8ZQwI8UXJkatN1vp53HGgh, 2, 1, 1, 1, 3, 2, 1, 2, 2, 1, 2, 3, 1, 2, 1, 1, 1, 2, 1, 1, 1, 2, 1, 2, 1, 1, 2, 1, 2, 1, 1, 2, 2, 1, 2, 1, 1, 1, 1, 1, 1, 2
chatcmpl-8wVO21f0vUWIGtkiC1ORKqHzSBqLp, 1, 1, 1, 1, 2, 2, 1, 2, 2, 1, 2, 2, 1, 2, 1, 1, 1, 2, 1, 1, 1, 2, 1, 1, 1, 1, 2, 2, 2, 2, 1, 2, 2, 1, 2, 1, 1, 1, 2, 2, 1, 2
chatcmpl-8wVOO1nddSzOrZbZEvEKbvBxxOdpI, 2, 1, 2, 1, 3, 2, 1, 3, 2, 2, 2, 3, 2, 2, 1, 2, 2, 2, 1, 1, 2, 3, 1, 3, 1, 2, 2, 1, 2, 2, 2, 2, 2, 2, 2, 1, 2, 2, 2, 2, 1, 2
chatcmpl-8wVOkOnzjCEmy1S1XhJLmRQKKL37g, 2, 1, 2, 1, 2, 1, 1, 2, 1, 2, 1, 2, 1, 2, 1, 1, 1, 1, 1, 1, 2, 2, 1, 2, 1, 1, 2, 1, 2, 1, 2, 2, 2, 1, 2, 1, 2, 1, 2, 1, 1, 2
chatcmpl-8wVP0PkCwP7OZfIvDqKNW5sxBa8hq, 2, 2, 2, 1, 3, 2, 1, 3, 2, 2, 2, 2, 2, 2, 1, 2, 1, 2, 1, 1, 2, 2, 1, 2, 1, 2, 2, 1, 2, 1, 2, 2, 2, 1, 2, 1, 2, 2, 1, 1, 1, 2
chatcmpl-8wVPKHR0xkA3DuwTK5oVo9zNZPWjW, 2, 1, 2, 1, 3, 2, 1, 3, 2, 2, 2, 3, 2, 2, 1, 2, 2, 2, 1, 1, 2, 3, 1, 2, 1, 2, 2, 2, 2, 1, 2, 2, 2, 2, 2, 1, 2, 2, 2, 1, 1, 2
chatcmpl-8wVPhl6CxcXL7uOqzIrQVzlH70tps, 2, 1, 2, 1, 2, 2, 1, 3, 2, 2, 2, 1, 1, 2, 1, 1, 1, 1, 1, 1, 1, 2, 1, 2, 1, 1, 1, 1, 1, 1, 2, 2, 2, 1, 2, 1, 1, 1, 1, 1, 1, 2
chatcmpl-8wVPwIcAFrlrlmV9tAh4QBrsYXwKq, 1, 1, 1, 1, 1, 1, 1, 3, 1, 2, 1, 1, 1, 2, 1, 1, 1, 1, 1, 1, 1, 2, 1, 2, 1, 1, 1, 1, 2, 1, 1, 1, 1, 1, 1, 1, 1, 1, 1, 1, 1, 1
chatcmpl-8wVQMAE7msHoAebuzUekZSwYi0Mun, 2, 1, 2, 1, 3, 2, 1, 3, 2, 2, 2, 2, 2, 2, 1, 2, 2, 2, 1, 1, 2, 3, 1, 2, 1, 2, 2, 1, 2, 2, 2, 2, 2, 2, 2, 1, 2, 2, 2, 1, 1, 3
chatcmpl-8wVQhrS5boC8hdZak3rYo9qwgpsbY, 2, 1, 2, 1, 3, 2, 1, 2, 2, 2, 2, 3, 2, 2, 1, 2, 2, 2, 1, 2, 2, 2, 1, 2, 1, 2, 2, 1, 2, 1, 2, 2, 3, 2, 2, 1, 2, 2, 2, 1, 1, 2
chatcmpl-8wVR4Z2RMn6jkbeaGBFv1TbyIUnJI, 2, 1, 1, 1, 2, 2, 1, 2, 1, 1, 2, 2, 1, 2, 1, 1, 1, 2, 1, 1, 1, 2, 1, 2, 1, 1, 2, 1, 2, 1, 1, 2, 2, 1, 2, 1, 1, 1, 2, 1, 1, 2
chatcmpl-8wVRO3vCrjaXeBx1LiLu73YQ6n1FF, 1, 1, 2, 1, 2, 2, 1, 2, 1, 1, 2, 1, 1, 1, 1, 1, 1, 1, 1, 1, 1, 2, 1, 1, 1, 1, 1, 1, 1, 1, 1, 1, 1, 1, 1, 1, 1, 1, 1, 1, 1, 1
chatcmpl-8wVRkc6YIAMuq7tWoHTryFk9uM8uX, 2, 1, 2, 1, 3, 2, 1, 2, 2, 2, 2, 2, 1, 2, 1, 2, 1, 2, 1, 1, 2, 3, 1, 2, 1, 1, 2, 1, 2, 2, 2, 2, 2, 1, 2, 1, 2, 1, 2, 2, 1, 3
chatcmpl-8wVS4WfIVHiHKYZMLE5dQ6spOCrbs, 1, 2, 2, 1, 2, 2, 1, 3, 1, 1, 2, 2, 1, 2, 1, 1, 1, 1, 1, 1, 1, 3, 1, 1, 1, 1, 1, 1, 2, 1, 1, 1, 1, 1, 1, 1, 1, 1, 1, 1, 1, 1
chatcmpl-8wVSY6Ef1VhhI4wRBhcfPS53gE2ul, 2, 1, 2, 1, 3, 2, 1, 2, 2, 2, 2, 3, 2, 3, 1, 2, 2, 2, 1, 1, 2, 3, 1, 2, 1, 2, 2, 1, 2, 2, 2, 2, 2, 1, 2, 1, 2, 2, 2, 1, 1, 2
chatcmpl-8wVSy8hUypUXpnu1DmOO7eQnXMSIV, 2, 2, 2, 1, 3, 2, 1, 3, 2, 2, 2, 3, 2, 2, 1, 2, 1, 2, 1, 1, 1, 2, 1, 2, 1, 2, 2, 1, 3, 2, 2, 2, 2, 1, 2, 1, 2, 2, 2, 1, 1, 3
chatcmpl-8wVTKeScJ4bxCTmwPHKVeBMiH5YQk, 2, 1, 2, 1, 3, 2, 1, 3, 2, 2, 2, 2, 1, 2, 1, 2, 1, 2, 1, 1, 1, 2, 1, 2, 1, 1, 2, 1, 2, 1, 2, 2, 2, 1, 2, 1, 1, 1, 2, 1, 1, 2
chatcmpl-8wVThhrxwAqL2z0acUFaD13uRBd13, 2, 1, 2, 1, 2, 2, 1, 3, 2, 1, 2, 2, 2, 1, 1, 2, 1, 2, 1, 1, 1, 3, 1, 2, 1, 1, 2, 1, 2, 1, 2, 2, 2, 1, 2, 1, 1, 1, 2, 1, 1, 2
chatcmpl-8wVTydIlhJ7W4z57pHD0gHsbkEnUB, 1, 1, 2, 1, 2, 2, 1, 2, 2, 1, 2, 2, 2, 2, 1, 2, 1, 2, 1, 1, 2, 2, 1, 2, 1, 2, 2, 1, 3, 1, 2, 2, 2, 1, 2, 1, 2, 1, 2, 1, 1, 2
chatcmpl-8wVUJI9J497fiQLFJpIc0wjMWtz2J, 2, 1, 2, 1, 2, 2, 1, 3, 2, 2, 2, 2, 1, 2, 1, 2, 1, 2, 1, 1, 2, 3, 1, 2, 1, 1, 2, 1, 2, 1, 2, 2, 2, 1, 2, 1, 2, 1, 2, 1, 1, 2
chatcmpl-8wVUfadfLLm12828PxOcUA64bS59p, 2, 1, 2, 1, 3, 2, 1, 3, 2, 2, 2, 3, 2, 2, 1, 2, 2, 2, 1, 1, 2, 3, 1, 2, 1, 1, 2, 1, 3, 2, 3, 2, 3, 2, 2, 1, 2, 2, 2, 1, 1, 3
chatcmpl-8wVUxsQAb6ZByio3r9UnwlYo83wl4, 2, 1, 2, 1, 3, 2, 1, 3, 2, 2, 2, 3, 1, 2, 1, 2, 1, 2, 1, 1, 2, 3, 1, 2, 1, 1, 2, 1, 2, 1, 2, 2, 3, 1, 2, 1, 2, 1, 2, 1, 1, 3
chatcmpl-8wVVKLUCRb8MQ4NjrUT1jcA6A6Gmn, 2, 1, 2, 1, 3, 2, 1, 3, 2, 2, 2, 3, 2, 2, 1, 2, 2, 1, 1, 1, 2, 2, 1, 2, 1, 2, 2, 2, 2, 1, 3, 1, 2, 2, 1, 1, 2, 2, 2, 1, 1, 2
chatcmpl-8wVVkJdrYqEefvQrUwMZs8SiLulHQ, 1, 1, 1, 1, 3, 2, 1, 2, 2, 1, 2, 3, 1, 2, 1, 2, 1, 2, 1, 1, 1, 2, 1, 2, 1, 1, 2, 1, 2, 1, 2, 2, 2, 1, 2, 1, 1, 1, 2, 1, 1, 1
chatcmpl-8wVWGqvZoEpF8tIAlAhRVHwkaAgVN, 1, 1, 2, 1, 3, 2, 1, 3, 2, 2, 2, 2, 1, 2, 1, 2, 1, 1, 1, 1, 2, 2, 1, 2, 1, 1, 2, 1, 1, 1, 2, 2, 1, 1, 1, 1, 2, 2, 1, 1, 1, 2
chatcmpl-8wVWZKedpIyMijA0oG5zdN7bV779k, 2, 1, 2, 1, 3, 2, 1, 3, 2, 2, 2, 3, 2, 2, 1, 2, 2, 2, 1, 1, 2, 3, 1, 2, 1, 2, 2, 1, 2, 2, 2, 2, 2, 2, 2, 1, 2, 2, 2, 1, 1, 2
chatcmpl-8wVX1tGixb9TMKLYui2XXQRl8uCJu, 1, 2, 2, 1, 3, 2, 1, 3, 2, 2, 2, 2, 2, 2, 1, 1, 2, 2, 1, 1, 2, 2, 1, 2, 1, 2, 2, 1, 2, 1, 2, 2, 2, 1, 1, 1, 2, 1, 2, 1, 1, 2
chatcmpl-8wVXNyVzE5EGWPqV5ycijlhZpnrxA, 2, 1, 2, 1, 2, 2, 1, 3, 2, 2, 2, 2, 1, 2, 1, 2, 1, 2, 1, 1, 1, 2, 1, 2, 1, 1, 2, 1, 2, 1, 2, 2, 2, 1, 2, 1, 2, 1, 1, 1, 1, 2
chatcmpl-8wVXmTuJEG0qmPQNp1x9wKNcfv6Os, 1, 2, 2, 1, 3, 2, 1, 2, 1, 2, 2, 2, 1, 2, 1, 2, 1, 2, 1, 1, 2, 2, 1, 2, 1, 1, 2, 1, 2, 2, 2, 2, 2, 2, 2, 1, 2, 1, 2, 1, 1, 2
chatcmpl-8wVYC2h0EaA1IzcGba27Jp5x5hTHF, 2, 1, 2, 1, 3, 2, 1, 2, 2, 2, 2, 3, 2, 1, 1, 2, 2, 1, 1, 1, 2, 2, 1, 2, 1, 2, 1, 1, 2, 1, 2, 2, 2, 2, 2, 1, 2, 2, 1, 1, 1, 2
chatcmpl-8wVYcf8TcvFFIBU1Ry8PzlmjALAG2, 2, 1, 2, 1, 3, 2, 1, 3, 2, 2, 2, 2, 2, 2, 1, 2, 2, 1, 1, 1, 2, 3, 1, 2, 1, 2, 2, 1, 3, 1, 2, 2, 3, 2, 2, 1, 2, 2, 2, 1, 1, 2
chatcmpl-8wVYy3KofwnynEZR4HNTZl5QEH9qk, 2, 1, 2, 1, 3, 2, 1, 3, 2, 2, 2, 3, 2, 2, 1, 2, 1, 2, 1, 1, 2, 3, 1, 2, 1, 2, 2, 1, 3, 2, 2, 2, 2, 1, 2, 1, 2, 2, 2, 1, 1, 2
chatcmpl-8wVZJbKf9ow9z47VORIYt3OBdP8VE, 2, 1, 2, 1, 3, 2, 1, 3, 2, 2, 2, 2, 2, 2, 1, 2, 2, 2, 1, 1, 1, 3, 1, 3, 1, 2, 2, 1, 3, 1, 2, 2, 2, 2, 2, 1, 1, 1, 2, 1, 1, 2
chatcmpl-8wVZg2xpNr0leAQ9xwwTzjLWGHYOE, 2, 1, 2, 1, 3, 2, 1, 3, 2, 2, 2, 2, 1, 2, 1, 2, 1, 2, 1, 2, 1, 3, 1, 2, 1, 1, 2, 1, 2, 1, 2, 2, 2, 1, 2, 1, 2, 1, 2, 1, 1, 3
chatcmpl-8wVZzHE8dePr1iv3nwe2pMBNfmwTK, 1, 1, 2, 1, 2, 2, 1, 2, 2, 2, 2, 3, 2, 2, 1, 2, 1, 2, 1, 1, 2, 2, 1, 2, 1, 2, 2, 1, 2, 1, 2, 1, 2, 1, 1, 1, 2, 2, 2, 1, 1, 2
chatcmpl-8wVaPOMXp7ZVojWhzm4nGUY9k1Wc4, 2, 1, 2, 1, 3, 2, 1, 3, 2, 2, 2, 2, 1, 2, 1, 2, 1, 2, 1, 1, 2, 2, 1, 2, 1, 1, 2, 1, 3, 2, 2, 2, 2, 1, 2, 1, 2, 1, 2, 1, 1, 2
chatcmpl-8wVagWXl5vvOpyWR5a4xZVB0q1KnE, 2, 2, 2, 1, 3, 2, 1, 3, 2, 2, 2, 3, 2, 2, 1, 2, 2, 2, 1, 1, 2, 3, 1, 2, 1, 2, 2, 1, 2, 1, 2, 2, 3, 2, 3, 1, 2, 2, 2, 1, 1, 3
chatcmpl-8wVb3nYFvOrrZs54vYg3qhpgO2hxM, 1, 2, 1, 1, 2, 1, 1, 2, 1, 1, 1, 1, 1, 2, 1, 1, 1, 1, 1, 1, 1, 2, 1, 1, 1, 1, 1, 1, 2, 1, 1, 2, 2, 1, 2, 1, 1, 1, 1, 1, 1, 1
chatcmpl-8wVbTnW54MrVDt5hru8auLAtWa44X, 1, 1, 2, 1, 2, 2, 1, 3, 2, 2, 2, 2, 2, 2, 1, 2, 1, 1, 1, 1, 2, 2, 1, 2, 1, 2, 1, 1, 2, 1, 2, 2, 1, 1, 2, 1, 2, 1, 1, 1, 1, 2
chatcmpl-8wVblPzmCobl2GSefTcrxlLjXXftu, 2, 1, 1, 1, 3, 2, 1, 3, 2, 2, 2, 2, 1, 2, 1, 1, 1, 2, 1, 1, 2, 3, 1, 2, 1, 1, 2, 2, 3, 1, 2, 2, 3, 1, 2, 1, 2, 1, 2, 2, 1, 3
chatcmpl-8wVc7ROkiOh97FCIT9y2rR8olorhE, 2, 1, 2, 1, 3, 2, 1, 2, 2, 2, 2, 3, 2, 1, 1, 2, 2, 2, 1, 1, 1, 2, 1, 2, 1, 2, 2, 1, 2, 1, 2, 2, 3, 2, 2, 1, 2, 1, 2, 1, 1, 2
chatcmpl-8wVcPGOpzQB0TRtJ29i1z8Wv5U8Cs, 2, 1, 1, 1, 2, 2, 1, 3, 1, 1, 2, 1, 1, 2, 1, 1, 1, 1, 1, 1, 1, 2, 1, 1, 1, 1, 2, 1, 2, 1, 1, 2, 1, 1, 2, 1, 1, 1, 1, 1, 1, 2
chatcmpl-8wVckMIWBchDyayHBNLVE3BzFfduQ, 2, 1, 2, 1, 3, 2, 1, 2, 2, 1, 2, 2, 1, 2, 1, 1, 1, 2, 1, 1, 1, 2, 1, 2, 1, 1, 2, 1, 2, 1, 3, 2, 3, 1, 2, 1, 1, 1, 2, 1, 1, 3
chatcmpl-8wVd1lUVpPC4q5sWnbXUcOfKuT0ek, 2, 1, 2, 1, 3, 2, 1, 3, 2, 2, 2, 2, 2, 2, 1, 2, 2, 2, 1, 1, 2, 3, 1, 2, 1, 2, 2, 1, 2, 1, 3, 2, 3, 2, 2, 1, 2, 2, 2, 1, 1, 2
chatcmpl-8wVijZzMfwdDyPVCmKwSYEUNH9BKz, 2, 1, 3, 1, 3, 2, 1, 3, 2, 2, 2, 2, 2, 2, 1, 2, 2, 2, 1, 1, 2, 2, 1, 2, 1, 2, 2, 1, 2, 1, 2, 2, 2, 2, 2, 1, 2, 2, 2, 1, 1, 2
chatcmpl-8wVjB8Hl8Ph6wkT9gHQ2V8DeR7vg8, 1, 1, 2, 1, 2, 2, 1, 2, 1, 1, 2, 2, 1, 1, 1, 1, 1, 1, 1, 1, 1, 2, 1, 2, 1, 1, 1, 1, 2, 1, 1, 1, 1, 1, 1, 1, 1, 1, 2, 1, 1, 1
chatcmpl-8wVjamOIXAu03k25VZAPJLy5dscER, 2, 1, 1, 1, 3, 2, 1, 3, 2, 2, 2, 2, 2, 2, 1, 2, 1, 2, 1, 1, 2, 3, 1, 2, 1, 2, 2, 1, 2, 2, 2, 2, 2, 1, 2, 1, 2, 2, 2, 1, 1, 3
