chatcmpl-8wboMzfiNLGEP5o3kFMnr1kyIB1Eo, 2, 1, 2, 1, 3, 2, 1, 3, 2, 2, 2, 3, 2, 2, 1, 2, 2, 1, 1, 1, 2, 3, 1, 2, 1, 2, 2, 1, 2, 1, 2, 2, 3, 1, 2, 1, 2, 1, 2, 1, 1, 3
chatcmpl-8wbvtt0GIw3OwDu24TaULZMOV5ERi, 2, 1, 1, 1, 3, 2, 1, 3, 2, 2, 2, 2, 2, 2, 1, 2, 1, 2, 1, 1, 1, 3, 1, 2, 2, 1, 2, 1, 3, 1, 2, 2, 2, 1, 2, 1, 1, 1, 2, 1, 1, 2
chatcmpl-8wbwDshVFQO1vkY1k5sxhYHAFj6No, 2, 2, 3, 1, 3, 2, 1, 3, 2, 2, 2, 3, 2, 2, 1, 2, 2, 2, 1, 1, 2, 3, 1, 2, 1, 2, 2, 1, 2, 2, 2, 2, 2, 2, 2, 1, 2, 2, 2, 2, 1, 2
chatcmpl-8wbwZjlpiQ02WOOstgkfw8G3rDsRK, 2, 1, 2, 1, 3, 2, 1, 3, 2, 2, 2, 3, 2, 2, 1, 2, 2, 1, 1, 1, 2, 3, 1, 2, 1, 2, 2, 1, 3, 1, 2, 2, 3, 1, 2, 1, 2, 2, 2, 1, 1, 3
chatcmpl-8wbwtSizV6oA2KNEzYpLaRgeztNsr, 2, 2, 3, 1, 3, 2, 1, 3, 2, 2, 2, 3, 2, 2, 1, 2, 2, 2, 1, 1, 2, 3, 1, 2, 1, 2, 2, 1, 2, 1, 2, 2, 2, 2, 2, 1, 2, 2, 2, 2, 1, 2
chatcmpl-8wbxDAo0L0KRkyYA5MK6HSRU2WP1m, 2, 1, 2, 1, 3, 2, 1, 3, 2, 2, 2, 3, 2, 2, 1, 2, 2, 2, 1, 1, 2, 3, 1, 2, 1, 2, 2, 1, 2, 2, 2, 2, 3, 2, 2, 1, 2, 2, 2, 1, 1, 2
chatcmpl-8wbxa4cUxTKv8wLRL0MEt1xH1JCtb, 2, 1, 2, 1, 3, 2, 1, 3, 2, 2, 2, 3, 2, 2, 1, 2, 1, 2, 1, 1, 1, 3, 1, 2, 1, 2, 2, 1, 2, 2, 3, 2, 3, 2, 2, 1, 2, 1, 2, 1, 1, 3
chatcmpl-8wby07xFXL2DJg28FVOQT1ynKvWAS, 2, 1, 2, 1, 3, 2, 1, 3, 2, 2, 2, 2, 1, 2, 1, 1, 1, 2, 1, 1, 1, 3, 1, 1, 1, 1, 2, 1, 2, 1, 2, 2, 2, 1, 2, 1, 1, 1, 2, 1, 1, 2
chatcmpl-8wbyHmtkfz2EsRZZrPpu3FsOgb1ms, 2, 1, 2, 1, 3, 2, 1, 3, 2, 2, 3, 2, 2, 2, 1, 2, 2, 2, 1, 1, 2, 3, 1, 2, 1, 2, 2, 1, 3, 2, 2, 2, 3, 2, 2, 1, 2, 2, 2, 1, 1, 3
chatcmpl-8wbyYtLdeVzp37R9FcWSChGgvsyS6, 2, 1, 2, 1, 3, 2, 1, 3, 2, 1, 2, 2, 2, 1, 1, 2, 1, 2, 1, 1, 1, 3, 1, 2, 1, 2, 2, 1, 2, 1, 2, 2, 2, 1, 2, 1, 1, 1, 2, 1, 1, 2
chatcmpl-8wbyp7eqfNV4icPyQk6udDAiHOUgf, 2, 1, 2, 1, 3, 2, 1, 3, 2, 2, 2, 2, 2, 2, 1, 2, 2, 1, 2, 1, 2, 3, 1, 2, 1, 2, 2, 1, 3, 1, 2, 2, 3, 2, 2, 1, 2, 2, 2, 1, 1, 2
chatcmpl-8wbz6xUfznlL1KIuObkBCJeW5B35T, 2, 1, 2, 1, 3, 2, 1, 2, 2, 2, 2, 3, 2, 2, 1, 2, 1, 2, 1, 1, 2, 3, 1, 2, 1, 2, 2, 1, 2, 1, 2, 2, 3, 1, 2, 1, 2, 1, 2, 1, 1, 2
chatcmpl-8wbzLFfX3mbulAPLkCsHwCayuT0Y6, 2, 1, 2, 1, 3, 2, 1, 3, 2, 2, 2, 3, 2, 2, 1, 2, 2, 2, 1, 1, 2, 3, 1, 2, 1, 2, 2, 1, 3, 2, 2, 2, 3, 2, 2, 1, 2, 2, 2, 2, 1, 2
chatcmpl-8wbza31RP82ZHDNculETPyKMGIJ2s, 2, 2, 3, 1, 3, 2, 1, 3, 2, 2, 2, 2, 2, 2, 1, 2, 2, 2, 1, 1, 2, 3, 1, 2, 1, 2, 2, 1, 2, 1, 2, 2, 2, 2, 2, 1, 2, 2, 2, 1, 1, 2
chatcmpl-8wc00DQsEEh7xHJTWlmcw8zMfRTBL, 2, 1, 2, 1, 3, 2, 1, 3, 2, 2, 2, 3, 2, 2, 1, 2, 2, 1, 1, 1, 2, 3, 1, 2, 1, 2, 2, 1, 2, 1, 3, 2, 3, 2, 2, 1, 2, 2, 2, 1, 1, 2
chatcmpl-8wc0LCOYRB4XKdUWVRNr26l0Lwwie, 2, 1, 1, 1, 3, 2, 1, 3, 2, 2, 2, 3, 2, 2, 1, 2, 1, 2, 1, 1, 1, 2, 1, 2, 1, 2, 2, 1, 2, 1, 2, 2, 3, 1, 2, 1, 2, 1, 2, 1, 1, 2
chatcmpl-8wc0fQcL7QngAOAMI6GoPGGqKKNDw, 2, 1, 2, 1, 3, 2, 1, 3, 2, 2, 2, 2, 2, 2, 1, 2, 2, 2, 1, 1, 2, 3, 1, 2, 1, 2, 2, 1, 3, 2, 2, 2, 2, 2, 2, 1, 2, 2, 2, 1, 1, 2
chatcmpl-8wc10LxiGDzPN2fzoZNPiCSJ2SLfD, 2, 1, 2, 1, 3, 2, 1, 3, 2, 1, 2, 3, 2, 2, 1, 2, 1, 2, 1, 1, 1, 2, 1, 2, 1, 2, 2, 1, 3, 1, 2, 2, 3, 1, 2, 1, 1, 1, 2, 1, 1, 2
chatcmpl-8wc1MpQG3jcopeR7DfY9nVqRnlHr3, 2, 1, 2, 1, 3, 2, 1, 3, 2, 2, 2, 2, 1, 2, 1, 1, 1, 2, 1, 1, 1, 3, 1, 2, 1, 1, 2, 1, 2, 1, 2, 2, 2, 1, 2, 1, 1, 1, 2, 1, 1, 2
chatcmpl-8wc1cCdRmov0MONOsLfnS8VgEgBTf, 2, 2, 2, 1, 3, 2, 1, 3, 2, 2, 2, 2, 2, 2, 1, 2, 2, 2, 1, 1, 2, 3, 1, 2,1, 2, 2, 2, 2, 2, 3, 2, 2, 2, 2, 1, 2, 2, 2, 2, 1, 2
chatcmpl-8wc1r4WyKPC6BOPTl1yKtlAcyr7Sb, 2, 1, 2, 1, 3, 2, 1, 3, 2, 1, 2, 2, 2, 2, 1, 2, 1, 2, 1, 1, 1, 2, 1, 2, 1, 2, 2, 1, 3, 2, 2, 2, 3, 1, 2, 1, 1, 1, 2, 1, 1, 2
chatcmpl-8wc28gp5ZX7vMYvn0maoF9wcCj7PB, 2, 1, 2, 1, 3, 2, 1, 3, 2, 2, 2, 3, 2, 2, 1, 2, 2, 2, 1, 1, 2, 3, 1, 2, 1, 2, 2, 1, 3, 2, 2, 2, 3, 2, 2, 1, 2, 2, 2, 1, 1, 2
chatcmpl-8wc2Q6KclYwAshjJTzs4UJJ8govz4, 2, 1, 3, 1, 2, 2, 1, 3, 2, 3, 2, 2, 2, 2, 1, 2, 2, 2, 1, 1, 2, 2, 1, 2, 1, 2, 2, 1, 2, 1, 2, 2, 2, 2, 2, 1, 2, 2, 2, 2, 1, 2
chatcmpl-8wc2m70KBF2xqTYoHW6ZxpQ2P265K, 2, 1, 2, 1, 3, 2, 1, 3, 2, 2, 2, 2, 2, 2, 1, 2, 2, 1, 1, 1, 2, 2, 1, 2, 1, 2, 2, 1, 2, 2, 2, 2, 2, 2, 2, 1, 2, 2, 2, 1, 1, 2
chatcmpl-8wc378bCTKEfq4yIHRWxjs0WPBjXK, 2, 1, 2, 1, 3, 2, 1, 3, 2, 2, 2, 3, 2, 2, 1, 2, 2, 2, 1, 1, 2, 3, 1, 2, 1, 2, 2, 1, 3, 2, 2, 2, 3, 2, 2, 1, 2, 2, 2, 1, 1, 2
chatcmpl-8wc3SXOdhYjQ9AJGR1iyQoFlNep8C, 2, 2, 3, 1, 3, 2, 1, 2, 2, 1, 2, 3, 2, 2, 1, 2, 1, 2, 1, 1, 1, 2, 1, 2, 1, 2, 2, 1, 2, 1, 2, 2, 2, 1, 2, 1, 1, 1, 2, 1, 1, 2
chatcmpl-8wc3uHwPcacYlmvMk5UFrVtqgXw28, 2, 1, 2, 1, 3, 2, 1, 3, 2, 1, 2, 2, 1, 2, 1, 1, 1, 1, 1, 1, 1, 2, 1, 2, 1, 1, 1, 1, 1, 2, 1, 1, 2, 1, 1, 1, 1, 1, 1, 1, 1, 1
chatcmpl-8wc487hQ0MSZbTPw2nh1Z3wilAzGV, 2, 1, 2, 1, 3, 2, 1, 3, 2, 1, 2, 3, 2, 2, 1, 2, 1, 2, 2, 1, 1, 3, 1, 2, 1, 2, 2, 1, 2, 1, 3, 2, 3, 1, 2, 1, 1, 2, 2, 1, 1, 3
chatcmpl-8wc4ORRzw8BiPDli2pZhsoLbOp5b1, 2, 1, 1, 1, 3, 2, 1, 3, 2, 2, 2, 2, 2, 2, 1, 2, 2, 2, 1, 1, 2, 3, 1, 2, 1, 2, 2, 1, 2, 2, 2, 2, 3, 1, 2, 1, 2, 2, 2, 1, 1, 2
chatcmpl-8wc4i6EKZtr5kq2xQO1UwsCbKXXSl, 2, 1, 2, 1, 3, 2, 1, 3, 2, 2, 2, 1, 2, 2, 1, 2, 2, 2, 1, 2, 2, 3, 1, 2, 1, 2, 2, 2, 3, 2, 2, 2, 3, 2, 2, 1, 2, 2, 2, 2, 1, 2
chatcmpl-8wc51CWffaKNZi07Xq53Uu5Xj1UM9, 2, 1, 2, 1, 3, 2, 1, 3, 2, 2, 2, 2, 2, 2, 1, 2, 2, 2, 1, 1, 2, 3, 1, 2, 1, 2, 2, 1, 3, 2, 2, 2, 2, 2, 2, 1, 2, 2, 2, 1, 1, 2
chatcmpl-8wc5O9HtHxtg6DpHySySkvcST8Rno, 2, 1, 2, 1, 3, 2, 1, 3, 2, 2, 2, 3, 2, 2, 1, 2, 2, 2, 1, 1, 2, 3, 1, 2, 1, 2, 2, 1, 3, 2, 2, 2, 3, 2, 2, 1, 2, 2, 2, 1, 1, 2
chatcmpl-8wc5hpDMVEpQenj9fmaRLe9sZ0cYX, 2, 1, 2, 1, 3, 2, 1, 3, 2, 2, 2, 2, 1, 2, 1, 1, 2, 2, 1, 1, 2, 3, 1, 2, 1, 1, 2, 1, 2, 2, 2, 2, 2, 2, 2, 1, 2, 2, 2, 1, 1, 3
chatcmpl-8wc5zZupl4cSIMqGv5PXBQDGp6Zpt, 2, 1, 2, 1, 3, 2, 1, 3, 2, 2, 2, 2, 2, 2, 1, 2, 2, 2, 1, 1, 2, 3, 1, 2, 1, 2, 2, 1, 3, 1, 2, 2, 3, 2, 2, 1, 2, 2, 2, 1, 1, 2
chatcmpl-8wc6T185Pd0IuJqtBSsHqmVStfnZv, 2, 1, 2, 1, 3, 2, 1, 3, 2, 2, 2, 2, 2, 2, 1, 2, 2, 2, 1, 1, 2, 3, 1, 2, 1, 2, 2, 1, 3, 1, 2, 2, 3, 2, 2, 1, 2, 2, 2, 1, 1, 3
chatcmpl-8wc6vsfsbq2jNUq5KPjuaZKvMt5ex, 2, 1, 2, 1, 3, 2, 1, 2, 2, 2, 2, 2, 2, 2, 1, 2, 2, 2, 1, 1, 2, 3, 1, 2, 1, 2, 2, 1, 2, 1, 2, 2, 2, 2, 2, 1, 2, 1, 2, 1, 1, 2
chatcmpl-8wc7FSDmCFQitSERvpvsk0MCxWeuw, 2, 1, 2, 1, 3, 2, 1, 3, 2, 2, 2, 2, 2, 1, 1, 1, 2, 2, 1, 1, 1, 3, 1, 2, 1, 2, 2, 1, 2, 1, 2, 2, 3, 2, 2, 1, 2, 1, 2, 1, 1, 2
chatcmpl-8wc7ZTP1NfLyAIEFbZxKCeup0alJv, 2, 1, 2, 1, 3, 2, 1, 3, 2, 2, 2, 2, 2, 3, 1, 2, 1, 1, 1, 1, 2, 3, 1, 2, 1, 2, 2, 2, 3, 2, 2, 2, 3, 1, 2, 1, 2, 2, 2, 2, 1, 2
chatcmpl-8wc7r2D1PKCcddtfR9wHEs0dwbfIl, 2, 1, 2, 1, 3, 2, 1, 3, 2, 2, 2, 2, 2, 2, 1, 2, 2, 2, 1, 1, 2, 3, 1, 2, 1, 2, 2, 1, 2, 1, 2, 2, 2, 2, 2, 1, 2, 1, 2, 1, 1, 2
chatcmpl-8wc84T3X8O5VG7tAE6Fo7tNa4ONgT, 2, 2, 2, 1, 3, 2, 1, 3, 3, 2, 2, 3, 2, 2, 1, 2, 2, 2, 1, 2, 2, 3, 1, 2, 1, 2, 2, 1, 3, 1, 2, 2, 3, 2, 2, 1, 2, 2, 2, 1, 1, 2
chatcmpl-8wc8UwdEeQW4kmQgkCwqLkpHr9Xb1, 2, 2, 2, 1, 2, 2, 1, 3, 2, 2, 2, 2, 2, 2, 1, 2, 2, 2, 1, 1, 2, 2, 1, 2, 2, 2, 2, 1, 2, 1, 2, 2, 2, 2, 2, 1, 2, 2, 2, 1, 1, 2
chatcmpl-8wc8sOgkNV31hUlXFWSYjYMVgcHsy, 2, 1, 2, 1, 3, 2, 1, 3, 2, 2, 2, 2, 2, 2, 1, 2, 1, 2, 1, 1, 3, 2, 1, 2, 1, 2, 2, 1, 2, 1, 2, 2, 2, 1, 2, 1, 2, 1, 2, 1, 1, 2
chatcmpl-8wc96VZ9zF4UuUer1VftIegEd1wcc, 2, 1, 2, 1, 3, 2, 1, 3, 2, 2, 2, 2, 2, 2, 1, 2, 2, 2, 1, 1, 2, 3, 1, 2, 1, 2, 2, 1, 2, 2, 2, 2, 3, 2, 2, 1, 2, 2, 2, 1, 1, 2
chatcmpl-8wc9QNP7FZdwqELlAvuJB2HHICtcc, 2, 1, 2, 1, 3, 2, 1, 3, 2, 1, 2, 2, 2, 2, 1, 1, 1, 2, 1, 1, 1, 2, 1, 2, 1, 2, 2, 1, 2, 1, 2, 1, 2, 1, 2, 1, 1, 1, 2, 1, 1, 2
chatcmpl-8wc9nkR90CAZFGfcrkoP3WHnLgmgs, 2, 1, 2, 1, 2, 2, 1, 3, 2, 2, 2, 2, 2, 2, 1, 2, 2, 2, 1, 1, 2, 3, 1, 2, 1, 2, 2, 1, 2, 1, 2, 2, 2, 2, 2, 1, 2, 2, 1, 1, 1, 2
chatcmpl-8wcA623TeIZeiLV1rv62xrmX4n4S1, 2, 1, 2, 1, 3, 2, 1, 3, 2, 2, 2, 2, 2, 2, 1, 2, 2, 2, 1, 1, 2, 3, 1, 2, 1, 2, 2, 2, 3, 1, 2, 2, 3, 2, 2, 1, 2, 3, 2, 1, 1, 2
chatcmpl-8wcALnY97eO3KwV9ILhGbhtJT5f7v, 2, 1, 1, 1, 3, 2, 1, 3, 2, 1, 2, 2, 1, 2, 1, 1, 1, 2, 1, 1, 1, 3, 1, 1, 1, 2, 2, 1, 2, 1, 1, 2, 2, 1, 2, 1, 1, 1, 2, 1, 1, 2
chatcmpl-8wcAerXMZMu2yo2V9Ch044JHz2q5i, 2, 1, 2, 1, 3, 2, 1, 3, 3, 2, 3, 2, 2, 2, 1, 2, 2, 2, 1, 1, 2, 3, 1, 2, 1, 2, 2, 1, 3, 1, 2, 2, 3, 2, 2, 1, 2, 2, 2, 1, 1, 2
chatcmpl-8wcB1CbNssD5I9OpfdUaTtrbO9IDX, 2, 1, 2, 1, 4, 3, 1, 3, 3, 2, 2, 2, 1, 2, 1, 2, 2, 2, 1, 1, 1, 2, 1, 2, 1, 2, 2, 1, 2, 1, 2, 2, 2, 1, 2, 1, 2, 2, 2, 1, 1, 2
chatcmpl-8wcBLC5EDyCeX6GGtzx0IjeuEZbFT, 2, 1, 2, 1, 3, 2, 1, 3, 2, 2, 2, 2, 2, 2, 1, 2, 1, 2, 1, 1, 2, 3, 1, 2, 1, 2, 2, 1, 3, 1, 2, 2, 3, 1, 2, 1, 2, 2, 2, 1, 1, 2
chatcmpl-8wcBbW5zI9KZwoR87sf9NVzNeVSOK, 2, 1, 3, 1, 2, 2, 1, 3, 3, 2, 2, 2, 2, 2, 1, 2, 2, 2, 1, 2, 2, 3, 1, 2, 1, 2, 2, 2, 2, 2, 2, 2, 3, 2, 2, 2, 2, 2, 2, 2, 1, 2
chatcmpl-8wcBwTlJxqR8KR4JFEtDcLWT9gt8p, 2, 1, 2, 1, 3, 2, 1, 3, 2, 2, 2, 1, 2, 2, 1, 2, 1, 2, 1, 1, 2, 3, 1, 2, 1, 2, 2, 1, 2, 1, 2, 2, 2, 1, 2, 1, 2, 1, 2, 1, 1, 2
chatcmpl-8wcCIdkGGxKYyWOo5BbEGd4t4JmAu, 2, 1, 2, 1, 3, 2, 1, 3, 2, 2, 2, 3, 2, 1, 1, 2, 2, 2, 1, 1, 2, 3, 1, 2, 1, 2, 2, 1, 2, 2, 2, 2, 2, 2, 2, 1, 2, 2, 2, 1, 1, 2
chatcmpl-8wcCbLzAEcbw5Kx6lJv7SdCTtxwKO, 2, 1, 2, 1, 3, 2, 1, 3, 2, 2, 2, 2, 2, 2, 1, 2, 2, 2, 1, 1, 2, 3, 1, 3, 1, 2, 2, 1, 2, 1, 3, 2, 3, 2, 2, 1, 2, 2, 2, 1, 1, 3
chatcmpl-8wcCwH9B44IEsLl6ts0wfxAatnJW9, 2, 1, 2, 1, 3, 2, 1, 3, 2, 2, 2, 3, 2, 2, 1, 2, 2, 2, 1, 1, 2, 3, 1, 2, 1, 2, 2, 1, 3, 2, 2, 2, 3, 2, 2, 1, 2, 2, 2, 1, 1, 2
chatcmpl-8wcDIpFYotZ9DskYHzEpdgEcrhyAQ, 2, 2, 2, 1, 3, 2, 1, 3, 2, 2, 2, 1, 1, 2, 1, 2, 1, 2, 1, 1, 2, 3, 1, 2, 1, 1, 2, 1, 3, 2, 3, 2, 2, 1, 3, 1, 2, 1, 2, 1, 1, 2
chatcmpl-8wcDXXofOWQRGyB0xcnWPRO8CtWHN, 2, 1, 2, 1, 3, 2, 1, 3, 2, 2, 2, 1, 2, 2, 1, 2, 1, 2, 1, 1, 2, 3, 1, 3, 1, 2, 2, 1, 3, 1, 2, 2, 3, 2, 2, 1, 2, 2, 2, 1, 1, 2
chatcmpl-8wcDqtKjwIUFWNmGH86mxGgjrOqqW, 2, 1, 2, 1, 3, 2, 1, 3, 3, 2, 2, 3, 2, 2, 1, 2, 2, 2, 2, 1, 2, 3, 1, 2, 1, 2, 2, 1, 2, 2, 2, 2, 3, 2, 2, 1, 2, 2, 2, 1, 1, 2
chatcmpl-8wcE9xo7Kf13CA5G5aqoEsJk2C4GN, 2, 1, 2, 1, 3, 2, 1, 3, 2, 2, 2, 3, 2, 2, 1, 2, 2, 2, 1, 1, 2, 3, 1, 2, 1, 2, 2, 1, 2, 2, 2, 2, 3, 2, 2, 1, 2, 2, 2, 1, 1, 2
chatcmpl-8wcEX3QZDyYoSCblUJTU4vwbUHM1s, 2, 1, 2, 1, 3, 2, 1, 3, 2, 2, 2, 3, 2, 2, 1, 2, 2, 2, 1, 1, 2, 3, 1, 2, 1, 2, 2, 1, 2, 2, 2, 2, 2, 2, 2, 1, 2, 2, 2, 1, 1, 2
chatcmpl-8wcErQ9f1hpB0Vnj7B0E6mhx25Mn7, 2, 2, 2, 1, 3, 2, 1, 3, 2, 2, 2, 3, 2, 2, 1, 2, 2, 2, 1, 1, 2, 3, 1, 3, 2, 2, 2, 1, 3, 2, 2, 2, 3, 2, 2, 1, 2, 2, 2, 1, 1, 2
chatcmpl-8wcFDYRyPXHprlAE5fuNpqZm5j08t, 2, 1, 2, 1, 3, 2, 1, 2, 3, 2, 2, 2, 1, 2, 1, 2, 1, 2, 1, 1, 1, 3, 1, 2, 1, 1, 2, 1, 3, 2, 2, 2, 3, 1, 2, 1, 2, 1, 2, 1, 1, 2
chatcmpl-8wcFXvCYqcl8tyzNxJ2znxGdCRdxX, 2, 1, 2, 1, 3, 2, 1, 3, 2, 2, 2, 2, 1, 2, 1, 2, 2, 2, 1, 1, 2, 3, 1, 2, 1, 1, 2, 1, 2, 1, 2, 2, 2, 1, 2, 1, 2, 1, 2, 1, 1, 2
chatcmpl-8wcFuIL4rIKtR00qRIxdNpsoxToq4, 2, 1, 2, 1, 3, 2, 1, 3, 2, 2, 2, 3, 2, 2, 1, 2, 2, 2, 1, 1, 2, 3, 1, 2, 1, 2, 2, 1, 2, 2, 3, 2, 3, 2, 2, 1, 2, 2, 2, 1, 1, 3
chatcmpl-8wcGF4O6C4vIxWchY5HmtAHVC6iIX, 2, 1, 1, 1, 3, 2, 1, 3, 2, 2, 2, 2, 2, 2, 1, 2, 2, 2, 1, 1, 2, 3, 1, 2, 1, 2, 2, 1, 3, 2, 2, 2, 3, 2, 2, 1, 2, 1, 2, 1, 1, 2
chatcmpl-8wcGanRFPfxbRgkRBtUp4UzHnkI5t, 2, 1, 2, 1, 3, 2, 1, 3, 2, 2, 2, 3, 2, 2, 1, 2, 2, 2, 1, 1, 2, 3, 1, 2, 1, 2, 2, 1, 3, 2, 2, 2, 3, 2, 3, 1, 2, 1, 2, 1, 1, 2
chatcmpl-8wcGqdpgUDBlLeCyChNVZSfWFvjPl, 2, 1, 2, 1, 3, 2, 1, 3, 2, 2, 2, 2, 2, 2, 1, 2, 2, 2, 1, 1, 2, 3, 1, 2, 1, 2, 2, 2, 3, 2, 2, 2, 3, 2, 2, 1, 2, 2, 2, 2, 1, 2
chatcmpl-8wcHBrIbD1mIuwnFpijmDBJ6Z8S6C, 2, 1, 2, 1, 3, 2, 1, 3, 2, 2, 2, 3, 2, 2, 1, 2, 2, 2, 1, 1, 2, 3, 1, 2, 1, 2, 2, 1, 3, 1, 2, 2, 3, 2, 2, 1, 2, 2, 2, 1, 1, 2
chatcmpl-8wcHTmGH3bYQg9ORCrpnvmYcq7Qms, 2, 1, 2, 1, 3, 2, 1, 3, 3, 2, 2, 3, 2, 2, 1, 2, 2, 2, 1, 1, 2, 3, 1, 2, 1, 2, 2, 1, 3, 1, 2, 2, 3, 2, 2, 1, 2, 1, 2, 1, 1, 2
chatcmpl-8wcHrZKkCRh4uvC0Q1rKQnYwEe4Ve, 2, 2, 2, 1, 3, 2, 1, 3, 2, 2, 2, 3, 1, 2, 1, 2, 2, 2, 1, 1, 2, 3, 1, 2, 1, 1, 2, 1, 2, 2, 2, 2, 2, 2, 2, 1, 2, 2, 2, 1, 1, 2
chatcmpl-8wcI68Oy3I2kIWAptnhwMdjgZMxni, 2, 1, 2, 1, 3, 2, 1, 2, 2, 2, 3, 2, 2, 2, 1, 2, 2, 2, 1, 1, 2, 3, 1, 2, 1, 2, 2, 1, 2, 1, 2, 2, 3, 2, 2, 1, 2, 2, 2, 1, 1, 2
chatcmpl-8wcIPiyn4VOGNAEKPYa7MNxDCHz58, 2, 1, 2, 1, 3, 2, 1, 3, 2, 2, 2, 3, 2, 2, 1, 2, 2, 1, 1, 1, 2, 3, 1, 2, 1, 2, 2, 1, 2, 1, 2, 2, 3, 2, 2, 1, 2, 2, 2, 1, 1, 3
chatcmpl-8wcIi4CVLWrHsgLx11VK8PEYfQO5b, 2, 1, 2, 1, 3, 2, 1, 3, 2, 2, 2, 3, 2, 2, 1, 2, 2, 2, 1, 1, 2, 3, 1, 2, 1, 2, 2, 1, 2, 1, 2, 2, 3, 2, 2, 1, 2, 2, 2, 1, 1, 2
chatcmpl-8wcJ3l7BFkyqbaWGrYg2am6tq1h15, 2, 1, 2, 1, 3, 2, 1, 3, 2, 2, 2, 3, 2, 2, 1, 2, 2, 2, 1, 1, 2, 3, 1, 2, 1, 2, 2, 1, 2, 1, 2, 2, 3, 2, 2, 1, 2, 2, 2, 1, 1, 2
chatcmpl-8wcJIybhl7BFv8JS8coIyJkUdqyfF, 2, 1, 2, 1, 3, 2, 1, 3, 2, 2, 2, 3, 2, 2, 1, 2, 2, 2, 1, 1, 2, 3, 1, 2, 1, 2, 2, 1, 2, 1, 3, 2, 3, 2, 2, 1, 2, 2, 2, 1, 1, 3
chatcmpl-8wcJeYZK3R3jP3ns63RcmRpQiKqM0, 2, 2, 3, 1, 3, 2, 1, 3, 2, 2, 2, 3, 1, 2, 1, 2, 2, 2, 1, 1, 1, 3, 1, 2, 1, 1, 2, 1, 2, 1, 2, 2, 3, 1, 2, 1, 2, 1, 2, 1, 1, 2
chatcmpl-8wcK2tdyF8rdnq3crnWNFlEZ4McZM, 2, 1, 2, 1, 3, 2, 1, 3, 2, 2, 3, 2, 2, 2, 1, 2, 2, 2, 1, 1, 2, 3, 1, 3, 1, 2, 2, 1, 2, 1, 3, 2, 2, 2, 3, 1, 2, 2, 2, 1, 1, 3
chatcmpl-8wcKN7FxvJkdiThjQ9vwdXfmxeUUb, 2, 1, 1, 1, 2, 2, 1, 3, 2, 1, 2, 1, 1, 2, 1, 1, 1, 2, 1, 1, 1, 3, 1, 1, 1, 1, 1, 1, 2, 1, 1, 2, 2, 1, 1, 1, 1, 1, 2, 1, 1, 1
chatcmpl-8wcKcszEJcA46R591DQYrr7kqKsnx, 2, 1, 1, 1, 3, 2, 1, 2, 2, 1, 2, 2, 1, 2, 1, 1, 1, 2, 1, 1, 1, 3, 1, 1, 1, 1, 2, 1, 3, 1, 1, 2, 2, 1, 2, 1, 1, 1, 2, 1, 1, 2
chatcmpl-8wcKonDvNKDHjBxihkylKJYvuXI85, 2, 1, 2, 1, 3, 2, 1, 3, 2, 2, 2, 1, 2, 2, 1, 2, 1, 2, 1, 1, 2, 3, 1, 2, 1, 1, 2, 1, 2, 1, 2, 2, 2, 1, 2, 1, 1, 1, 2, 1, 1, 2
chatcmpl-8wcL5VSzdiJQAc7oFVOEdGi3sANbu, 2, 1, 2, 1, 3, 2, 1, 3, 2, 2, 2, 3, 2, 2, 1, 2, 2, 2, 1, 1, 2, 3, 1, 2, 1, 2, 2, 1, 3, 2, 2, 2, 3, 2, 2, 1, 2, 2, 2, 1, 1, 2
chatcmpl-8wcLNZHmtUlP48Lh4lliK9tNx4fsA, 2, 1, 2, 1, 3, 2, 1, 3, 2, 2, 2, 2, 1, 2, 1, 2, 1, 2, 1, 1, 2, 3, 1, 2, 1, 2, 2, 1, 3, 2, 2, 2, 3, 1, 2, 1, 2, 1, 2, 1, 1, 2
chatcmpl-8wcLdVIXOex1fjK5dNDYNgR2aLuR6, 2, 1, 2, 1, 3, 2, 1, 3, 2, 2, 2, 3, 2, 2, 1, 2, 1, 2, 1, 1, 2, 3, 1, 2, 1, 2, 2, 1, 3, 2, 2, 2, 3, 1, 2, 1, 2, 1, 2, 1, 1, 3
chatcmpl-8wcLzXh4jmYACVc3qgR1h3OFJqSUa, 1, 1, 2, 1, 3, 2, 1, 3, 2, 2, 2, 3, 2, 2, 1, 2, 2, 2, 1, 1, 2, 3, 1, 2, 1, 2, 2, 2, 3, 2, 2, 2, 3, 2, 2, 1, 2, 2, 2, 2, 1, 2
chatcmpl-8wcMNh7EVDkJmXgcizSpauFVFS4A1, 2, 1, 2, 1, 3, 2, 1, 3, 1, 2, 2, 2, 2, 2, 1, 2, 2, 2, 1, 1, 2, 3, 1, 2, 1, 2, 2, 1, 2, 1, 3, 2, 2, 2, 2, 1, 2, 1, 2, 1, 1, 3
chatcmpl-8wcMiURitvNEqpTxDpMkG2oZe9Mgi, 2, 1, 2, 1, 3, 2, 1, 3, 2, 2, 2, 2, 1, 2, 1, 1, 2, 2, 1, 1, 2, 3, 1, 2, 1, 1, 2, 1, 2, 1, 2, 2, 2, 1, 2, 1, 2, 2, 2, 1, 1, 2
chatcmpl-8wcN4zCHsbxoJoxNvL4kTLG7Ua3in, 2, 1, 2, 1, 3, 2, 1, 3, 2, 2, 2, 2, 2, 1, 1, 2, 2, 1, 1, 1, 2, 3, 1, 2, 1, 2, 2, 1, 2, 2, 2, 2, 2, 2, 2, 1, 2, 2, 2, 1, 1, 2
chatcmpl-8wcNR0m2PTItx27maT7p4FeX2v3Xj, 2, 1, 2, 1, 3, 2, 1, 2, 1, 1, 2, 3, 2, 2, 1, 2, 1, 2, 1, 1, 1, 2, 1, 2, 1, 2, 2, 1, 2, 1, 2, 2, 3, 1, 2, 1, 2, 1, 2, 1, 1, 2
chatcmpl-8wcNh2W1hh3bN8ccdz2thDWsG8woQ, 2, 2, 2, 1, 3, 2, 1, 3, 2, 2, 2, 2, 2, 3, 1, 2, 3, 2, 1, 1, 2, 3, 1, 2, 1, 2, 2, 1, 2, 1, 2, 2, 2, 2, 2, 1, 2, 2, 2, 1, 1, 2
chatcmpl-8wcO4PoRbJK9MPCCXlXITCOmYeXtL, 2, 1, 2, 1, 3, 2, 1, 3, 2, 2, 2, 1, 2, 2, 1, 2, 1, 2, 1, 1, 2, 3, 1, 2, 1, 1, 1, 1, 2, 1, 2, 2, 3, 1, 2, 1, 2, 1, 2, 1, 1, 2
chatcmpl-8wcOK2VzaL9RwqGvpOrEiQCiEm0L9, 2, 2, 2, 1, 3, 2, 1, 3, 2, 2, 2, 2, 2, 2, 1, 2, 2, 2, 1, 1, 2, 3, 1, 2, 1, 2, 2, 1, 3, 1, 2, 3, 3, 1, 3, 1, 2, 2, 2, 1, 1, 2
chatcmpl-8wcOmPeM5Vc6srtqUOopL154qwLBN, 2, 1, 2, 1, 3, 2, 1, 3, 2, 2, 2, 3, 2, 2, 1, 2, 2, 2, 1, 1, 2, 3, 1, 2, 1, 2, 2, 1, 3, 1, 2, 2, 3, 2, 2, 1, 2, 2, 2, 1, 1, 2
chatcmpl-8wcPBgRu6iu9H7TbWDeePuVWeEc3i, 2, 1, 2, 1, 3, 2, 1, 2, 3, 1, 2, 3, 2, 1, 1, 2, 2, 2, 1, 1, 1, 3, 1, 2, 1, 2, 2, 1, 2, 1, 2, 2, 3, 2, 2, 1, 1, 1, 2, 1, 1, 2
chatcmpl-8wcPZa8fXWaTlW7rTG1N71u8RWJpk, 2, 1, 2, 1, 3, 2, 1, 3, 2, 2, 2, 2, 2, 2, 1, 2, 2, 1, 1, 1, 2, 3, 1, 2, 1, 1, 2, 1, 2, 1, 2, 2, 2, 1, 2, 1, 2, 1, 2, 1, 1, 2
chatcmpl-8wcPqGv6PpOI7uOX07jetVN4MnNdA, 2, 1, 2, 1, 2, 2, 1, 3, 2, 2, 2, 2, 2, 2, 1, 2, 2, 1, 1, 1, 2, 3, 1, 2, 1, 2, 2, 1, 2, 2, 2, 2, 2, 2, 2, 1, 2, 2, 2, 1, 1, 2
chatcmpl-8wcQ7QRRSVIcqMbZBf5OT82lLph9H, 2, 2, 2, 1, 3, 2, 1, 3, 2, 2, 2, 2, 2, 2, 1, 2, 2, 2, 2, 1, 2, 3, 2, 2, 1, 2, 2, 1, 3, 2, 2, 2, 3, 2, 2, 1, 2, 2, 2, 1, 1, 3
chatcmpl-8wcQJ7ArpR3Nb5yFRcPYTFMPA80Nn, 2, 1, 2, 1, 3, 2, 1, 3, 2, 2, 2, 2, 1, 2, 1, 1, 2, 2, 1, 1, 2, 3, 1, 2, 1, 1, 2, 1, 3, 1, 2, 2, 3, 2, 2, 1, 2, 2, 2, 1, 1, 2
chatcmpl-8wcQblP8pqDfvUFL5Fj4sE7EdubuJ, 2, 1, 2, 1, 3, 2, 1, 3, 2, 2, 2, 2, 2, 2, 1, 2, 2, 1, 1, 1, 2, 3, 1, 2, 1, 2, 1, 1, 3, 1, 2, 2, 3, 1, 2, 1, 2, 2, 2, 1, 1, 3
chatcmpl-8wcQyZeDyo0JEUf7jkjG2VHkK2bah, 2, 1, 2, 1, 3, 2, 1, 3, 2, 2, 2, 3, 2, 2, 1, 2, 2, 2, 1, 2, 2, 3, 1, 2, 1, 2, 2, 1, 3, 2, 2, 2, 3, 2, 2, 1, 2, 2, 2, 1, 1, 2
chatcmpl-8wcRCwHQ5mrFzGMqbMmfg3GylfCx9, 2, 2, 2, 1, 3, 2, 1, 2, 2, 2, 2, 2, 2, 2, 1, 2, 2, 2, 1, 2, 2, 3, 1, 2, 1, 2, 2, 1, 3, 2, 2, 2, 2, 2, 2, 1, 2, 2, 2, 2, 1, 2
chatcmpl-8wcRSLvyPH4Pfuua2YbRLgKExcihA, 2, 1, 2, 1, 3, 2, 1, 3, 2, 2, 2, 3, 2, 2, 1, 2, 2, 2, 1, 1, 2, 2, 1, 2, 1, 2, 2, 1, 3, 2, 2, 2, 3, 2, 2, 1, 2, 2, 2, 1, 1, 2
chatcmpl-8wcRmsJvZJmEkLXP8yvX25HFEx00n, 2, 1, 2, 1, 3, 2, 1, 3, 3, 2, 2, 2, 2, 2, 1, 2, 2, 2, 1, 1, 2, 4, 1, 2, 1, 2, 2, 1, 3, 2, 2, 2, 2, 2, 2, 1, 2, 2, 2, 1, 1, 3
chatcmpl-8wcS4G25z9xGNFVSoIyxYtIv2w9WN, 2, 1, 2, 1, 3, 2, 1, 3, 2, 2, 2, 1, 2, 2, 1, 2, 2, 2, 1, 1, 2, 3, 1, 2, 1, 2, 2, 1, 3, 1, 2, 2, 2, 2, 2, 1, 2, 2, 2, 1, 1, 2
chatcmpl-8wcSNt6YRtVPZi51jjSWZqVaTJXlF, 2, 1, 1, 1, 2, 2, 1, 3, 2, 2, 2, 2, 1, 2, 1, 1, 1, 2, 1, 1, 1, 3, 1, 1, 1, 1, 2, 1, 2, 2, 1, 2, 2, 1, 2, 1, 1, 1, 2, 1, 1, 2
chatcmpl-8wcScDUdU9tVR0NHH6YXzViozCkJU, 2, 1, 2, 1, 3, 2, 1, 4, 2, 2, 2, 3, 2, 2, 1, 2, 2, 3, 1, 1, 2, 3, 1, 2, 1, 2, 2, 1, 3, 2, 2, 2, 3, 2, 2, 1, 2, 2, 2, 2, 1, 2
chatcmpl-8wcSuw2Xg9lcMlCajJ3EbjGCfeTGt, 2, 1, 1, 1, 3, 2, 1, 3, 2, 2, 2, 3, 2, 3, 1, 2, 1, 2, 1, 1, 1, 3, 1, 2, 1, 2, 2, 1, 3, 2, 3, 2, 3, 1, 2, 1, 2, 1, 2, 1, 1, 3
chatcmpl-8wcTEoxfx2hO2EQtCfwpAVk6Gzz59, 2, 1, 2, 1, 3, 2, 1, 3, 2, 2, 2, 2, 2, 2, 1, 2, 2, 2, 1, 1, 2, 3, 1, 2, 1, 2, 2, 1, 2, 1, 2, 2, 2, 1, 2, 1, 2, 2, 2, 1, 1, 2
chatcmpl-8wcTU1yGVbkR4k925FlqJaYaffbh6, 2, 1, 2, 1, 3, 2, 1, 3, 2, 2, 2, 2, 1, 2, 1, 2, 1, 2, 1, 1, 2, 3, 1, 3, 1, 1, 2, 1, 2, 1, 2, 2, 3, 1, 2, 1, 2, 1, 2, 1, 1, 3
chatcmpl-8wcTn7fFGcioWz1yGfyQ81Ovt772G, 2, 1, 2, 1, 3, 2, 1, 3, 2, 2, 1, 3, 2, 2, 1, 2, 2, 2, 1, 1, 2, 3, 1, 2, 1, 2, 2, 1, 2, 1, 2, 2, 3, 2, 2, 1, 2, 1, 2, 1, 1, 2
chatcmpl-8wcU7qljBKuiIaZjHpSG4Z1gGZgWB, 2, 2, 2, 1, 3, 2, 1, 3, 2, 2, 2, 2, 1, 3, 1, 2, 2, 2, 1, 1, 2, 3, 1, 2, 1, 1, 2, 1, 2, 2, 2, 2, 2, 2, 2, 1, 2, 1, 2, 1, 1, 2
chatcmpl-8wcURp1wRKOwZMDvVKlJBfw9mNsXr, 2, 1, 2, 1, 3, 2, 1, 3, 2, 2, 2, 3, 2, 2, 1, 2, 1, 2, 1, 1, 2, 3, 1, 2, 1, 2, 2, 1, 3, 2, 2, 2, 3, 1, 2, 1, 2, 2, 2, 1, 1, 3
chatcmpl-8wcUhlj1y0smZkqQV8PZkkLlXq2N8, 2, 1, 2, 1, 3, 2, 1, 3, 2, 2, 2, 2, 2, 3, 1, 2, 2, 2, 1, 1, 2, 3, 1, 2, 1, 2, 2, 1, 2, 2, 2, 2, 3, 2, 2, 1, 2, 2, 2, 1, 1, 2
chatcmpl-8wcV7dmOtj52ngzC6NfBTclyoIrXa, 2, 1, 2, 1, 3, 2, 1, 3, 2, 2, 2, 2, 2, 2, 1, 2, 2, 2, 1, 1, 2, 3, 1, 2, 1, 2, 2, 1, 2, 1, 2, 2, 2, 2, 2, 1, 2, 2, 2, 1, 1, 2
chatcmpl-8wcVM2RlmHUIZMS1qkuFHSbU9fT35, 2, 2, 2, 1, 3, 2, 1, 3, 2, 2, 2, 3, 2, 2, 1, 2, 2, 2, 1, 1, 2, 2, 1, 2, 1, 2, 2, 1, 2, 2, 2, 2, 2, 2, 2, 1, 2, 2, 2, 1, 1, 2
chatcmpl-8wcVemaCIOoA15naQJfzqxCDMcV8V, 2, 1, 2, 1, 3, 2, 1, 3, 2, 2, 2, 2, 2, 1, 1, 2, 2, 1, 1, 1, 2, 3, 1, 2, 1, 2, 2, 1, 3, 1, 2, 2, 2, 2, 2, 1, 2, 2, 2, 1, 1, 2
chatcmpl-8wcW68ciqUViggWNGDgh8Ln3S8Bo2, 2, 1, 2, 1, 3, 2, 1, 3, 2, 2, 2, 3, 2, 2, 1, 2, 2, 2, 1, 1, 2, 3, 1, 2, 1, 2, 2, 1, 2, 1, 3, 2, 3, 2, 2, 1, 2, 1, 2, 1, 1, 3
chatcmpl-8wcWNHeJePFA4Wh5Jogtcrb9d2cTw, 2, 1, 2, 1, 3, 2, 1, 3, 2, 2, 2, 3, 2, 2, 1, 2, 2, 2, 1, 1, 2, 3, 1, 2, 1, 2, 2, 1, 2, 1, 2, 2, 3, 2, 2, 1, 2, 2, 2, 1, 1, 3
chatcmpl-8wcWmBTLTZNg8NyyizH9MsIKWABY3, 2, 1, 2, 1, 3, 2, 1, 3, 2, 2, 2, 1, 2, 2, 1, 2, 2, 2, 1, 1, 2, 3, 1, 2, 1, 2, 2, 1, 2, 1, 2, 2, 3, 2, 2, 1, 2, 1, 2, 1, 1, 2
chatcmpl-8wcX5AXFuqGJFcvS06eq7ka6pFPhF, 2, 1, 2, 1, 3, 2, 1, 3, 2, 2, 2, 2, 2, 2, 1, 2, 2, 3, 1, 1, 2, 3, 1, 2, 1, 2, 2, 1, 2, 1, 2, 2, 2, 2, 2, 1, 2, 2, 2, 1, 1, 3
chatcmpl-8wcXLo3rqnjjsdXQb2eef6xK9p5Uj, 2, 1, 2, 1, 3, 2, 1, 3, 2, 2, 2, 2, 2, 2, 1, 2, 2, 2, 1, 1, 2, 3, 1, 2, 1, 2, 2, 1, 3, 2, 2, 2, 3, 2, 2, 1, 2, 2, 2, 2, 1, 3
chatcmpl-8wcXfPxLd7ZIA2nIoAflm0rEbIgB5, 2, 1, 2, 1, 3, 2, 1, 3, 2, 1, 2, 2, 2, 2, 1, 2, 2, 2, 1, 1, 1, 2, 1, 2, 1, 2, 2, 1, 2, 2, 2, 2, 2, 2, 2, 1, 1, 1, 2, 1, 1, 2
chatcmpl-8wcY2BmKgdXsSwvWZkzNNGUpxOEY3, 2, 1, 2, 1, 3, 2, 1, 3, 2, 2, 2, 3, 2, 2, 1, 2, 2, 1, 1, 1, 2, 3, 1, 2, 1, 2, 2, 1, 2, 1, 3, 2, 3, 2, 2, 1, 2, 2, 2, 1, 1, 2
chatcmpl-8wcYLTADxVwHT8AHMsrzZoRAik5H3, 2, 1, 2, 1, 3, 2, 1, 3, 2, 2, 2, 3, 2, 2, 1, 2, 2, 2, 1, 1, 2, 3, 1, 2, 1, 2, 2, 1, 3, 2, 2, 2, 3, 2, 2, 1, 2, 2, 2, 2, 1, 2
chatcmpl-8wcYez07HlVvBKnAYmp6ugnsXaPkl, 2, 1, 2, 1, 3, 2, 1, 3, 2, 2, 2, 2, 2, 1, 1, 2, 2, 1, 1, 1, 2, 3, 1, 2, 1, 2, 1, 1, 2, 1, 2, 1, 2, 2, 1, 1, 2, 2, 1, 1, 1, 2
chatcmpl-8wcYzULA671X4sOjqsNfBwY0qb2LX, 2, 1, 2, 1, 3, 2, 1, 3, 2, 2, 3, 2, 2, 2, 1, 2, 2, 2, 1, 1, 2, 3, 1, 2, 1, 2, 2, 2, 2, 1, 2, 2, 2, 2, 2, 1, 2, 2, 2, 2, 1, 2
chatcmpl-8wcZCqrtMYR1bPxaZdxI3rX1kZU71, 2, 2, 2, 1, 3, 2, 1, 3, 2, 2, 2, 2, 2, 2, 1, 2, 2, 2, 1, 1, 2, 3, 1, 2, 1, 2, 2, 1, 3, 1, 2, 2, 3, 2, 2, 1, 2, 2, 2, 1, 1, 2
chatcmpl-8wcauaxniyU2q1V3UxJMKtzVxHkNA, 2, 2, 2, 1, 3, 2, 1, 3, 2, 2, 2, 2, 2, 2, 1, 2, 2, 2, 1, 1, 2, 3, 1, 2, 1, 1, 2, 1, 2, 2, 2, 2, 2, 2, 2, 1, 2, 2, 2, 1, 1, 2
chatcmpl-8wcbJtBzMeBaTeFKHizRSupYj4gaU, 2, 1, 2, 1, 3, 2, 1, 3, 2, 2, 2, 2, 2, 1, 1, 2, 2, 1, 1, 1, 2, 3, 1, 2, 2, 2, 2, 1, 2, 1, 2, 2, 2, 2, 2, 1, 1, 2, 1, 1, 1, 2
chatcmpl-8wcbclJABLLTk2TdtOUM6cYNgcvWr, 2, 2, 2, 1, 3, 2, 1, 3, 2, 2, 2, 3, 2, 2, 1, 2, 1, 2, 1, 1, 2, 3, 1, 2, 1, 2, 2, 1, 2, 1, 2, 2, 3, 1, 2, 1, 2, 2, 2, 1, 1, 3
chatcmpl-8wcbwfoQFW3iRjrkRunFoi7SwrGpy, 2, 1, 2, 1, 3, 2, 1, 3, 2, 2, 2, 3, 2, 2, 1, 2, 2, 2, 1, 1, 2, 3, 1, 2, 1, 2, 2, 1, 3, 2, 2, 2, 3, 2, 2, 1, 2, 2, 3, 2, 1, 2
chatcmpl-8wccRcvJof6edE9y63SWK9eIbVh9w, 2, 1, 2, 1, 3, 2, 1, 3, 2, 2, 2, 3, 2, 2, 1, 2, 2, 2, 1, 1, 2, 3, 2, 2, 1, 2, 2, 1, 3, 2, 3, 2, 3, 2, 2, 1, 2, 2, 2, 1, 1, 3
chatcmpl-8wcck3teqxOhUg5QK4ycl7kKHxHDG, 2, 1, 2, 1, 3, 2, 1, 3, 2, 2, 2, 2, 1, 2, 1, 2, 1, 2, 1, 1, 1, 2, 1, 2, 1, 1, 2, 1, 2, 2, 1, 2, 2, 1, 2, 1, 1, 1, 2, 1, 1, 2
chatcmpl-8wcd32b48ZYTpecI90Aw1n6Aj9p4N, 2, 1, 2, 1, 3, 2, 1, 3, 2, 2, 2, 2, 2, 2, 1, 1, 1, 2, 1, 1, 2, 3, 1, 2, 1, 2, 2, 1, 1, 1, 2, 2, 2, 1, 2, 1, 2, 1, 2, 1, 1, 2
chatcmpl-8wcdJnTB0mP16dd8exUyGn4TRNfTz, 2, 1, 2, 1, 3, 2, 1, 3, 2, 2, 2, 2, 2, 2, 1, 2, 2, 2, 1, 1, 2, 3, 1, 2, 2, 2, 2, 1, 2, 2, 2, 2, 2, 2, 2, 1, 2, 2, 3, 2, 1, 2
chatcmpl-8wcdhOcuNE9C6hv9WHB46vwyNm2Hx, 2, 1, 2, 1, 3, 2, 1, 3, 2, 2, 2, 3, 2, 2, 1, 2, 2, 2, 1, 1, 2, 3, 1, 2, 1, 2, 2, 1, 3, 2, 2, 2, 3, 2, 2, 1, 2, 1, 2, 1, 1, 2
chatcmpl-8wcdvc5NKZp488GevlVHtYCVW05B6, 2, 1, 2, 1, 3, 2, 1, 3, 2, 2, 2, 2, 2, 2, 1, 2, 2, 2, 1, 1, 2, 3, 1, 2, 1, 2, 2, 1, 2, 2, 2, 2, 3, 2, 2, 1, 2, 2, 2, 1, 1, 2
chatcmpl-8wceGAUYXJVIKm1D5laAUKaWVYQaH, 2, 1, 2, 1, 3, 2, 1, 3, 2, 2, 2, 3, 2, 2, 1, 2, 1, 2, 1, 1, 2, 3, 1, 3, 1, 2, 2, 1, 3, 2, 2, 2, 3, 1, 2, 1, 2, 2, 2, 1, 1, 2
chatcmpl-8wcebqlbVB9SfovDud76fwCJN1011, 2, 1, 1, 1, 3, 2, 1, 3, 2, 2, 2, 2, 2, 2, 1, 2, 2, 2, 1, 1, 1, 3, 1, 2, 1, 2, 2, 2, 2, 2, 2, 2, 2, 2, 2, 1, 2, 2, 2, 2, 1, 2
chatcmpl-8wcesEsCKu3VYi7JSeI3MkdpK8Wbk, 2, 1, 2, 1, 3, 2, 1, 3, 2, 2, 2, 2, 1, 2, 1, 1, 1, 2, 1, 1, 1, 2, 1, 2, 1, 1, 2, 1, 2, 1, 2, 2, 2, 1, 2, 1, 2, 1, 2, 1, 1, 2
chatcmpl-8wcfFK7HR4EIvrXCa4uMb0BT9amK3, 2, 1, 2, 1, 3, 2, 1, 3, 2, 2, 2, 3, 2, 2, 1, 2, 1, 2, 1, 1, 2, 3, 1, 2, 1, 2, 2, 1, 2, 1, 3, 2, 2, 1, 2, 1, 2, 1, 2, 1, 1, 2
chatcmpl-8wcfYiroswYFGP6jWzEWdq7K6eeId, 2, 1, 2, 1, 3, 2, 1, 3, 2, 2, 2, 3, 2, 2, 1, 2, 2, 2, 1, 1, 2, 3, 1, 2, 1, 2, 2, 1, 3, 2, 2, 2, 3, 2, 2, 1, 2, 2, 2, 2, 1, 3
chatcmpl-8wcfqP36zfWcngBS6K9b9iPuFXflZ, 2, 1, 2, 1, 3, 2, 1, 3, 2, 2, 2, 3, 2, 2, 1, 2, 2, 2, 1, 1, 2, 3, 1, 2, 1, 2, 2, 1, 3, 1, 2, 2, 3, 2, 2, 1, 2, 2, 2, 1, 1, 2
chatcmpl-8wcg6ijg4tYriEGETGq4qzvFrygm8, 2, 1, 2, 1, 3, 2, 1, 3, 2, 2, 2, 2, 2, 2, 1, 2, 2, 2, 1, 1, 2, 3, 1, 2, 1, 2, 2, 1, 3, 1, 2, 2, 3, 2, 2, 1, 2, 2, 2, 1, 1, 2
chatcmpl-8wcgRGhNIwOaIljJX9zn65vgVD8eQ, 2, 1, 2, 1, 3, 2, 1, 3, 2, 2, 2, 1, 1, 2, 1, 2, 1, 2, 1, 1, 2, 3, 1, 2, 1, 1, 2, 1, 3, 2, 2, 2, 2, 1, 2, 1, 2, 1, 2, 1, 1, 3
chatcmpl-8wcgkw0iK2OvoETNzwU94nVQHNF6K, 2, 1, 2, 1, 3, 2, 1, 3, 2, 2, 3, 2, 3, 2, 1, 2, 2, 2, 1, 1, 2, 2, 1, 2, 1, 2, 1, 1, 2, 1, 2, 2, 3, 2, 2, 1, 2, 2, 2, 1, 1, 2
chatcmpl-8wch0H46ZXz54yApPpkCDbYoMHqsi, 2, 1, 2, 1, 3, 2, 1, 3, 2, 2, 2, 2, 2, 2, 1, 2, 2, 2, 2, 1, 2, 3, 1, 2, 1, 2, 2, 1, 2, 1, 2, 2, 3, 2, 2, 1, 2, 2, 2, 2, 1, 2
chatcmpl-8wchP06mSsK7qu0Jc3HrgkA3Yt0yl, 2, 1, 1, 1, 3, 2, 1, 3, 2, 2, 2, 2, 1, 2, 1, 2, 1, 2, 1, 1, 2, 3, 1, 2, 1, 2, 2, 1, 2, 1, 3, 2, 3, 1, 2, 1, 2, 1, 2, 1, 1, 2
chatcmpl-8wchhbbPfBWP37iaP7j5QQlxzhFaz, 2, 1, 2, 1, 3, 2, 1, 3, 2, 2, 3, 2, 2, 2, 1, 2, 2, 2, 1, 1, 1, 3, 1, 2, 1, 2, 2, 1, 2, 1, 2, 2, 3, 2, 2, 1, 2, 2, 2, 1, 1, 2
chatcmpl-8wci1y8hXNBncJ5AjAooEWV7a5bOp, 2, 1, 2, 1, 3, 2, 1, 3, 2, 2, 2, 2, 2, 1, 1, 2, 1, 2, 1, 1, 2, 3, 1, 2, 1, 2, 2, 1, 2, 1, 2, 2, 2, 1, 2, 1, 2, 2, 2, 1, 1, 2
chatcmpl-8wciFaUuMqSU8ycTDekkGUJoFvQJX, 2, 1, 2, 1, 3, 2, 1, 3, 2, 2, 2, 3, 2, 2, 1, 2, 2, 2, 1, 1, 2, 3, 1, 2, 1, 2, 2, 1, 3, 2, 2, 2, 2, 2, 2, 1, 2, 2, 2, 1, 1, 2
chatcmpl-8wciVl7nf06h2DmCJA973hMDEP0W7, 2, 2, 2, 1, 3, 2, 1, 3, 2, 2, 2, 2, 2, 2, 1, 2, 2, 2, 1, 1, 2, 3, 1, 2, 1, 2, 2, 1, 2, 1, 2, 2, 3, 2, 2, 1, 2, 2, 1, 1, 1, 3
chatcmpl-8wcik71GTBkuC58zVRa06jLouemOd, 2, 1, 2, 1, 3, 2, 1, 3, 2, 2, 2, 2, 2, 2, 1, 2, 2, 2, 1, 1, 2, 3, 1, 2, 1, 2, 2, 1, 3, 2, 2, 2, 2, 2, 2, 1, 2, 2, 1, 1, 1, 2
chatcmpl-8wcj6pJtrNogCnDtcYDZqKmC0zWQG, 2, 1, 2, 1, 3, 2, 1, 3, 2, 2, 2, 2, 2, 2, 1, 2, 2, 2, 1, 1, 2, 3, 1, 2, 1, 2, 2, 1, 2, 2, 3, 3, 3, 2, 2, 1, 2, 2, 2, 1, 1, 3
chatcmpl-8wcjPcSSildWi4rmoC4cpkI9a7JFt, 2, 2, 2, 1, 3, 2, 1, 3, 2, 2, 2, 2, 2, 2, 1, 2, 2, 2, 1, 1, 2, 3, 1, 2, 1, 2, 2, 1, 2, 1, 2, 2, 3, 2, 2, 1, 2, 2, 2, 1, 1, 2
chatcmpl-8wcjlMP6IFMVRJQaYVe8dvStgnY7g, 2, 1, 2, 1, 3, 2, 1, 3, 2, 2, 2, 3, 2, 2, 1, 2, 2, 2, 1, 1, 2, 3, 1, 2, 1, 2, 2, 1, 2, 1, 2, 2, 2, 2, 2, 1, 2, 2, 2, 1, 1, 2
chatcmpl-8wck06YfkgfDn0KGHMRqFpteBgMMM, 2, 1, 2, 1, 3, 2, 1, 3, 2, 2, 2, 2, 2, 2, 1, 2, 2, 2, 1, 2, 2, 3, 1, 2, 1, 2, 2, 2, 3, 1, 2, 2, 3, 2, 2, 2, 2, 2, 2, 2, 1, 2
chatcmpl-8wckOlNR39nfFgdWa9sGUSe58WU3k, 2, 1, 2, 1, 3, 2, 1, 3, 2, 2, 2, 1, 2, 2, 1, 3, 2, 2, 1, 1, 2, 3, 1, 2, 1, 2, 2, 1, 3, 2, 2, 2, 3, 2, 2, 1, 2, 2, 2, 1, 1, 2
chatcmpl-8wckdqgRTjgvqC8ZxDG5PaiAWFSa4,2,1,2,1,3,2,1,3,2,2,2,3,3,2,1,2,3,2,1,1,2,3,1,2,1,2,2,2,2,2,3,2,3,2,2,1,2,2,2,1,1,3
chatcmpl-8wckzpFnUO5dSoyEi9TManGtpxMAy, 2, 1, 2, 1, 3, 2, 1, 3, 2, 2, 2, 3, 1, 2, 1, 2, 1, 2, 1, 1, 1, 3, 1, 2, 1, 1, 2, 1, 2, 1, 1, 2, 2, 1, 2, 1, 1, 1, 2, 1, 1, 2
chatcmpl-8wclFtRfAxYuZq9KwNUAoXu2o5OsY, 2, 1, 2, 1, 2, 2, 1, 3, 2, 2, 2, 1, 2, 2, 1, 2, 2, 2, 1, 1, 2, 2, 1, 2, 1, 2, 2, 1, 2, 1, 2, 2, 2, 2, 2, 1, 2, 2, 2, 1, 1, 2
chatcmpl-8wclYP0d1P4bgaTbdLv5HInZzyWOg, 2, 1, 1, 1, 3, 2, 1, 3, 2, 2, 2, 2, 2, 2, 1, 2, 1, 2, 1, 1, 2, 3, 1, 2, 1, 2, 2, 1, 2, 1, 3, 2, 2, 1, 2, 1, 3, 2, 2, 1, 1, 2
chatcmpl-8wclv9FQfEqz7fcRCe4zSrQsZH2kA, 2, 1, 1, 1, 3, 2, 1, 3, 2, 1, 2, 3, 2, 2, 1, 2, 1, 2, 1, 1, 1, 2, 1, 2, 1, 2, 2, 1, 3, 1, 2, 2, 2, 1, 2, 1, 2, 1, 2, 1, 1, 3
chatcmpl-8wcmF45iKC29ThAWMsMM3SC8lIaPx, 2, 1, 2, 1, 3, 2, 1, 3, 2, 2, 2, 1, 2, 2, 1, 2, 2, 2, 1, 1, 2, 3, 1, 2, 1, 2, 2, 1, 3, 2, 2, 2, 3, 2, 2, 1, 2, 2, 2, 1, 1, 2
chatcmpl-8wcmUDwvrxscjUpbCL4Epng82oadN, 2, 1, 2, 1, 3, 2, 1, 3, 2, 2, 2, 3, 2, 2, 1, 2, 2, 2, 1, 1, 2, 3, 1, 2, 1, 2, 2, 2, 3, 2, 2, 2, 3, 2, 2, 1, 2, 2, 2, 2, 1, 2
chatcmpl-8wcmp4NtIQrwKmSCB7L2FMuxPIVTI, 2, 2, 3, 2, 3, 2, 1, 3, 2, 2, 2, 2, 2, 2, 1, 2, 2, 2, 1, 1, 2, 3, 1, 2, 1, 2, 2, 2, 3, 1, 2, 2, 2, 2, 2, 1, 2, 2, 2, 1, 1, 2
chatcmpl-8wcn6dVsugUst7JXT9rmEez99jpqa, 2, 2, 2, 1, 3, 2, 1, 3, 2, 2, 2, 2, 2, 2, 1, 2, 2, 2, 1, 1, 2, 2, 1, 2, 1, 2, 2, 1, 2, 1, 2, 2, 2, 2, 2, 1, 2, 2, 2, 1, 1, 2
chatcmpl-8wcnZtBK0SL1DBYnX9qVuIOJiLKf1, 2, 1, 2, 1, 3, 2, 1, 3, 2, 2, 2, 2, 2, 2, 1, 2, 2, 2, 1, 1, 2, 3, 1, 2, 1, 2, 2, 1, 3, 2, 3, 2, 3, 2, 3, 1, 2, 2, 2, 1, 1, 3
chatcmpl-8wcnpG1Uk9WY81vl45NO8mtNfDC46, 2, 1, 2, 1, 3, 2, 1, 3, 2, 2, 2, 2, 2, 2, 1, 2, 2, 2, 1, 1, 2, 3, 1, 2, 1, 2, 2, 1, 3, 2, 2, 2, 3, 2, 2, 1, 2, 2, 2, 2, 1, 2
chatcmpl-8wco4BpAeoEttZP6bV84n7kCkyVOj, 2, 1, 2, 1, 3, 2, 1, 3, 2, 2, 2, 3, 2, 2, 1, 2, 2, 2, 1, 1, 2, 3, 1, 2, 1, 2, 2, 1, 3, 1, 2, 2, 3, 2, 2, 1, 2, 2, 2, 1, 1, 2
chatcmpl-8wcoJdFSVr8ffRAWZ4A0XzSSOWKxq, 2, 1, 2, 1, 3, 2, 1, 3, 2, 2, 2, 2, 2, 2, 1, 2, 2, 2, 1, 1, 2, 3, 1, 2, 1, 2, 2, 1, 2, 1, 2, 2, 3, 2, 2, 1, 2, 2, 2, 1, 1, 2
chatcmpl-8wcod232FvtdH1oRONGanxnkA5giy, 2, 1, 1, 1, 3, 2, 1, 3, 2, 2, 2, 2, 2, 2, 1, 2, 1, 2, 1, 1, 2, 3, 1, 2, 1, 2, 2, 1, 2, 1, 2, 1, 3, 1, 1, 1, 2, 1, 2, 1, 1, 2
chatcmpl-8wcotkQTHakoZFagmhqTEdv8Z95dz, 2, 1, 2, 1, 3, 2, 1, 3, 2, 2, 2, 2, 2, 1, 1, 2, 2, 2, 1, 1, 2, 3, 1, 2, 1, 2, 2, 1, 2, 1, 3, 2, 3, 2, 2, 1, 2, 2, 2, 1, 1, 2
chatcmpl-8wcpA332wqne4127avEWBO28lCJIP, 2, 1, 2, 1, 3, 2, 1, 3, 2, 2, 2, 3, 2, 2, 1, 2, 2, 2, 1, 2, 2, 3, 1, 2, 1, 2, 2, 1, 3, 2, 2, 2, 3, 2, 2, 2, 2, 2, 2, 2, 1, 2
chatcmpl-8wcpVrxenc3Qg1dajD8ao2HbAQMTP, 2, 1, 2, 1, 3, 2, 1, 3, 2, 2, 2, 3, 2, 2, 1, 2, 2, 2, 1, 1, 1, 3, 1, 2, 1, 2, 2, 1, 3, 2, 2, 2, 3, 2, 2, 1, 2, 2, 2, 1, 1, 2
chatcmpl-8wcppMcP292ya4soJQrMHZ2cx2LMK, 2, 1, 2, 1, 3, 2, 1, 3, 2, 2, 2, 2, 1, 2, 1, 2, 1, 2, 1, 1, 2, 2, 1, 3, 1, 2, 2, 1, 2, 1, 2, 2, 2, 1, 2, 1, 2, 1, 2, 1, 1, 2
chatcmpl-8wcqB9wXaU7AxEzSAP5Yd3LwBlP74, 2, 1, 2, 1, 3, 2, 1, 3, 2, 2, 2, 3, 2, 2, 1, 2, 2, 2, 1, 1, 2, 3, 1, 2, 1, 2, 2, 1, 3, 2, 3, 2, 3, 2, 2, 1, 2, 2, 2, 1, 1, 2
chatcmpl-8wcqYygz4HaD2SLPePlImsn8WHmJS, 2, 1, 2, 1, 3, 2, 1, 3, 2, 2, 2, 3, 1, 2, 1, 2, 2, 2, 1, 1, 2, 3, 1, 2, 1, 2, 2, 1, 2, 1, 2, 2, 3, 1, 2, 1, 2, 1, 2, 1, 1, 3
chatcmpl-8wcqmhHRkQzIBEsltqZmSd89hQNAX, 2, 1, 2, 1, 3, 2, 1, 3, 2, 3, 2, 3, 2, 2, 1, 2, 2, 2, 1, 1, 2, 3, 1, 2, 1, 2, 2, 1, 3, 1, 3, 2, 3, 2, 2, 1, 2, 3, 2, 1, 1, 3
chatcmpl-8wcr2pyuA6AAFa9AAlVlZa3I6PAhi, 2, 1, 2, 1, 3, 2, 1, 3, 2, 2, 2, 1, 1, 2, 1, 2, 2, 1, 1, 1, 2, 3, 1, 2, 1, 2, 2, 1, 3, 1, 2, 2, 3, 2, 2, 1, 2, 2, 2, 1, 1, 2
chatcmpl-8wcrLvkNek97XTr379deUQvm103OQ, 2, 1, 2, 1, 2, 2, 1, 3, 2, 1, 2, 1, 1, 2, 1, 1, 1, 2, 1, 1, 1, 2, 1, 1, 1, 1, 2, 1, 2, 1, 1, 1, 2, 1, 2, 1, 1, 1, 1, 1, 1, 1
chatcmpl-8wcrZ65u6jiFRjcnonSNFa918FUX2, 2, 1, 2, 1, 3, 2, 1, 3, 2, 2, 2, 3, 2, 2, 1, 2, 2, 2, 1, 1, 2, 3, 1, 2, 1, 2, 2, 1, 3, 2, 2, 2, 2, 2, 2, 1, 2, 2, 2, 1, 1, 2
chatcmpl-8wcrtNmxlffnURnlz5Xyy6bo4TooD, 2, 1, 2, 1, 3, 2, 1, 3, 2, 2, 2, 3, 2, 2, 1, 2, 2, 2, 1, 1, 2, 3, 1, 2, 1, 2, 2, 1, 3, 2, 3, 2, 2, 2, 2, 1, 2, 2, 2, 2, 1, 2
chatcmpl-8wctj3gtsN2MexpAc1g2Os8NLLGIu, 2, 2, 2, 1, 3, 2, 1, 3, 2, 2, 2, 2, 2, 2, 1, 2, 2, 2, 1, 1, 2, 3, 1, 2, 1, 2, 2, 1, 3, 2, 2, 2, 3, 2, 2, 1, 2, 2, 2, 2, 1, 2
chatcmpl-8wcu4YV6Vg2Jv7s9Eogf6gQ2CSFXP, 2, 1, 2, 1, 3, 2, 1, 3, 2, 2, 2, 1, 2, 2, 1, 2, 2, 2, 1, 1, 2, 3, 1, 2, 1, 2, 2, 1, 2, 1, 2, 2, 3, 2, 2, 1, 2, 1, 2, 1, 1, 2
chatcmpl-8wcuN8ALWhLMBdyrBjPeVhx2364Mf, 2, 1, 2, 1, 3, 2, 1, 3, 2, 2, 2, 2, 2, 2, 1, 2, 2, 2, 1, 1, 2, 3, 1, 2, 1, 2, 2, 1, 2, 2, 2, 2, 3, 2, 2, 1, 2, 2, 2, 1, 1, 2
chatcmpl-8wcufcHLG0g7MxkiTpDK9VhhjxSTD, 2, 1, 2, 1, 3, 2, 1, 3, 2, 2, 2, 3, 1, 2, 1, 2, 1, 2, 1, 1, 1, 3, 1, 2, 1, 1, 2, 1, 3, 1, 2, 2, 2, 1, 2, 1, 1, 1, 2, 1, 1, 2
chatcmpl-8wcuzYhzFmhUWX2fdzca1Lg8wJUOR, 2, 1, 2, 1, 3, 2, 1, 3, 2, 2, 2, 3, 2, 2, 1, 2, 2, 2, 1, 1, 2, 3, 1, 2, 1, 2, 2, 1, 2, 2, 3, 2, 3, 1, 3, 1, 2, 2, 3, 1, 1, 3
chatcmpl-8wcvFyxaZmrqni3ek1QkEGTFtLqoN, 2, 1, 1, 1, 3, 2, 1, 3, 2, 2, 2, 1, 2, 2, 1, 2, 1, 2, 1, 1, 3, 3, 1, 2, 1, 2, 2, 1, 3, 1, 2, 2, 3, 1, 2, 1, 3, 2, 2, 1, 1, 2
chatcmpl-8wcvVqG6oDiqY19jQkBdLuJfliRNJ, 2, 1, 2, 1, 3, 2, 1, 3, 2, 2, 2, 2, 2, 2, 1, 2, 1, 2, 1, 1, 1, 3, 1, 3, 1, 2, 2, 1, 2, 2, 2, 2, 3, 1, 2, 1, 2, 1, 2, 1, 1, 3
chatcmpl-8wcvsgXFu6Jq4HAZrSIvG95GaQ23W, 2, 2, 2, 1, 3, 2, 1, 3, 2, 2, 2, 2, 2, 2, 1, 2, 2, 2, 1, 1, 2, 3, 1, 2, 1, 2, 2, 1, 2, 2, 2, 2, 2, 2, 2, 1, 2, 2, 2, 1, 1, 2
chatcmpl-8wcw7ZvgLRQ7zD4R8qfE8SYzogkIB, 2, 1, 2, 1, 3, 2, 1, 3, 2, 2, 2, 2, 2, 2, 1, 2, 2, 2, 1, 1, 2, 3, 1, 2, 1, 2, 2, 1, 3, 1, 2, 2, 3, 2, 2, 1, 2, 1, 2, 1, 1, 2
chatcmpl-8wcwT7HpQqLZNLepM9VOM7yCacgo9, 2, 1, 2, 1, 3, 2, 1, 3, 2, 2, 2, 2, 1, 2, 1, 2, 2, 2, 1, 1, 2, 3, 1, 2, 1, 1, 2, 1, 2, 2, 2, 2, 2, 2, 2, 1, 2, 2, 2, 1, 1, 2
chatcmpl-8wcwmBxqw7HgIClc3JeGdKNVy62u3, 2, 2, 3, 1, 3, 2, 1, 3, 2, 2, 2, 2, 2, 2, 1, 2, 2, 2, 1, 1, 2, 2, 1, 2, 1, 2, 2, 1, 2, 1, 2, 2, 3, 2, 2, 1, 2, 2, 2, 1, 1, 2
chatcmpl-8wcx2n4ZfAICsxGQsSyJ6JEQ5znXW, 2, 1, 2, 1, 3, 2, 1, 3, 2, 2, 2, 3, 2, 2, 1, 2, 2, 2, 1, 1, 2, 3, 1, 2, 1, 2, 2, 1, 3, 2, 2, 3, 3, 2, 3, 1, 2, 2, 2, 1, 1, 2
chatcmpl-8wcxGEfUQDu7DSA8NIK7adVTk9na1, 2, 1, 1, 1, 3, 2, 1, 3, 2, 2, 2, 3, 2, 2, 1, 2, 2, 2, 1, 1, 2, 3, 1, 2, 1, 1, 2, 1, 2, 1, 2, 2, 2, 2, 2, 1, 2, 2, 2, 1, 1, 2
chatcmpl-8wcxagYPFrjvTdkB8TsQ0Dk9P7Gs9, 2, 1, 2, 1, 3, 2, 1, 3, 2, 2, 2, 2, 2, 2, 1, 2, 2, 2, 1, 1, 2, 3, 1, 2, 1, 2, 2, 1, 3, 1, 2, 2, 3, 2, 2, 1, 1, 2, 2, 1, 1, 2
chatcmpl-8wcxqULi6jBU7hSdo8FUsw2sjHZfi, 2, 1, 2, 1, 3, 2, 1, 3, 2, 2, 2, 3, 2, 2, 1, 2, 2, 2, 1, 1, 2, 3, 1, 2, 1, 2, 2, 1, 2, 1, 2, 2, 3, 2, 2, 1, 2, 1, 2, 1, 1, 2
chatcmpl-8wcyDXvKh4wGUr5RpBGm8xYu0m2hN, 2, 1, 2, 1, 3, 2, 1, 3, 2, 2, 2, 2, 2, 3, 1, 2, 2, 2, 1, 1, 2, 3, 1, 2, 1, 2, 2, 1, 2, 2, 2, 2, 2, 2, 2, 1, 2, 2, 2, 1, 1, 2
chatcmpl-8wcyUvPwkkTiicZtUYerZ6Ke0u8xC, 2, 2, 3, 1, 3, 2, 1, 3, 2, 2, 2, 2, 2, 2, 1, 2, 2, 2, 1, 1, 2, 3, 1, 2, 2, 2, 2, 2, 3, 2, 2, 2, 3, 2, 2, 1, 2, 2, 2, 2, 1, 2
chatcmpl-8wcyonB6dqy8MiRVCYHie710uxDyy, 2, 1, 2, 1, 3, 2, 1, 3, 2, 2, 2, 3, 2, 2, 1, 2, 2, 2, 1, 1, 2, 3, 1, 2, 1, 2, 2, 1, 3, 2, 2, 2, 2, 2, 2, 1, 2, 2, 2, 1, 1, 2
chatcmpl-8wd7rU2pRxOiuNq11DwqSc3mLDRUP, 2, 1, 2, 1, 3, 2, 1, 3, 2, 2, 2, 2, 2, 2, 1, 2, 2, 2, 1, 1, 2, 3, 1, 2, 1, 2, 2, 1, 2, 1, 2, 2, 3, 2, 2, 1, 2, 2, 2, 1, 1, 2
chatcmpl-8wd8C4rAHgLKlhDsLzIHuiJYz7i0B, 2, 1, 2, 1, 3, 2, 1, 3, 2, 2, 2, 2, 2, 2, 1, 2, 2, 2, 1, 1, 2, 3, 1, 2, 1, 2, 2, 1, 3, 1, 2, 2, 3, 2, 2, 1, 2, 2, 2, 1, 1, 3
chatcmpl-8wd8UaF94jkBTfrrz8N6rPaBNRKQq, 2, 1, 2, 1, 3, 2, 1, 3, 2, 2, 2, 1, 2, 2, 1, 2, 2, 1, 1, 1, 1, 3, 1, 2, 1, 2, 2, 1, 3, 1, 2, 2, 2, 2, 2, 1, 2, 1, 2, 1, 1, 2
chatcmpl-8wd8jXWbCKG5MDhzhY4PaS5l3c6iY, 2, 1, 2, 1, 3, 2, 1, 2, 2, 2, 2, 3, 2, 2, 1, 2, 2, 2, 1, 1, 2, 2, 1, 2, 1, 2, 2, 2, 2, 2, 3, 2, 3, 2, 2, 1, 2, 2, 2, 1, 1, 2
chatcmpl-8wd96R5mXvAnSCbTUWJl8nrcFSta7, 2, 1, 2, 1, 3, 2, 1, 3, 2, 2, 2, 2, 1, 2, 1, 1, 2, 2, 1, 1, 2, 2, 1, 2, 1, 1, 2, 1, 2, 1, 2, 2, 2, 1, 2, 1, 2, 1, 2, 1, 1, 2
chatcmpl-8wd9NxvVTcwnFMPBz4oRPWGSSWbEN, 2, 1, 2, 1, 3, 2, 1, 3, 2, 2, 2, 2, 2, 2, 1, 2, 2, 2, 1, 2, 2, 2, 1, 2, 1, 2, 2, 1, 3, 2, 2, 2, 2, 2, 2, 1, 2, 2, 2, 1, 1, 2
chatcmpl-8wd9jfSQaQveFM4A0DWa2NVVLAlLl, 2, 1, 2, 1, 3, 2, 1, 3, 2, 2, 2, 2, 2, 2, 1, 2, 2, 2, 1, 1, 2, 3, 1, 2, 2, 2, 2, 1, 2, 2, 2, 2, 2, 2, 2, 1, 2, 2, 2, 1, 1, 2
chatcmpl-8wdADtkqyMNz7LS5NJWokggz3Mi3s, 2, 1, 2, 1, 3, 2, 1, 3, 2, 2, 2, 2, 2, 2, 1, 3, 2, 2, 1, 1, 2, 3, 1, 2, 1, 3, 2, 1, 3, 2, 3, 2, 2, 2, 2, 1, 3, 3, 2, 2, 1, 2
chatcmpl-8wdARcndOaLFTYwGi8YS7iXR7i8KV, 2, 1, 2, 1, 3, 2, 1, 3, 2, 2, 2, 2, 2, 2, 1, 2, 2, 2, 1, 1, 2, 3, 1, 2, 1, 2, 2, 1, 2, 2, 2, 2, 3, 2, 2, 1, 2, 2, 2, 1, 1, 2
chatcmpl-8wdB8CsaeZGJeqZRxmqFf2muLFhtu, 2, 1, 2, 1, 3, 2, 1, 3, 2, 2, 2, 3, 2, 2, 1, 2, 1, 2, 1, 1, 2, 3, 1, 2, 1, 2, 2, 2, 2, 2, 2, 2, 3, 1, 2, 1, 2, 2, 2, 1, 1, 3
chatcmpl-8wdBNiphGwM1MrJrURabVuBLiHm8I, 2, 1, 2, 1, 3, 2, 1, 3, 2, 2, 2, 3, 2, 2, 1, 2, 1, 1, 1, 1, 1, 3, 1, 2, 1, 2, 2, 1, 2, 1, 3, 2, 3, 1, 2, 1, 1, 1, 2, 1, 1, 3
chatcmpl-8wdBZExGr2xATthB29ZnxnsUZy1XT, 2, 2, 2, 1, 3, 2, 1, 3, 2, 2, 2, 3, 2, 2, 1, 2, 2, 2, 1, 1, 2, 3, 1, 2, 1, 2, 2, 1, 2, 1, 3, 2, 3, 2, 2, 1, 2, 1, 2, 1, 1, 3
chatcmpl-8wdBwrs7KE4n0h50MwEVItzaFrIGU, 2, 3, 2, 1, 3, 2, 1, 3, 2, 2, 2, 3, 2, 2, 1, 2, 2, 2, 1, 1, 2, 3, 1, 2, 2, 2, 2, 1, 2, 2, 2, 2, 3, 2, 2, 2, 2, 2, 2, 2, 1, 2
chatcmpl-8wdCMna3kGPXq5I85X9dLXi3zjLrB, 2, 1, 2, 1, 3, 2, 1, 3, 2, 2, 2, 2, 2, 2, 1, 2, 2, 2, 1, 1, 2, 3, 1, 2, 2, 3, 2, 1, 3, 2, 2, 2, 3, 2, 2, 1, 2, 1, 2, 1, 1, 2
chatcmpl-8wdCkkjfL8aebOiSO6wcvc9gdmNbo, 2, 1, 2, 1, 3, 2, 1, 3, 2, 2, 2, 2, 1, 2, 1, 1, 2, 2, 1, 1, 1, 3, 1, 2, 1, 1, 2, 1, 3, 1, 2, 2, 3, 1, 2, 1, 2, 1, 2, 1, 1, 3
chatcmpl-8wdCywpa0Bw9wJQSDsTVSoGA45RqN, 2, 2, 2, 1, 3, 2, 1, 3, 2, 2, 2, 3, 2, 2, 1, 2, 2, 2, 1, 1, 2, 3, 1, 2, 1, 2, 2, 1, 3, 2, 2, 2, 3, 2, 2, 1, 2, 2, 2, 1, 1, 2
chatcmpl-8wdDEHfrlZMiLAnbvhbdeJzlT9Q3M, 2, 1, 2, 1, 3, 2, 1, 3, 2, 2, 3, 2, 2, 2, 1, 2, 2, 2, 1, 1, 2, 3, 1, 2, 1, 2, 2, 1, 3, 1, 2, 2, 3, 2, 2, 1, 2, 2, 2, 1, 1, 2
chatcmpl-8wdDYIkxHsv2y7JmXAoxhlUVx4CeI, 2, 1, 2, 1, 3, 2, 1, 3, 2, 2, 2, 2, 2, 2, 1, 2, 2, 1, 1, 1, 2, 3, 1, 2, 1, 2, 2, 1, 2, 2, 2, 2, 3, 2, 2, 1, 2, 2, 2, 1, 1, 2
chatcmpl-8wdDqOhsfbeTijzSbvH7lZRrxYfd1, 2, 1, 2, 1, 3, 2, 1, 3, 2, 2, 2, 2, 2, 2, 1, 3, 2, 2, 1, 1, 2, 3, 1, 2, 1, 2, 2, 1, 2, 1, 2, 2, 3, 2, 2, 1, 2, 1, 2, 1, 1, 2
chatcmpl-8wdE83YtpkQzohGP9fZbIackGF7rr, 3, 2, 2, 1, 3, 2, 1, 3, 2, 2, 2, 2, 2, 2, 1, 2, 2, 2, 1, 1, 2, 3, 1, 2, 1, 2, 2, 1, 2, 1, 2, 2, 3, 2, 2, 1, 2, 2, 2, 1, 1, 2
chatcmpl-8wdERJSZYWxqM1rRNKC9d4otIdoRT, 2, 2, 2, 1, 3, 2, 1, 3, 3, 2, 2, 1, 1, 2, 1, 2, 2, 2, 1, 1, 2, 3, 1, 2, 1, 1, 2, 1, 2, 1, 2, 2, 2, 2, 2, 1, 2, 1, 2, 1, 1, 2
chatcmpl-8wdEg2mRNAngynSkIRZWfGQZTFN4P, 2, 1, 1, 1, 3, 2, 1, 3, 2, 2, 2, 3, 2, 2, 1, 2, 1, 2, 1, 1, 2, 3, 1, 2, 1, 2, 2, 1, 2, 2, 2, 2, 3, 1, 2, 1, 2, 2, 2, 1, 1, 2
chatcmpl-8wdF06PVYpe7fuXClIp6ozKNvfqNh, 2, 1, 2, 1, 3, 2, 1, 3, 3, 2, 2, 2, 2, 2, 1, 2, 2, 1, 1, 1, 2, 3, 1, 2, 1, 2, 2, 1, 2, 1, 2, 2, 3, 2, 2, 1, 2, 2, 2, 1, 1, 2
chatcmpl-8wdFKNebnm5TNhnYJdrleo6SgSPRx, 2, 1, 2, 1, 3, 2, 1, 3, 2, 2, 2, 3, 2, 2, 1, 2, 2, 2, 1, 1, 2, 3, 1, 2, 1, 2, 2, 1, 3, 1, 2, 2, 2, 2, 2, 1, 2, 2, 2, 1, 1, 3
chatcmpl-8wdFfwAbtLNCDtrXI3u1SbOSFremS, 2, 1, 2, 1, 3, 2, 1, 3, 3, 2, 2, 2, 2, 2, 1, 2, 2, 2, 1, 1, 2, 3, 1, 2, 1, 2, 2, 1, 2, 1, 3, 2, 3, 2, 2, 1, 2, 2, 2, 1, 1, 2
chatcmpl-8wdFzvgAuED3BGDDOFuPHN6frJYtr, 2, 1, 2, 1, 3, 2, 1, 3, 2, 2, 2, 2, 1, 2, 1, 2, 1, 2, 2, 1, 2, 3, 1, 3, 1, 1, 2, 1, 2, 2, 2, 2, 2, 1, 2, 1, 2, 2, 2, 1, 1, 3
chatcmpl-8wdGImHbGlZozYW1g10shAcqKHFqU, 2, 1, 2, 1, 3, 2, 1, 3, 2, 2, 2, 2, 2, 2, 1, 2, 2, 2, 1, 1, 2, 3, 1, 2, 1, 2, 2, 1, 3, 1, 2, 2, 2, 2, 2, 1, 2, 2, 2, 1, 1, 2
chatcmpl-8wdGYf5TwSmVKbe2AlEsrsCJB7IVs, 2, 2, 3, 1, 3, 2, 1, 3, 3, 3, 2, 2, 2, 2, 1, 3, 2, 2, 1, 1, 2, 3, 1, 3, 1, 2, 2, 1, 2, 2, 3, 2, 3, 2, 2, 1, 3, 3, 2, 2, 1, 2
chatcmpl-8wdGtAZL8r9H8acmGCHJY7xbEIMqO, 2, 1, 2, 1, 3, 2, 1, 2, 2, 2, 3, 2, 2, 2, 1, 2, 2, 2, 1, 1, 2, 3, 1, 2, 1, 2, 2, 1, 2, 1, 2, 2, 2, 2, 2, 1, 2, 2, 1, 1, 1, 2
chatcmpl-8wdHA8oP46LO57z67Zpn0PGhUZInc, 2, 1, 2, 1, 3, 2, 1, 3, 2, 1, 2, 2, 1, 2, 1, 2, 1, 2, 1, 1, 1, 3, 1, 2, 1, 1, 2, 1, 2, 2, 3, 2, 2, 1, 2, 1, 1, 1, 2, 1, 1, 3
chatcmpl-8wdHPGfohOPWkP9e1BvVmiVP98znu, 2, 1, 2, 1, 3, 2, 1, 3, 2, 2, 2, 2, 2, 2, 1, 2, 2, 1, 1, 1, 2, 3, 1, 2, 1, 2, 2, 1, 3, 1, 2, 2, 3, 2, 2, 1, 2, 2, 2, 1, 1, 2
chatcmpl-8wdHcueuMntBdAd7xO1PPh6WpyL2p, 1, 1, 2, 1, 2, 2, 1, 3, 2, 2, 2, 2, 2, 2, 1, 2, 2, 2, 1, 1, 2, 2, 1, 2, 1, 2, 2, 1, 2, 1, 2, 2, 2, 2, 2, 1, 2, 2, 2, 1, 1, 2
chatcmpl-8wdHuiQklMdHr4MUQ85wUWoaZZcua, 2, 1, 2, 1, 3, 2, 1, 3, 2, 2, 2, 3, 2, 2, 1, 2, 2, 1, 1, 1, 2, 3, 1, 2, 1, 2, 2, 1, 3, 1, 2, 2, 2, 2, 2, 1, 2, 2, 2, 1, 1, 3
chatcmpl-8wdIAMkAZXkBKy9AkSZ4icZSZJ0u2, 2, 1, 2, 1, 3, 2, 1, 3, 1, 2, 2, 2, 1, 2, 1, 2, 1, 2, 1, 1, 2, 3, 1, 2, 1, 1, 2, 1, 2, 1, 2, 2, 2, 1, 2, 1, 2, 1, 2, 1, 1, 3
chatcmpl-8wdINTRGSNxoEnCe9q9DliC9PLmKB, 2, 1, 2, 1, 3, 2, 1, 3, 2, 2, 2, 3, 2, 2, 1, 2, 2, 2, 1, 1, 2, 3, 1, 2, 1, 2, 2, 1, 3, 2, 2, 2, 3, 1, 2, 1, 2, 2, 2, 1, 1, 2
chatcmpl-8wdIfLN7qSrLGzBddPMF7OAMShgje, 2, 2, 3, 1, 2, 1, 1, 3, 3, 2, 2, 2, 2, 2, 1, 2, 2, 2, 1, 1, 2, 3, 1, 2, 1, 2, 2, 1, 2, 1, 2, 2, 3, 2, 2, 1, 2, 2, 2, 1, 1, 2
chatcmpl-8wdIzY8L4F2U0QHNqEKGmIcF39ZLj, 2, 1, 2, 1, 3, 2, 1, 3, 2, 2, 2, 3, 2, 2, 1, 2, 2, 2, 1, 1, 2, 3, 1, 2, 1, 2, 2, 1, 2, 1, 2, 2, 3, 2, 2, 1, 2, 2, 2, 1, 1, 2
chatcmpl-8wdJNjPhrh4U6Wn2VcIuoCItceNqN, 2, 1, 2, 1, 3, 2, 1, 3, 2, 2, 2, 3, 2, 2, 1, 2, 1, 2, 1, 1, 2, 3, 1, 2, 1, 2, 2, 1, 3, 2, 2, 2, 2, 1, 2, 1, 3, 1, 2, 1, 1, 2
chatcmpl-8wdJjWofMolemzfQVGw7ZHG62XxBT, 2, 1, 2, 1, 3, 2, 1, 3, 2, 2, 2, 1, 2, 2, 1, 2, 2, 1, 1, 1, 2, 2, 1, 2, 1, 2, 2, 1, 2, 1, 2, 2, 2, 2, 2, 1, 2, 2, 2, 1, 1, 2
chatcmpl-8wdK0hYjggqrH7yIHDzYmbSqPdee0, 2, 1, 2, 1, 3, 2, 1, 3, 2, 2, 2, 2, 1, 2, 1, 2, 2, 2, 1, 1, 2, 3, 1, 2, 1, 1, 1, 1, 2, 1, 2, 2, 2, 2, 2, 1, 2, 2, 2, 1, 1, 2
chatcmpl-8wdKSX4MAqd7tEUbylBDUHDKjJvWt, 2, 1, 2, 1, 3, 2, 1, 3, 2, 2, 2, 2, 2, 2, 1, 2, 2, 1, 1, 1, 2, 3, 1, 2, 1, 2, 2, 1, 2, 2, 2, 2, 2, 2, 2, 1, 2, 2, 2, 1, 1, 2
chatcmpl-8wdKoKNPQlxslyvJVecQOlQfXARQm, 2, 2, 2, 1, 3, 2, 1, 3, 2, 2, 2, 3, 2, 3, 1, 2, 2, 2, 1, 1, 2, 3, 1, 2, 2, 2, 2, 1, 3, 1, 2, 3, 2, 2, 3, 1, 2, 2, 2, 1, 1, 3
chatcmpl-8wdL758vDgdZDDitID6qP6qbLsh4S, 2, 1, 2, 1, 3, 2, 1, 3, 2, 2, 2, 1, 2, 2, 1, 2, 2, 2, 1, 1, 2, 3, 1, 2, 1, 2, 2, 1, 3, 1, 3, 2, 2, 2, 2, 1, 2, 2, 2, 1, 1, 3
chatcmpl-8wdLM66XqsE1En5fZo0t7cN06sYRg, 2, 1, 2, 1, 3, 2, 1, 3, 2, 2, 2, 3, 2, 2, 1, 2, 2, 2, 1, 1, 2, 3, 1, 2, 1, 2, 2, 1, 3, 2, 3, 2, 3, 2, 2, 1, 2, 2, 2, 1, 1, 3
chatcmpl-8wdLfcynaWgouaYboPcgAlzDNsCVq, 2, 1, 1, 1, 3, 2, 1, 3, 2, 2, 2, 2, 2, 2, 1, 2, 2, 2, 2, 1, 2, 3, 1, 2, 2, 2, 2, 1, 2, 1, 2, 2, 2, 2, 2, 1, 2, 1, 2, 1, 1, 2
chatcmpl-8wdLw7tL4HkcCCbeGFszMxaBlFoJx, 2, 1, 2, 1, 3, 2, 1, 3, 2, 2, 2, 3, 2, 2, 1, 2, 2, 2, 1, 1, 2, 3, 1, 2, 1, 2, 2, 1, 3, 2, 2, 3, 3, 2, 3, 1, 2, 2, 2, 1, 1, 2
chatcmpl-8wdMFXQIV3pViGRdc4HAlyPleeYiD, 2, 1, 2, 1, 3, 2, 1, 3, 2, 2, 2, 3, 2, 2, 1, 2, 2, 2, 1, 1, 2, 3, 1, 2, 1, 2, 2, 1, 3, 1, 2, 2, 3, 2, 2, 1, 2, 2, 2, 1, 1, 2
chatcmpl-8wdMdjI4qDlegT6pCTInx8czBX6aM, 2, 1, 1, 1, 3, 2, 1, 3, 2, 2, 2, 2, 1, 2, 1, 2, 1, 2, 1, 1, 1, 3, 1, 2, 1, 1, 2, 1, 3, 2, 2, 2, 3, 1, 2, 1, 1, 1, 2, 1, 1, 2
chatcmpl-8wdN00bimTsDK7KUPsfDWaSL4g6yo, 2, 1, 2, 1, 3, 2, 1, 3, 2, 2, 2, 2, 2, 2, 1, 2, 2, 2, 1, 1, 2, 3, 1, 2, 1, 2, 2, 1, 3, 2, 2, 2, 3, 2, 2, 1, 2, 2, 2, 1, 1, 2
chatcmpl-8wdNEnbUM3xoUbgKEO8ONyW7Q2A9H, 2, 1, 2, 1, 3, 2, 1, 3, 2, 2, 3, 2, 2, 2, 1, 2, 2, 2, 1, 1, 2, 3, 1, 2, 1, 2, 2, 1, 3, 2, 2, 2, 3, 1, 2, 1, 2, 2, 2, 1, 1, 3
chatcmpl-8wdNUjlWiOxZPH1sQXyXSX4UlIJvJ, 2, 1, 2, 1, 3, 2, 1, 3, 2, 2, 2, 4, 2, 2, 1, 2, 1, 2, 1, 1, 2, 3, 1, 2, 1, 2, 2, 1, 3, 1, 2, 2, 3, 1, 2, 1, 2, 2, 2, 1, 1, 2
chatcmpl-8wdNp8B8Fc23o4KRoy77ZUEHMousW, 2, 1, 2, 1, 3, 2, 1, 3, 2, 2, 2, 3, 2, 2, 1, 2, 2, 2, 1, 1, 2, 3, 1, 2, 1, 2, 2, 1, 2, 1, 3, 2, 2, 2, 2, 1, 2, 2, 2, 1, 1, 3
chatcmpl-8wdO6TTuY7TobEl59QpQ5rOhuLNzX, 1, 2, 1, 1, 3, 2, 1, 2, 2, 1, 2, 2, 1, 2, 1, 1, 1, 2, 1, 1, 1, 2, 1, 2, 1, 1, 2, 1, 2, 1, 2, 2, 2, 1, 2, 1, 1, 1, 2, 2, 1, 2
chatcmpl-8wdOQzHEuVhPKwLsBIpA9HURERjJg, 2, 1, 2, 1, 3, 2, 1, 3, 2, 2, 2, 2, 2, 2, 1, 2, 2, 2, 1, 1, 2, 3, 1, 2, 1, 2, 2, 1, 2, 2, 2, 2, 2, 2, 2, 1, 2, 2, 2, 1, 1, 2
chatcmpl-8wdOewJ5t4SadWqh2pWI48mZKzkkm, 2, 1, 2, 1, 3, 2, 1, 3, 3, 2, 2, 3, 2, 2, 1, 2, 2, 2, 1, 1, 2, 3, 1, 2, 1, 2, 2, 1, 2, 1, 2, 2, 3, 2, 2, 1, 2, 2, 2, 1, 1, 2
chatcmpl-8wdP29jruupykZtvRDgGM3odQlagv, 2, 1, 2, 1, 3, 2, 1, 3, 2, 2, 2, 2, 2, 2, 1, 2, 2, 2, 1, 1, 2, 3, 1, 2, 1, 2, 2, 1, 2, 1, 2, 2, 2, 2, 2, 1, 2, 2, 2, 1, 1, 2
chatcmpl-8wdPRooYfQqTMOjgdU3eeen3XeBsL, 2, 1, 2, 1, 3, 2, 1, 3, 2, 2, 3, 2, 2, 2, 1, 2, 2, 2, 1, 1, 2, 3, 1, 2, 1, 2, 2, 1, 3, 2, 2, 2, 3, 2, 2, 1, 2, 2, 2, 1, 1, 2
chatcmpl-8wdPh0Wa0ncauE95tQkemKPM6dbWB, 2, 1, 2, 1, 3, 2, 1, 3, 2, 2, 2, 2, 1, 2, 1, 1, 1, 2, 1, 1, 2, 3, 1, 2, 1, 1, 2, 1, 2, 1, 2, 2, 2, 1, 2, 1, 2, 1, 2, 1, 1, 3
chatcmpl-8wdPv803xKNeL6zLgRTrej717Sbzs, 2, 1, 2, 1, 4, 2, 1, 3, 2, 2, 3, 3, 2, 2, 1, 2, 2, 3, 1, 1, 2, 3, 1, 2, 1, 2, 2, 1, 3, 1, 2, 2, 3, 2, 2, 1, 2, 2, 2, 1, 1, 2
chatcmpl-8wdQFWRjHKyjRaOfkMBljK2cvru71, 2, 2, 2, 1, 3, 2, 1, 3, 2, 2, 2, 2, 2, 2, 1, 2, 2, 2, 1, 1, 2, 3, 1, 2, 2, 2, 2, 1, 2, 1, 2, 2, 2, 2, 2, 1, 2, 2, 2, 1, 1, 2
chatcmpl-8wdQY5HSzwAC4YyiSUcexyqt7VclX, 2, 1, 2, 1, 3, 2, 1, 3, 2, 2, 2, 2, 1, 2, 1, 2, 1, 2, 1, 1, 2, 3, 1, 3, 1, 1, 2, 1, 2, 1, 2, 1, 2, 1, 1, 1, 3, 1, 2, 1, 1, 2
chatcmpl-8wdQuex6XnRWjMcU6KWGzsvV7YBin, 2, 1, 2, 1, 3, 2, 1, 3, 3, 2, 2, 2, 2, 2, 1, 2, 2, 2, 1, 2, 2, 3, 1, 3, 1, 2, 2, 2, 3, 2, 2, 2, 3, 2, 2, 2, 2, 2, 2, 2, 1, 2
chatcmpl-8wdShVK5Kzb2VxfbgdrYwCixC3kzu, 2, 1, 2, 1, 3, 2, 1, 3, 2, 2, 2, 2, 2, 2, 1, 3, 2, 2, 1, 1, 2, 3, 1, 2, 1, 2, 2, 1, 3, 2, 2, 2, 3, 2, 2, 1, 2, 2, 2, 1, 1, 2
chatcmpl-8wdSyxLoFOvGBHUNnlVrkmuULpk00, 2, 1, 2, 1, 3, 2, 1, 3, 2, 2, 2, 3, 2, 2, 1, 2, 2, 1, 1, 1, 2, 3, 1, 2, 1, 2, 2, 1, 2, 1, 2, 2, 3, 2, 2, 1, 2, 2, 2, 1, 1, 2
chatcmpl-8wdTJV3ZWd1Og7gn0jWXGWQ4heyAC, 2, 1, 2, 1, 3, 2, 1, 3, 2, 2, 2, 2, 2, 2, 1, 2, 2, 2, 1, 1, 2, 3, 1, 2, 1, 2, 2, 2, 3, 2, 2, 2, 3, 2, 2, 1, 2, 2, 2, 2, 1, 2
chatcmpl-8wdTdlniMeL6AXG444ByzXDMnvdyI, 2, 1, 2, 1, 3, 2, 1, 3, 2, 2, 2, 3, 2, 2, 1, 2, 2, 2, 1, 1, 2, 3, 1, 2, 1, 2, 2, 1, 2, 1, 3, 2, 3, 2, 2, 1, 2, 2, 2, 1, 1, 2
chatcmpl-8wdTyLBb6nWOfLxQQVxdS5P2WuLTC, 2, 1, 2, 1, 3, 2, 1, 3, 2, 2, 2, 3, 2, 2, 1, 2, 2, 2, 1, 1, 2, 3, 1, 2, 1, 2, 2, 1, 3, 2, 2, 2, 3, 1, 2, 1, 2, 2, 2, 1, 1, 2
chatcmpl-8wdUEjDJGx8qNsNlroRtvnKTnDYV7, 2, 1, 2, 1, 3, 2, 1, 3, 2, 2, 2, 3, 2, 2, 1, 2, 2, 2, 1, 1, 2, 3, 1, 2, 1, 2, 2, 1, 2, 1, 3, 2, 3, 2, 2, 1, 2, 2, 2, 1, 1, 2
chatcmpl-8wdUUYPNMTIlmF85cnhPjvSUvUXMo, 2, 1, 2, 1, 3, 2, 1, 3, 2, 2, 2, 3, 2, 2, 1, 2, 1, 2, 1, 1, 2, 3, 1, 2, 1, 2, 2, 1, 3, 2, 2, 2, 3, 2, 2, 1, 2, 1, 2, 1, 1, 3
chatcmpl-8wdUmIiLFUX0VeaxMYe2nRHXogp7l, 2, 1, 2, 1, 3, 2, 1, 3, 2, 2, 2, 2, 2, 2, 1, 2, 2, 2, 1, 1, 2, 3, 1, 3, 1, 2, 2, 1, 2, 1, 2, 2, 2, 2, 2, 1, 2, 1, 2, 1, 1, 2
chatcmpl-8wdV75uWSQ2Tj30T6DvukzPQqjJ9W, 2, 1, 2, 1, 3, 2, 1, 3, 2, 2, 2, 2, 2, 1, 1, 2, 2, 2, 1, 1, 2, 3, 1, 2, 1, 2, 2, 1, 3, 1, 2, 2, 3, 2, 2, 1, 2, 1, 2, 1, 1, 2
chatcmpl-8wdVPcLyVQiMVMXzk5dSv3FxBuJuG, 2, 1, 2, 1, 3, 2, 1, 3, 2, 2, 2, 3, 2, 2, 1, 2, 1, 2, 1, 1, 2, 2, 1, 2, 1, 2, 2, 1, 2, 1, 2, 2, 2, 1, 2, 1, 2, 1, 2, 1, 1, 2
chatcmpl-8wdVhN7i96Q0N55jN2d0IczPH11iM, 2, 1, 2, 1, 3, 2, 1, 3, 2, 2, 2, 3, 2, 2, 1, 2, 2, 2, 1, 1, 2, 3, 1, 2, 1, 2, 2, 1, 3, 2, 2, 2, 3, 2, 2, 1, 2, 2, 2, 1, 1, 2
chatcmpl-8wdW17OM0AdGE0aGRz5KGzm6XkwmI, 2, 1, 2, 1, 3, 2, 1, 3, 2, 2, 2, 2, 1, 2, 1, 2, 2, 2, 1, 1, 2, 3, 1, 2, 1, 1, 2, 1, 3, 1, 2, 2, 3, 1, 2, 1, 2, 1, 2, 1, 1, 3
chatcmpl-8wdWKQXkAiUvBV7Y8SPkF6EVPhqQG, 2, 1, 1, 1, 3, 2, 1, 3, 2, 2, 2, 2, 2, 2, 1, 2, 2, 1, 1, 2, 2, 3, 1, 2, 1, 2, 2, 1, 2, 1, 2, 2, 3, 1, 2, 1, 2, 2, 2, 1, 1, 3
chatcmpl-8wdWYcHwv7QEcmslgVKZRCo5m3QbG, 2, 1, 2, 1, 3, 2, 1, 3, 2, 2, 2, 2, 2, 2, 1, 3, 2, 2, 1, 1, 2, 3, 1, 3, 1, 2, 2, 2, 3, 1, 3, 2, 3, 2, 2, 1, 2, 3, 2, 1, 1, 2
chatcmpl-8wdWpbo8E4V7kROXV0RhMehPc0qKY, 2, 1, 2, 1, 3, 2, 1, 3, 2, 2, 2, 2, 1, 2, 1, 2, 1, 2, 1, 1, 2, 3, 1, 2, 1, 1, 2, 1, 2, 1, 2, 2, 2, 1, 2, 1, 2, 1, 2, 1, 1, 2
chatcmpl-8wdX9ALD8MaDGHWFkmbsfKeOlaVXt, 2, 1, 2, 1, 3, 2, 1, 3, 3, 2, 2, 2, 2, 2, 1, 2, 2, 2, 1, 1, 2, 3, 1, 2, 1, 2, 2, 1, 2, 2, 2, 2, 2, 2, 3, 1, 2, 2, 2, 1, 1, 3
chatcmpl-8wdXVN4UybfvgBk5BTNHlZcjjN7pE, 2, 1, 2, 1, 3, 2, 1, 3, 2, 2, 2, 3, 2, 2, 1, 2, 1, 2, 1, 1, 2, 3, 1, 2, 1, 2, 2, 1, 3, 1, 2, 2, 3, 1, 2, 1, 2, 2, 2, 1, 1, 2
chatcmpl-8wdXqDSWIHPOEPWsi0jv3ujIgY9Mz, 2, 1, 3, 1, 3, 2, 1, 3, 2, 2, 2, 3, 2, 2, 1, 2, 2, 2, 1, 1, 2, 3, 1, 2, 1, 2, 2, 1, 2, 1, 2, 2, 3, 2, 2, 1, 2, 2, 2, 1, 1, 2
chatcmpl-8wdY7ORWDiLS8jSgfz959U7C3XzPS, 2, 1, 2, 1, 3, 2, 1, 3, 3, 2, 2, 3, 2, 2, 1, 2, 2, 2, 1, 1, 2, 3, 1, 2, 1, 2, 2, 1, 3, 2, 2, 2, 3, 2, 2, 1, 2, 2, 2, 1, 1, 2
chatcmpl-8wdYQK8XWC7eTLJMP27wpoKQ80Cf0, 2, 1, 2, 1, 3, 2, 1, 3, 2, 2, 3, 2, 2, 2, 1, 2, 2, 2, 1, 1, 2, 3, 1, 2, 2, 2, 2, 1, 3, 2, 2, 3, 3, 2, 2, 1, 2, 2, 2, 1, 1, 2
chatcmpl-8wdYkhSzzqc14eN1cWksdSDdPWUSb, 2, 1, 2, 1, 3, 2, 1, 3, 2, 2, 2, 3, 2, 2, 1, 2, 2, 2, 1, 1, 2, 3, 1, 2, 1, 2, 2, 1, 3, 1, 2, 2, 3, 2, 2, 1, 1, 2, 3, 1, 1, 2
chatcmpl-8wdZ1qpmmyxhR4kXUtkS5p4TgmNMN, 2, 2, 3, 1, 3, 2, 1, 3, 2, 2, 3, 2, 3, 2, 1, 3, 2, 2, 1, 1, 2, 2, 1, 3, 1, 3, 2, 1, 2, 2, 2, 3, 2, 2, 2, 1, 2, 2, 2, 2, 1, 2
chatcmpl-8wdZOgV7knHDTSD1P1oj1I1CKWN8G, 1, 2, 2, 1, 3, 2, 1, 3, 2, 2, 2, 2, 2, 2, 1, 2, 2, 2, 1, 1, 2, 3, 1, 2, 1, 2, 2, 1, 3, 2, 2, 2, 2, 1, 2, 1, 2, 2, 2, 1, 1, 2
chatcmpl-8wdZlP2SxdU0ERX1B6MMOfZ4u0Acj, 2, 1, 2, 1, 3, 2, 1, 3, 2, 2, 2, 3, 2, 2, 1, 2, 1, 2, 1, 1, 2, 3, 1, 2, 1, 2, 2, 1, 3, 1, 2, 2, 3, 1, 2, 1, 2, 2, 2, 1, 1, 2
chatcmpl-8wda3KRlPpwIzf2AGRjKIgo4FXwuQ, 2, 1, 2, 1, 3, 2, 1, 3, 2, 1, 2, 2, 2, 2, 1, 2, 1, 2, 1, 1, 1, 3, 1, 2, 1, 2, 2, 1, 3, 1, 2, 2, 3, 1, 2, 1, 1, 1, 2, 1, 1, 2
chatcmpl-8wdaewnSOpqPOtYIwJY96UW27rXdC, 2, 1, 2, 1, 3, 2, 1, 3, 2, 2, 2, 2, 2, 2, 1, 2, 2, 2, 1, 1, 2, 3, 1, 2, 1, 2, 2, 1, 2, 2, 2, 2, 2, 2, 2, 1, 2, 2, 2, 1, 1, 3
chatcmpl-8wdlk8AXelgqIBE13H6kjF2QY5hZR, 2, 1, 2, 1, 3, 2, 1, 2, 2, 2, 2, 2, 2, 2, 1, 2, 2, 2, 1, 1, 2, 3, 1, 2, 1, 2, 2, 1, 3, 1, 2, 2, 2, 2, 2, 1, 1, 2, 2, 1, 1, 2
chatcmpl-8wdm0ivEIBhDsSDBlmnYVyfjTlTzm, 2, 1, 2, 1, 3, 2, 1, 3, 2, 2, 2, 3, 2, 2, 1, 2, 2, 2, 1, 1, 2, 3, 1, 2, 1, 2, 2, 1, 2, 1, 2, 2, 3, 2, 2, 1, 2, 2, 2, 1, 1, 2
chatcmpl-8wdmGbPbf3gnRlrvKSlGwCMMbq5dL, 2, 1, 2, 1, 3, 2, 1, 3, 2, 1, 2, 2, 1, 2, 1, 2, 1, 1, 1, 1, 1, 2, 1, 2, 1, 1, 2, 1, 2, 1, 2, 1, 2, 1, 2, 1, 1, 1, 2, 1, 1, 2
chatcmpl-8wdmUuS6y42R4Hf36HDQvOnC766lL, 2, 1, 2, 1, 3, 2, 1, 3, 2, 2, 2, 2, 2, 2, 1, 2, 1, 2, 1, 1, 1, 3, 1, 2, 1, 2, 2, 1, 2, 1, 2, 2, 2, 1, 2, 1, 2, 1, 2, 1, 1, 2
chatcmpl-8wdmq8myP87sg45rIQdaqUiQk8NFH, 2, 1, 2, 1, 3, 2, 1, 3, 3, 2, 2, 2, 2, 2, 1, 2, 2, 2, 1, 2, 2, 3, 1, 2, 1, 2, 2, 2, 3, 2, 3, 2, 3, 2, 2, 2, 2, 2, 2, 2, 1, 3
chatcmpl-8wdn61cx4WoyXxA4Op0jxwCWFPUXx, 2, 1, 2, 1, 3, 2, 1, 3, 2, 2, 2, 3, 2, 2, 1, 2, 2, 2, 1, 1, 2, 3, 1, 2, 1, 2, 2, 1, 2, 1, 3, 2, 3, 2, 2, 1, 2, 1, 2, 1, 1, 2
chatcmpl-8wdnK8kDfClrO8dvQJYUdMElLXCZJ, 2, 1, 2, 1, 3, 2, 1, 3, 2, 1, 2, 2, 2, 2, 1, 2, 2, 1, 1, 1, 1, 3, 1, 2, 1, 2, 2, 1, 2, 2, 2, 2, 3, 1, 2, 1, 1, 1, 2, 1, 1, 2
chatcmpl-8wdnZoNe47SGJsnmdaWemxW5yhJVd, 2, 1, 2, 1, 3, 2, 1, 3, 2, 2, 2, 3, 2, 2, 1, 2, 2, 2, 1, 1, 2, 3, 1, 2, 1, 2, 2, 1, 3, 2, 2, 2, 3, 2, 2, 1, 2, 1, 2, 1, 1, 2
chatcmpl-8wdno5oLYLGLFYG2mXxSFfcPeHcV5, 2, 1, 2, 1, 3, 2, 1, 3, 2, 2, 2, 1, 2, 2, 1, 2, 2, 2, 1, 1, 2, 3, 1, 2, 1, 2, 2, 1, 2, 1, 3, 2, 3, 2, 3, 1, 2, 2, 2, 1, 1, 3
chatcmpl-8wdoA0flXwwxdNj09n6Ja4l4QKuaV, 2, 2, 2, 1, 2, 2, 1, 3, 2, 2, 2, 2, 1, 2, 1, 2, 1, 2, 1, 1, 2, 3, 1, 2, 1, 1, 2, 1, 2, 1, 2, 2, 2, 1, 2, 1, 2, 2, 2, 1, 1, 2
chatcmpl-8wdoUy5WNZtuCf0o47BIQHLIxMGRO, 2, 1, 2, 1, 3, 2, 1, 3, 2, 2, 2, 3, 2, 2, 1, 2, 1, 2, 1, 1, 2, 3, 1, 2, 1, 2, 2, 1, 2, 1, 2, 3, 2, 1, 2, 1, 2, 2, 2, 1, 1, 2
chatcmpl-8wdomitwnLcDkn2qwKD5wJf3EWB1d, 2, 1, 2, 1, 3, 2, 1, 3, 2, 2, 2, 2, 1, 2, 1, 2, 1, 2, 1, 1, 2, 3, 1, 2, 1, 1, 2, 1, 3, 2, 2, 2, 2, 1, 2, 1, 2, 1, 2, 1, 1, 3
