chatcmpl-8wVwCdu4kb1cecP1WaMjE84py0USJ, 3, 2, 3, 2, 4, 3, 2, 4, 3, 3, 3, 3, 3, 2, 2, 3, 3, 2, 2, 2, 3, 4, 2, 3, 2, 3, 3, 3, 2, 3, 3, 2, 3, 3, 2, 3, 3, 3, 2, 2, 2, 3
chatcmpl-8wVxEegmxZQd4cke1lwku3YhW703u, 2, 1, 2, 1, 3, 2, 1, 3, 2, 2, 2, 3, 2, 2, 1, 2, 2, 2, 1, 1, 2, 3, 1, 2, 1, 2, 2, 1, 3, 2, 2, 2, 2, 2, 2, 1, 2, 2, 2, 1, 1, 2
chatcmpl-8wWA3Zshs8Uq4qJLFGc0NRfxDWC4r, 2, 1, 2, 1, 3, 2, 1, 3, 2, 2, 2, 3, 1, 2, 1, 3, 1, 2, 1, 1, 2, 3, 1, 2, 1, 2, 2, 1, 2, 2, 3, 2, 3, 1, 2, 1, 2, 2, 2, 1, 1, 3
chatcmpl-8wWAPTB6su47zbEehaEwStgDGOPVa, 2, 1, 2, 1, 3, 2, 1, 3, 2, 2, 2, 2, 2, 1, 1, 2, 2, 2, 1, 1, 2, 3, 1, 2, 1, 2, 2, 1, 3, 1, 2, 2, 3, 2, 2, 1, 2, 2, 2, 1, 1, 2
chatcmpl-8wWAqpYUDdipACtUteK3Dt302WS6C, 2, 1, 2, 1, 3, 2, 1, 3, 2, 2, 2, 3, 2, 2, 1, 2, 2, 2, 1, 1, 2, 3, 1, 2, 1, 2, 2, 1, 2, 2, 2, 2, 3, 2, 2, 1, 2, 2, 2, 1, 1, 3
chatcmpl-8wWB7tDBsuWQPYymxga5DMqDTy0G4, 2, 2, 3, 2, 3, 2, 1, 3, 3, 2, 2, 2, 2, 2, 1, 3, 2, 2, 1, 2, 3, 3, 1, 3, 2, 2, 2, 2, 3, 2, 2, 2, 3, 2, 2, 2, 3, 3, 2, 2, 1, 3
chatcmpl-8wWBRBxrV6CMxcVQCM919oLbcnxS7, 2, 2, 2, 1, 3, 2, 1, 3, 2, 2, 2, 3, 2, 2, 1, 2, 2, 2, 1, 2, 2, 3, 1, 2, 1, 2, 2, 1, 3, 1, 2, 2, 2, 2, 2, 1, 2, 2, 2, 1, 1, 2
chatcmpl-8wWBm89749qLtzZTkxWwOFdMrC9Np, 3, 2, 3, 2, 3, 2, 1, 3, 2, 3, 2, 3, 3, 2, 1, 3, 2, 2, 1, 2, 3, 3, 1, 2, 2, 3, 2, 2, 3, 2, 2, 2, 3, 2, 2, 1, 3, 3, 2, 2, 2, 2
chatcmpl-8wWCIxAsbNoo2TuisWuHI9AoR51cL, 3, 2, 3, 2, 3, 2, 2, 3, 3, 3, 3, 3, 3, 2, 2, 3, 2, 2, 2, 2, 3, 3, 2, 3, 2, 3, 2, 2, 3, 3, 3, 2, 3, 2, 3, 2, 3, 3, 2, 2, 2, 3
chatcmpl-8wWCl6df8nAB5AwWszPUCvBmPq9PM, 2, 2, 2, 1, 3, 2, 1, 3, 2, 2, 2, 2, 1, 2, 1, 2, 1, 2, 1, 1, 2, 3, 1, 2, 1, 2, 2, 1, 2, 1, 2, 2, 3, 1, 2, 1, 2, 1, 2, 1, 1, 2
chatcmpl-8wWD6BWLXz6w1pLZOk7bQ98VG4EUl, 2, 1, 2, 1, 3, 2, 1, 3, 2, 2, 2, 3, 2, 2, 1, 2, 2, 2, 1, 1, 2, 3, 1, 2, 1, 2, 2, 1, 2, 2, 2, 2, 3, 2, 2, 1, 2, 2, 3, 2, 1, 2
chatcmpl-8wWDWPXPBQCKBQdI02tilxc6JJ0vv, 2, 1, 2, 1, 3, 2, 1, 3, 2, 2, 3, 2, 2, 2, 1, 2, 3, 2, 1, 1, 2, 3, 1, 2, 1, 2, 2, 1, 2, 1, 2, 2, 3, 2, 2, 1, 2, 2, 2, 1, 1, 2
chatcmpl-8wWDoh0IpYaM6HQ7DBZiQlOW4HzVY, 3, 2, 2, 2, 3, 2, 2, 3, 3, 3, 2, 2, 3, 2, 2, 3, 3, 2, 2, 2, 3, 3, 2, 2, 2, 3, 2, 2, 3, 2, 3, 2, 3, 3, 2, 3, 3, 3, 2, 2, 2, 3
chatcmpl-8wWEEHPOF895XFsLvRfNVa6yvLeXQ, 2, 2, 2, 1, 3, 2, 1, 3, 2, 2, 2, 2, 2, 2, 1, 3, 2, 2, 2, 1, 2, 3, 1, 3, 1, 2, 2, 1, 3, 1, 3, 3, 3, 2, 3, 1, 3, 3, 2, 1, 1, 3
chatcmpl-8wWEY1bf1k0n65Hv7skx1lliBVs3e, 2, 1, 2, 1, 3, 2, 1, 4, 3, 3, 2, 2, 2, 2, 1, 2, 2, 2, 1, 1, 3, 3, 1, 2, 1, 2, 2, 1, 3, 2, 2, 2, 3, 2, 2, 1, 3, 3, 2, 1, 1, 3
chatcmpl-8wWF03jr48EnOnqFaMCcJlTXSq8PK, 2, 1, 2, 1, 3, 2, 1, 3, 2, 2, 2, 2, 2, 2, 1, 2, 2, 1, 1, 1, 2, 3, 1, 3, 1, 2, 2, 1, 3, 1, 2, 2, 3, 2, 2, 1, 2, 2, 2, 1, 1, 2
chatcmpl-8wWFMe6RCQY1lKo1GkpXtZQAMkZFm, 2, 1, 2, 1, 3, 2, 1, 3, 2, 2, 2, 2, 1, 2, 1, 1, 1, 2, 1, 1, 1, 3, 1, 2, 1, 1, 2, 1, 3, 2, 2, 2, 2, 1, 2, 1, 2, 1, 2, 1, 1, 3
chatcmpl-8wWFjKe932csWTyxwKwlOrT1CN9xE, 3, 2, 2, 2, 3, 2, 1, 3, 2, 2, 2, 3, 2, 2, 1, 2, 2, 2, 1, 1, 2, 3, 1, 2, 1, 2, 2, 1, 2, 2, 2, 2, 3, 2, 2, 1, 2, 2, 2, 2, 1, 2
chatcmpl-8wWGDSln5BpO45Vqr5QPcJQVdn6It, 2, 1, 2, 1, 3, 2, 1, 3, 2, 2, 2, 3, 2, 2, 1, 3, 2, 2, 1, 1, 2, 3, 1, 3, 1, 2, 2, 1, 2, 1, 2, 2, 3, 2, 2, 1, 2, 2, 2, 1, 1, 3
chatcmpl-8wWGTXI7cgXUB43fA6d7Ppio3mdQs, 2, 3, 2, 1, 3, 2, 1, 2, 3, 2, 2, 2, 2, 2, 1, 2, 2, 2, 1, 2, 2, 3, 1, 2, 1, 2, 2, 1, 2, 2, 2, 1, 3, 2, 1, 1, 2, 2, 2, 1, 1, 2
chatcmpl-8wWIJunGEw2yJP3NjidwfgM78sdHa, 2, 1, 2, 1, 3, 2, 1, 3, 2, 2, 2, 2, 2, 2, 1, 2, 2, 2, 1, 1, 2, 3, 1, 2, 1, 2, 2, 1, 3, 1, 2, 2, 3, 2, 2, 1, 2, 2, 2, 1, 1, 2
chatcmpl-8wWIg60OMawtZECyvoXmBN5P0kVOx, 3, 2, 2, 1, 3, 2, 1, 3, 2, 2, 2, 2, 2, 2, 1, 2, 2, 2, 1, 1, 2, 2, 1, 2, 1, 2, 2, 2, 2, 2, 2, 2, 2, 2, 2, 1, 2, 1, 2, 2, 1, 2
chatcmpl-8wWJ3dHszjyqHQjeVUlvZLNqUBOER, 2, 1, 2, 1, 3, 2, 1, 3, 2, 2, 2, 2, 2, 2, 1, 2, 2, 2, 1, 1, 2, 3, 1, 2, 1, 2, 2, 1, 3, 2, 2, 2, 2, 2, 2, 1, 2, 2, 2, 1, 1, 2
chatcmpl-8wWJQhykmbxMmyzkRBtSnXDssnp2C, 2, 1, 3, 1, 3, 2, 1, 3, 3, 3, 2, 2, 3, 2, 1, 3, 2, 2, 1, 1, 2, 2, 1, 2, 1, 3, 2, 1, 2, 2, 3, 2, 3, 2, 2, 1, 2, 3, 2, 1, 1, 2
chatcmpl-8wWJoVZXT9pv5SXHPYxOazocZucnq, 2, 1, 2, 1, 3, 2, 1, 3, 2, 2, 2, 3, 2, 2, 1, 2, 2, 2, 1, 1, 2, 3, 1, 2, 1, 2, 2, 1, 3, 2, 2, 2, 3, 2, 2, 1, 2, 2, 2, 2, 1, 3
chatcmpl-8wWK5ctMg4OQSVUcj3aBz8wcpMlEA, 2, 2, 2, 1, 3, 2, 1, 3, 2, 3, 2, 3, 2, 2, 1, 2, 2, 2, 1, 1, 2, 3, 1, 2, 1, 2, 2, 1, 2, 1, 2, 2, 3, 2, 2, 1, 2, 2, 2, 1, 1, 2
chatcmpl-8wWKSjpTUqVdVPScSjBGFSmImr5D0, 2, 1, 2, 1, 3, 2, 1, 3, 2, 2, 2, 3, 2, 2, 1, 2, 2, 2, 1, 1, 2, 3, 1, 2, 1, 2, 2, 1, 3, 2, 2, 2, 3, 2, 2, 1, 2, 2, 2, 1, 1, 3
chatcmpl-8wWKqrCaUZrQbi8G9YkXXFzOLFmpA, 2, 2, 3, 1, 2, 2, 1, 3, 2, 2, 2, 2, 2, 2, 1, 2, 2, 1, 1, 1, 2, 2, 1, 2, 1, 2, 2, 1, 2, 2, 2, 2, 2, 2, 2, 1, 2, 2, 2, 1, 1, 2
chatcmpl-8wWMjklyHV1fXWoAcknfWdxrPMGSa, 2, 2, 2, 1, 3, 2, 1, 3, 2, 2, 2, 3, 2, 2, 1, 2, 1, 2, 1, 1, 2, 2, 1, 2, 2, 2, 2, 1, 2, 2, 2, 2, 2, 1, 2, 1, 2, 2, 2, 1, 1, 2
chatcmpl-8wWN5SXSA3WhM2wbPLw9DgkScHGaS, 3, 2, 3, 2, 3, 2, 2, 3, 3, 3, 2, 2, 3, 2, 2, 3, 3, 2, 2, 2, 3, 3, 2, 3, 2, 3, 2, 2, 2, 2, 3, 2, 2, 3, 2, 2, 3, 3, 2, 2, 2, 2
chatcmpl-8wWNbC7h5H96cfBYpWsI4nm2XFGVN, 2, 1, 2, 1, 3, 2, 1, 3, 2, 2, 2, 3, 2, 2, 1, 2, 2, 2, 1, 1, 2, 3, 1, 2, 1, 2, 2, 1, 2, 2, 2, 2, 2, 2, 2, 1, 2, 2, 2, 1, 1, 3
chatcmpl-8wWNvZISJq8UcHTBELXyeBpnvZRKQ, 2, 2, 3, 1, 3, 2, 1, 3, 2, 3, 2, 2, 2, 2, 1, 2, 2, 2, 2, 1, 3, 3, 1, 2, 1, 2, 2, 1, 3, 2, 2, 2, 2, 2, 2, 1, 3, 3, 2, 1, 1, 2
chatcmpl-8wWOH4rx8MOQ5JzaFdSRjJIvJYSoV, 2, 2, 3, 1, 3, 2, 1, 3, 2, 2, 2, 2, 2, 2, 1, 2, 2, 2, 1, 1, 2, 3, 1, 2, 1, 2, 2, 1, 2, 2, 2, 2, 2, 2, 2, 1, 2, 3, 2, 1, 1, 2
chatcmpl-8wWOas06hkm7VIdiWZvF9gck2cxLx, 2, 1, 2, 1, 3, 2, 1, 3, 2, 1, 2, 2, 2, 2, 1, 2, 1, 2, 1, 1, 1, 3, 1, 2, 1, 2, 2, 1, 2, 1, 2, 2, 3, 1, 2, 1, 1, 1, 2, 1, 1, 2
chatcmpl-8wWOrJ31NM11YZNbdo8IMfefzmcCl, 2, 2, 3, 2, 3, 2, 1, 3, 2, 3, 2, 2, 3, 2, 1, 3, 3, 2, 1, 2, 3, 3, 2, 3, 2, 3, 2, 2, 3, 2, 2, 2, 4, 3, 3, 2, 3, 3, 2, 2, 1, 3
chatcmpl-8wWPEUuuxL0qb6BxFZT0hJMevw4Ih, 2, 1, 2, 1, 3, 2, 1, 3, 2, 2, 2, 3, 2, 2, 1, 2, 1, 2, 1, 1, 2, 2, 1, 2, 1, 2, 2, 1, 3, 2, 2, 2, 3, 1, 2, 1, 2, 2, 2, 2, 1, 2
chatcmpl-8wWPbhqyDiDMJ0Cq3enqTyyFPx3De, 3, 2, 2, 1, 3, 2, 1, 3, 2, 2, 3, 2, 2, 2, 1, 2, 2, 3, 1, 1, 2, 3, 1, 2, 2, 2, 2, 1, 2, 2, 2, 2, 3, 2, 2, 1, 2, 2, 2, 1, 1, 2
chatcmpl-8wWQ0VtWLzPiOrJTP8gMJxrK1gyRX, 2, 2, 3, 1, 3, 2, 1, 4, 2, 3, 2, 3, 2, 2, 1, 3, 2, 2, 1, 2, 3, 4, 1, 3, 2, 2, 2, 2, 3, 2, 3, 2, 3, 2, 2, 2, 3, 3, 2, 2, 1, 3
chatcmpl-8wWQL86vBvq0A4ZFiocXzBAfB6jih, 2, 1, 2, 1, 3, 2, 1, 3, 2, 2, 2, 2, 2, 2, 1, 2, 2, 2, 1, 1, 2, 3, 1, 2, 1, 2, 2, 1, 2, 1, 2, 2, 2, 2, 2, 1, 2, 2, 2, 1, 1, 3
chatcmpl-8wWQg3flftFqcLz3fp7MROBUHQs3n, 2, 2, 2, 1, 3, 2, 1, 3, 2, 2, 2, 2, 2, 2, 1, 2, 2, 2, 1, 1, 2, 3, 1, 2, 1, 2, 2, 1, 2, 2, 2, 2, 2, 2, 2, 1, 2, 2, 2, 1, 1, 2
chatcmpl-8wWQySu5uHBVWxqoMiHDNZTDKRVPV, 3, 2, 3, 2, 3, 2, 2, 3, 3, 3, 2, 3, 3, 2, 2, 3, 2, 2, 2, 2, 3, 2, 2, 3, 2, 3, 2, 2, 3, 2, 3, 2, 3, 2, 2, 2, 3, 3, 2, 2, 2, 2
chatcmpl-8wWRR3snrZHIfRX39AjVDAnEhu1VK, 2, 2, 2, 1, 3, 2, 1, 3, 2, 2, 2, 2, 2, 2, 1, 2, 2, 2, 1, 1, 2, 3, 1, 2, 1, 2, 2, 1, 3, 1, 2, 2, 3, 2, 2, 1, 2, 2, 2, 1, 1, 2
chatcmpl-8wWRiSE0tip9abAWInRSGKCLuPacg, 2, 2, 3, 2, 3, 2, 1, 3, 3, 2, 2, 2, 2, 2, 1, 3, 2, 2, 1, 1, 2, 3, 1, 3, 2, 2, 2, 1, 3, 1, 3, 3, 3, 2, 3, 1, 3, 2, 2, 1, 1, 2
chatcmpl-8wWS3Q5LtEMIkvGn73QavBn5kpQcZ, 2, 1, 2, 1, 3, 2, 1, 3, 2, 2, 2, 2, 1, 2, 1, 2, 1, 2, 1, 1, 1, 3, 1, 2, 1, 1, 2, 1, 3, 2, 2, 2, 2, 1, 2, 1, 1, 1, 2, 1, 1, 2
chatcmpl-8wWSMmBSHUiYy7yDVrNerEixPMknd, 2, 1, 2, 1, 3, 2, 1, 3, 2, 2, 2, 3, 2, 2, 1, 2, 2, 2, 1, 1, 2, 3, 1, 2, 1, 2, 2, 1, 3, 2, 2, 2, 3, 2, 2, 1, 2, 2, 2, 1, 1, 3
chatcmpl-8wWSdmATXYmsuxga3O5VHR0SdYzGG, 2, 1, 2, 1, 3, 2, 1, 3, 2, 3, 2, 3, 2, 2, 1, 2, 2, 2, 1, 1, 2, 3, 1, 3, 1, 2, 2, 2, 3, 2, 3, 2, 3, 2, 2, 1, 3, 2, 2, 2, 1, 3
chatcmpl-8wWT29ErDosZjyzm2aEpclc6IUnCP, 2, 2, 2, 1, 3, 2, 1, 3, 2, 2, 2, 2, 2, 1, 1, 2, 2, 2, 1, 1, 2, 2, 1, 2, 1, 2, 2, 1, 2, 1, 2, 2, 2, 2, 2, 1, 2, 2, 2, 1, 1, 2
chatcmpl-8wWTMIRj4bpHtzx7y02d9MCSiVZfN, 2, 2, 2, 1, 3, 2, 1, 3, 2, 2, 2, 3, 2, 2, 1, 2, 2, 2, 1, 1, 2, 3, 1, 2, 1, 2, 2, 1, 3, 1, 2, 2, 3, 2, 2, 1, 2, 2, 2, 1, 1, 3
chatcmpl-8wWTgmenbvESHzoDI6bfKWFaxjlfW, 2, 2, 3, 1, 3, 2, 1, 3, 2, 2, 2, 2, 2, 2, 1, 2, 2, 2, 1, 1, 2, 2, 1, 2, 1, 2, 2, 1, 2, 2, 2, 2, 3, 2, 2, 1, 2, 2, 1, 2, 1, 2
chatcmpl-8wWU1Z9oVWaLNIEPOLRpuJLfkVYPb, 2, 2, 2, 1, 3, 2, 1, 3, 2, 2, 2, 2, 1, 2, 1, 2, 1, 2, 1, 1, 2, 3, 1, 2, 1, 1, 2, 1, 2, 2, 2, 2, 3, 1, 1, 1, 2, 1, 2, 1, 1, 3
chatcmpl-8wWUNd6mczviyxgYF3VpyDcKmd9Mp, 3, 2, 3, 2, 4, 3, 2, 3, 4, 3, 3, 2, 3, 2, 1, 3, 3, 2, 2, 3, 3, 4, 2, 3, 3, 3, 2, 3, 3, 3, 3, 2, 4, 3, 3, 3, 3, 3, 3, 3, 2, 3
chatcmpl-8wWWCblv0JT36jyxDuIzyYK4KgZVO, 2, 1, 2, 1, 3, 2, 1, 3, 2, 2, 2, 3, 2, 2, 1, 2, 2, 1, 1, 1, 2, 3, 1, 2, 1, 2, 2, 1, 3, 2, 2, 2, 3, 1, 2, 1, 2, 2, 2, 1, 1, 3
chatcmpl-8wWWZIRi7fLYPsUBpWtPxg1sJkFGH, 3, 2, 3, 2, 3, 2, 2, 4, 3, 3, 2, 3, 3, 2, 2, 3, 3, 2, 2, 2, 3, 3, 2, 3, 2, 3, 2, 2, 2, 2, 3, 2, 3, 3, 2, 2, 3, 3, 2, 2, 2, 3
chatcmpl-8wWWx7gV5B4Wfvr7oySKMovXFlhxR, 2, 2, 3, 2, 3, 2, 2, 3, 2, 2, 2, 3, 2, 3, 2, 2, 2, 2, 2, 2, 2, 3, 2, 2, 2, 2, 2, 2, 3, 2, 2, 2, 3, 2, 2, 2, 2, 2, 2, 2, 2, 3
chatcmpl-8wWXK2l2ggmJoW4nfOzx4aZTzAtJU, 3, 2, 3, 2, 3, 2, 2, 4, 3, 3, 2, 3, 3, 3, 2, 3, 3, 2, 2, 2, 3, 4, 2, 3, 2, 3, 2, 3, 3, 3, 3, 3, 3, 3, 3, 3, 3, 3, 3, 3, 2, 3
chatcmpl-8wWXjw6wcYIya96XfyBbBnDRQNyMi, 2, 1, 3, 1, 3, 2, 1, 3, 2, 2, 2, 2, 2, 2, 1, 3, 2, 2, 1, 1, 2, 3, 1, 3, 1, 2, 2, 1, 2, 1, 2, 2, 2, 2, 2, 1, 2, 2, 2, 1, 1, 2
chatcmpl-8wWY4djDLNEbAlmiJK1kVLdl2T9ba, 3, 2, 3, 2, 3, 2, 1, 3, 2, 3, 2, 2, 3, 2, 1, 3, 2, 2, 1, 2, 3, 2, 1, 3, 2, 3, 2, 2, 2, 2, 3, 2, 3, 2, 2, 2, 3, 3, 2, 2, 1, 2
chatcmpl-8wWYVDj7PCQ0L8NArIU4Podp4uHYY, 2, 1, 2, 1, 3, 2, 1, 3, 2, 2, 2, 2, 2, 2, 1, 2, 2, 2, 1, 1, 2, 3, 1, 2, 1, 2, 2, 1, 3, 2, 2, 2, 2, 2, 2, 1, 2, 2, 2, 1, 1, 2
chatcmpl-8wWYndc3VCKlvLZn0PUFAJ3XEki9c, 3, 2, 2, 1, 3, 2, 1, 3, 2, 2, 2, 3, 2, 2, 1, 2, 2, 2, 1, 1, 2, 3, 1, 2, 2, 2, 2, 1, 2, 2, 2, 2, 3, 2, 2, 1, 2, 2, 2, 1, 1, 2
chatcmpl-8wWZDLT5Giq3XeQkSyrFk6f6cfpKb, 2, 3, 3, 2, 4, 3, 2, 4, 3, 3, 2, 3, 2, 2, 2, 3, 3, 2, 2, 2, 3, 3, 2, 3, 2, 3, 2, 2, 4, 2, 3, 2, 3, 3, 3, 2, 3, 3, 2, 2, 2, 3
chatcmpl-8wWZb5W0ditH4WYSj7PajQl2OD7kF, 3, 2, 3, 2, 3, 2, 2, 3, 3, 3, 2, 3, 3, 2, 2, 3, 3, 2, 2, 2, 3, 3, 2, 3, 2, 3, 2, 2, 3, 2, 3, 2, 3, 3, 2, 2, 3, 3, 2, 2, 2, 3
chatcmpl-8wWa3E9q68R6jUumHl2oejbCrERO5, 2, 1, 2, 2, 3, 2, 1, 3, 2, 2, 2, 2, 1, 2, 1, 2, 1, 1, 1, 1, 2, 3, 1, 3, 1, 1, 2, 1, 2, 2, 3, 2, 3, 1, 2, 1, 2, 1, 2, 1, 1, 3
chatcmpl-8wWaUDWEFUSottuaghzynbX7JfKJY, 2, 2, 2, 1, 3, 2, 1, 3, 2, 2, 2, 1, 2, 2, 1, 2, 2, 2, 1, 1, 2, 2, 1, 2, 1, 2, 2, 1, 2, 2, 1, 2, 2, 2, 2, 1, 2, 2, 2, 1, 1, 2
chatcmpl-8wWb0Vz90duTQ5JZgYggW89aoExRX, 2, 2, 2, 1, 3, 2, 1, 3, 2, 2, 2, 2, 2, 2, 1, 2, 2, 2, 1, 1, 2, 3, 1, 2, 2, 2, 2, 1, 2, 1, 2, 2, 3, 2, 2, 1, 2, 2, 2, 1, 1, 2
chatcmpl-8wWbQ4BSfWaVWnImhC1Lex5Ay54Gn, 2, 1, 2, 1, 3, 2, 1, 3, 2, 2, 2, 1, 2, 1, 1, 2, 2, 1, 1, 1, 2, 2, 1, 2, 1, 2, 1, 1, 3, 2, 2, 2, 2, 2, 2, 1, 2, 2, 2, 1, 1, 2
chatcmpl-8wWbj6Yqvl2DYWy29UROrLxXqL7vL, 2, 1, 3, 1, 2, 2, 1, 3, 2, 3, 2, 2,â€¯3, 2, 1, 3, 2, 2, 1, 1, 3, 3, 1, 3, 1, 3, 2, 2, 3, 2, 3, 2, 3, 2, 2, 1, 3, 3, 2, 2, 1, 2
chatcmpl-8wWc6ektFNN4EYpiZvUa2O5EjCrlf, 2, 1, 2, 1, 3, 2, 1, 3, 2, 2, 2, 3, 2, 2, 1, 2, 2, 2, 1, 1, 2, 3, 1, 2, 1, 2, 2, 1, 3, 2, 2, 2, 3, 2, 2, 1, 2, 2, 2, 1, 1, 3
chatcmpl-8wWcSMIxuzJZ3k1q6YcUeDHeXhWoX, 2, 1, 2, 1, 3, 2, 1, 3, 2, 2, 2, 3, 2, 2, 1, 2, 2, 1, 1, 1, 2, 3, 1, 2, 1, 2, 2, 1, 3, 2, 2, 2, 3, 2, 2, 1, 2, 2, 2, 1, 1, 2
chatcmpl-8wWcllJmBy73z2Ib2e3xzzvCdjegY, 3, 2, 3, 2, 3, 3, 2, 4, 3, 3, 3, 2, 3, 3, 2, 3, 3, 2, 2, 2, 3, 3, 2, 3, 2, 3, 3, 3, 3, 3, 3, 3, 3, 3, 3, 3, 3, 3, 3, 3, 2, 3
chatcmpl-8wWd98Cq98IREb3QMKgBVMZZttyiq, 3, 2, 3, 2, 3, 2, 2, 3, 3, 2, 2, 2, 3, 2, 2, 3, 2, 2, 2, 2, 2, 3, 2, 2, 2, 2, 2, 2, 2, 2, 2, 2, 2, 2, 2, 2, 2, 2, 2, 2, 2, 2
chatcmpl-8wWdbuF5GkiUg4dd9CfccZoeJQCP6, 2, 2, 3, 2, 3, 2, 1, 3, 2, 2, 2, 2, 3, 2, 1, 3, 2, 2, 1, 2, 3, 2, 1, 3, 2, 3, 2, 2, 3, 2, 2, 2, 3, 2, 2, 2, 3, 3, 2, 2, 1, 3
chatcmpl-8wWdv6iJQzQuWaeexrCwl4SHZaAQb, 2, 1, 2, 1, 3, 2, 1, 3, 2, 3, 2, 2, 2, 2, 1, 3, 2, 2, 1, 1, 3, 3, 1, 2, 1, 2, 2, 1, 2, 2, 2, 2, 3, 2, 2, 1, 3, 3, 2, 1, 1, 3
chatcmpl-8wWeIMKNJcKyT5nneCHAbvsE5HzPh, 2, 1, 2, 1, 3, 2, 1, 3, 2, 2, 2, 3, 2, 2, 1, 2, 2, 1, 1, 1, 2, 3, 1, 2, 1, 2, 2, 1, 3, 1, 2, 2, 2, 2, 2, 1, 2, 2, 2, 1, 1, 2
chatcmpl-8wWeefgmqUspxLBXXmoPwjCukBVmZ, 2, 2, 2, 1, 3, 2, 1, 3, 2, 2, 2, 2, 1, 2, 1, 2, 1, 2, 1, 1, 2, 3, 1, 2, 1, 2, 2, 1, 2, 2, 2, 2, 2, 1, 2, 1, 2, 1, 2, 1, 1, 2
chatcmpl-8wWeyqtbyVow7AODsPoAoH003SNY9, 3, 2, 3, 2, 3, 2, 2, 3, 3, 3, 2, 2, 3, 2, 1, 3, 2, 2, 2, 2, 3, 3, 2, 3, 2, 2, 2, 2, 3, 2, 3, 2, 3, 2, 2, 2, 3, 3, 2, 2, 2, 3
chatcmpl-8wWfKZpl86bZxZWrl4XMJPAyzAEjS, 3, 2, 3, 2, 3, 2, 2, 3, 3, 3, 2, 2, 3, 2, 2, 3, 3, 2, 2, 2, 3, 3, 2, 3, 2, 3, 2, 3, 3, 2, 3, 2, 3, 3, 2, 2, 3, 3, 2, 2, 2, 3
chatcmpl-8wWfgDwFuMhRpAPzg06OEmqafblik, 2, 2, 3, 2, 3, 2, 2, 4, 3, 3, 2, 2, 3, 2, 2, 3, 2, 2, 2, 2, 3, 3, 2, 3, 2, 3, 2, 2, 2, 2, 3, 2, 2, 2, 2, 2, 3, 3, 2, 2, 2, 3
chatcmpl-8wWg6Hee102IgrHZPiJZ17Qzv0ocp, 2, 1, 2, 1, 3, 2, 1, 4, 2, 2, 2, 2, 1, 2, 1, 2, 2, 2, 1, 1, 2, 3, 1, 2, 1, 1, 2, 1, 2, 1, 2, 2, 2, 2, 2, 1, 2, 1, 2, 1, 1, 3
chatcmpl-8wWgQyY9cwr9E7sbl65JKoDyKyuQ4, 2, 1, 2, 1, 3, 2, 1, 3, 2, 2, 2, 3, 2, 2, 1, 2, 1, 2, 1, 1, 2, 3, 1, 2, 1, 2, 2, 1, 3, 2, 3, 2, 3, 1, 2, 1, 2, 2, 2, 1, 1, 3
chatcmpl-8wWgj3AsjK7yJ21TsvNLOzOmSrUi2, 3, 2, 2, 1, 3, 2, 1, 3, 2, 2, 3, 2, 2, 2, 1, 2, 2, 2, 2, 2, 2, 3, 1, 2, 2, 2, 3, 2, 2, 2, 2, 2, 2, 2, 2, 2, 2, 2, 2, 2, 1, 2
chatcmpl-8wWh35VYZDYcA4tbQzUSFeQoMlWEt, 2, 1, 2, 1, 3, 2, 1, 3, 2, 2, 2, 3, 1, 2, 1, 1, 2, 2, 1, 1, 2, 3, 1, 2, 1, 2, 2, 1, 3, 2, 2, 2, 2, 2, 2, 1, 2, 1, 2, 1, 1, 2
chatcmpl-8wWhRWta9GPq8It6KlLYWXiQ3MsJ7, 3, 2, 3, 2, 4, 3, 2, 3, 3, 3, 3, 3, 3, 3, 2, 3, 3, 2, 2, 2, 3, 3, 2, 3, 2, 3, 3, 2, 3, 2, 3, 3, 3, 3, 3, 3, 3, 3, 3, 2, 2, 3
chatcmpl-8wWhqzBk69XHextVn6poSt8yRG2bG, 2, 2, 2, 1, 3, 2, 1, 3, 2, 2, 2, 3, 1, 2, 1, 2, 2, 2, 1, 1, 2, 3, 1, 2, 1, 2, 2, 1, 2, 1, 2, 2, 3, 2, 2, 1, 2, 2, 2, 2, 1, 2
chatcmpl-8wWiBvATYsIyhLpD4fXWu2ZkhcscL, 2, 1, 2, 1, 3, 2, 1, 3, 2, 2, 2, 2, 2, 2, 1, 2, 2, 2, 1, 1, 2, 3, 1, 2, 1, 2, 2, 1, 3, 2, 2, 2, 3, 2, 2, 1, 2, 2, 2, 2, 1, 2
chatcmpl-8wWifmBbw1nQZrKlc5pXx5ydMCUyt, 2, 2, 2, 1, 3, 2, 1, 3, 2, 2, 2, 3, 2, 2, 1, 2, 2, 2, 1, 1, 2, 3, 1, 2, 1, 2, 2, 1, 3, 2, 2, 2, 3, 2, 2, 1, 2, 2, 2, 1, 1, 2
chatcmpl-8wWj4oDXoObCGfNMeK54bi2FubP8x, 2, 1, 2, 1, 3, 2, 1, 3, 2, 2, 2, 2, 1, 2, 1, 2, 2, 2, 1, 1, 2, 2, 1, 2, 1, 1, 2, 2, 3, 2, 2, 2, 2, 2, 2, 1, 2, 2, 2, 1, 1, 2
chatcmpl-8wWjNDkkPoYYHkudVtTkx5F1CBMih, 2, 2, 3, 2, 3, 2, 1, 3, 2, 2, 2, 3, 2, 2, 1, 3, 2, 2, 1, 1, 2, 3, 1, 2, 2, 2, 2, 2, 3, 1, 3, 2, 3, 2, 2, 1, 3, 2, 3, 1, 1, 3
chatcmpl-8wWjhOMQDhrAdszMjfpWfEmGbNuZC, 2, 1, 2, 1, 3, 2, 1, 3, 2, 2, 2, 3, 2, 2, 1, 2, 1, 2, 1, 1, 2, 3, 1, 2, 1, 2, 2, 1, 3, 1, 2, 2, 3, 1, 2, 1, 2, 2, 2, 1, 1, 2
chatcmpl-8wWk2ghpp2l35YQwsR4VamriGfpwj, 2, 1, 2, 1, 3, 2, 1, 4, 3, 2, 2, 2, 2, 2, 1, 2, 2, 1, 1, 1, 2, 3, 1, 2, 1, 2, 1, 1, 2, 1, 2, 2, 3, 2, 2, 1, 2, 2, 2, 1, 1, 2
chatcmpl-8wWkQneAJCLR1IoUt9BH2LpamNG1B, 3, 2, 3, 2, 4, 3, 2, 4, 3, 3, 3, 3, 4, 3, 2, 4, 3, 2, 2, 2, 3, 4, 2, 4, 3, 4, 3, 3, 3, 2, 4, 3, 3, 3, 3, 3, 3, 4, 3, 3, 2, 4
chatcmpl-8wWkoBI1eL7cd1hNL5k0vbekjqxN8, 3, 2, 3, 2, 3, 2, 2, 4, 4, 3, 3, 3, 3, 3, 2, 3, 3, 2, 2, 2, 3, 4, 2, 3, 2, 3, 2, 2, 3, 3, 3, 2, 3, 3, 2, 2, 3, 3, 3, 2, 2, 3
chatcmpl-8wWlC2dNumd7M1OGQ29UYrffwjHBh, 2, 1, 2, 1, 3, 2, 1, 3, 2, 2, 2, 3, 2, 2, 1, 2, 2, 2, 1, 2, 2, 3, 1, 2, 1, 2, 2, 1, 2, 2, 2, 2, 2, 2, 2, 1, 2, 2, 2, 1, 1, 2
chatcmpl-8wWlWvCAWX9wL9mvoX49OuD0Uhu9p, 2, 3, 3, 1, 3, 2, 1, 3, 2, 2, 2, 3, 3, 2, 1, 3, 3, 2, 1, 2, 3, 3, 1, 2, 1, 3, 2, 2, 3, 2, 2, 3, 3, 3, 3, 2, 3, 3, 3, 2, 1, 3
chatcmpl-8wWlzXndqqXPXtIl9mQHGogEjCb0c, 2, 1, 2, 1, 3, 2, 1, 3, 2, 2, 2, 2, 2, 2, 1, 2, 2, 2, 1, 1, 2, 3, 1, 2, 1, 2, 2, 1, 2, 1, 2, 2, 2, 2, 2, 1, 2, 2, 2, 1, 1, 2
chatcmpl-8wWmI3VvwU4PJp7ymGuzg78tpkFVh, 2, 2, 2, 1, 3, 2, 1, 3, 2, 2, 2, 2, 2, 2, 1, 2, 2, 1, 1, 1, 2, 3, 1, 2, 1, 2, 2, 2, 2, 2, 2, 2, 3, 2, 2, 1, 2, 2, 2, 2, 1, 2
chatcmpl-8wWmeeaQ2ZXntfyZCtAyYBUbHNWru, 2, 3, 2, 1, 3, 2, 1, 3, 2, 2, 2, 2, 1, 2, 1, 2, 1, 2, 1, 1, 1, 2, 1, 2, 1, 1, 2, 1, 2, 1, 2, 2, 2, 1, 2, 1, 1, 1, 2, 1, 1, 2
chatcmpl-8wWn2ajvpM4OVitO2wco4rP5W2orT, 3, 2, 3, 2, 3, 3, 2, 3, 3, 3, 2, 3, 3, 2, 2, 3, 2, 2, 2, 2, 3, 3, 2, 3, 2, 3, 2, 2, 3, 2, 3, 2, 3, 3, 2, 2, 3, 3, 2, 2, 2, 3
chatcmpl-8wWnWOWjsdC3s8QwnL8z043fELmNF, 2, 2, 3, 2, 3, 2, 2, 3, 2, 2, 2, 3, 2, 2, 1, 3, 2, 2, 2, 2, 2, 3, 2, 3, 2, 2, 3, 2, 2, 2, 2, 2, 3, 2, 2, 2, 2, 2, 2, 2, 2, 2
chatcmpl-8wWnrrlS4Phje02vtmjEFpd6kqni0, 2, 2, 2, 1, 3, 2, 1, 3, 2, 2, 2, 2, 1, 2, 1, 2, 2, 2, 1, 1, 1, 3, 1, 2, 1, 1, 2, 1, 2, 1, 2, 2, 2, 1, 2, 1, 1, 1, 1, 1, 1, 2
chatcmpl-8wWoAnbEuHldA8QG29ntDERkZXiM6, 3, 2, 3, 1, 3, 2, 1, 3, 3, 2, 2, 2, 2, 2, 1, 2, 2, 2, 1, 1, 2, 3, 1, 2, 1, 2, 2, 1, 2, 2, 2, 2, 3, 2, 2, 1, 2, 2, 2, 1, 1, 2
chatcmpl-8wWoc1RYlM2D3kQyv5116xoi2Q3TY, 2, 2, 3, 2, 3, 2, 1, 3, 2, 2, 2, 2, 2, 2, 1, 2, 2, 3, 1, 1, 2, 3, 1, 2, 1, 2, 2, 1, 2, 1, 2, 3, 3, 2, 3, 1, 2, 2, 3, 1, 1, 2
chatcmpl-8wWovGFoO5gWabesq9mpnyGtsWhT0, 2, 2, 2, 1, 3, 2, 1, 3, 2, 2, 2, 2, 2, 2, 1, 2, 2, 2, 1, 1, 2, 3, 1, 2, 1, 2, 2, 1, 2, 2, 2, 2, 3, 2, 2, 1, 3, 2, 2, 1, 1, 2
chatcmpl-8wWwmw7ED2gjLv5IlP6pWKTEJw4Sb, 2, 1, 2, 1, 3, 2, 1, 3, 2, 2, 2, 3, 2, 2, 1, 2, 2, 2, 1, 1, 2, 3, 1, 2, 1, 2, 2, 1, 3, 1, 2, 2, 3, 2, 2, 1, 2, 2, 2, 1, 1, 2
chatcmpl-8wWx3KlpWyU0BI9Ygoq3li4809MnH, 2, 2, 3, 2, 3, 2, 2, 4, 3, 3, 2, 3, 3, 2, 2, 3, 2, 2, 2, 2, 3, 4, 2, 3, 2, 3, 2, 2, 3, 2, 3, 2, 3, 3, 2, 2, 3, 3, 2, 2, 2, 3
chatcmpl-8wWxWFVzObakQ3Buq2UDvNvVkpt2V, 2, 1, 2, 1, 3, 2, 1, 3, 2, 2, 2, 3, 2, 2, 1, 2, 2, 2, 1, 1, 1, 3, 1, 2, 1, 2, 2, 1, 2, 1, 2, 2, 3, 2, 2, 1, 2, 1, 2, 1, 1, 2
chatcmpl-8wWxwz0ommhASYDjEzQkplkk0ly1q, 2, 1, 2, 1, 3, 2, 1, 2, 2, 2, 2, 2, 2, 2, 1, 2, 2, 2, 1, 1, 2, 3, 1, 2, 1, 2, 2, 1, 3, 1, 2, 2, 2, 2, 2, 1, 2, 2, 2, 1, 1, 2
chatcmpl-8wWyH8dZgnaMx3ndFUzHXqyXbOB59, 3, 2, 3, 2, 3, 2, 2, 3, 3, 3, 2, 3, 3, 2, 1, 3, 3, 2, 1, 2, 3, 2, 1, 3, 2, 3, 2, 2, 2, 2, 3, 2, 3, 3, 2, 2, 3, 3, 2, 2, 2, 2
chatcmpl-8wWyk8F5Y1hVp4L453ylsBiJU1vcy, 2, 1, 2, 1, 3, 2, 1, 3, 2, 2, 2, 3, 2, 2, 1, 2, 2, 2, 1, 1, 2, 3, 1, 2, 1, 2, 2, 1, 3, 2, 2, 2, 3, 2, 2, 1, 2, 2, 2, 1, 1, 3
chatcmpl-8wWz7g35xb6lmtbx9149xkgST9R1t, 2, 1, 2, 1, 3, 2, 1, 3, 2, 2, 2, 2, 2, 2, 1, 2, 2, 2, 1, 1, 2, 3, 1, 2, 1, 2, 2, 1, 3, 1, 2, 2, 2, 2, 2, 1, 2, 2, 2, 1, 1, 2
chatcmpl-8wWzPABYPxlbrEQriTZMOYSCr1Mtg, 2, 1, 2, 1, 3, 2, 1, 3, 2, 2, 2, 3, 2, 2, 1, 2, 2, 2, 1, 1, 2, 3, 1, 2, 2, 2, 2, 1, 3, 2, 2, 2, 3, 2, 2, 1, 2, 2, 2, 1, 1, 2
chatcmpl-8wWzlViEiPGT6dwociEJackol3IaZ, 2, 1, 2, 1, 3, 2, 1, 3, 2, 2, 2, 2, 2, 2, 1, 2, 2, 2, 1, 1, 2, 3, 1, 2, 1, 2, 2, 2, 3, 2, 2, 2, 3, 2, 2, 1, 2, 2, 2, 1, 1, 2
chatcmpl-8wX04oYlyeE6hPDkHrJMmix388o5Z, 2, 2, 2, 1, 3, 2, 1, 3, 2, 2, 2, 2, 1, 2, 1, 2, 1, 2, 1, 1, 1, 2, 1, 2, 1, 1, 2, 1, 2, 1, 2, 2, 2, 1, 2, 1, 1, 1, 2, 1, 1, 2
chatcmpl-8wX0Q8fEg3HgrBmGg6f2GDARGuafN, 2, 1, 2, 1, 3, 2, 1, 3, 2, 2, 2, 2, 2, 2, 1, 3, 2, 2, 1, 1, 2, 3, 1, 3, 1, 3, 2, 1, 3, 1, 3, 2, 3, 2, 2, 1, 2, 2, 2, 1, 1, 3
chatcmpl-8wX0lMddbgUp8DELk5sxxOSJUYvTJ, 2, 2, 3, 2, 3, 2, 1, 3, 2, 2, 2, 3, 2, 2, 1, 2, 2, 2, 1, 1, 2, 3, 1, 2, 2, 2, 2, 2, 2, 2, 2, 2, 3, 2, 2, 2, 2, 2, 2, 2, 1, 2
chatcmpl-8wX1IkoIo329SyoPG3J2z8KvOtpAv, 2, 3, 3, 2, 3, 2, 2, 4, 3, 2, 3, 3, 3, 2, 2, 3, 2, 2, 2, 2, 3, 3, 2, 3, 2, 3, 2, 3, 3, 2, 3, 2, 3, 3, 2, 3, 3, 3, 2, 3, 2, 3
chatcmpl-8wX1hBcHUG3YsKr9KubtZeccgAOND, 2, 1, 2, 1, 3, 2, 1, 3, 2, 2, 2, 3, 2, 2, 1, 2, 2, 2, 1, 1, 2, 3, 1, 2, 1, 2, 2, 1, 2, 1, 2, 2, 3, 2, 2, 1, 2, 2, 2, 1, 1, 3
chatcmpl-8wX1zAiThDTeDXFMR8xDFyj68OeRj, 2, 1, 1, 1, 3, 2, 1, 3, 2, 2, 2, 2, 2, 2, 1, 2, 1, 2, 1, 1, 2, 3, 1, 2, 1, 2, 2, 1, 2, 1, 2, 2, 3, 1, 2, 1, 2, 1, 2, 1, 1, 3
chatcmpl-8wX2QCxhscnoaXez87WLHI4XoBbEg, 2, 1, 2, 1, 3, 2, 1, 3, 2, 2, 2, 3, 2, 2, 1, 2, 2, 2, 1, 1, 2, 3, 1, 2, 1, 2, 2, 1, 2, 1, 2, 2, 2, 2, 2, 1, 2, 2, 2, 1, 1, 3
chatcmpl-8wX2j11gqq4ao4fSIaLgt3VGOzOfs, 2, 1, 2, 1, 3, 2, 1, 3, 2, 2, 2, 2, 2, 2, 1, 2, 2, 2, 1, 1, 1, 3, 1, 2, 1, 2, 2, 1, 3, 1, 2, 2, 3, 2, 2, 1, 2, 1, 3, 1, 1, 2
chatcmpl-8wX37b3Vl1dwlrrJ4zxctTlEYeVE8, 2, 1, 2, 1, 3, 2, 1, 3, 2, 2, 2, 3, 2, 2, 1, 2, 2, 1, 1, 1, 2, 3, 1, 2, 1, 2, 2, 1, 2, 1, 2, 2, 3, 1, 2, 1, 2, 1, 2, 1, 1, 2
chatcmpl-8wX3NQLtzt0FKkprFYuzbD1kfvGob, 2, 1, 2, 1, 3, 2, 1, 3, 2, 2, 2, 3, 2, 2, 1, 2, 2, 2, 1, 1, 2, 3, 1, 2, 1, 2, 2, 1, 3, 2, 2, 2, 3, 2, 2, 1, 2, 2, 2, 1, 1, 3
chatcmpl-8wX3mMgRom31qdNHMCjRkiQcJOQBh, 2, 2, 3, 2, 3, 2, 1, 3, 2, 2, 2, 3, 2, 2, 1, 3, 2, 2, 1, 1, 2, 3, 1, 3, 1, 2, 2, 2, 3, 2, 2, 2, 2, 2, 3, 1, 2, 2, 2, 2, 1, 2
chatcmpl-8wX4BUIJHitSSPBOGfB0kHAAJFn1H, 3, 2, 3, 2, 3, 3, 2, 4, 3, 3, 2, 3, 3, 2, 2, 2, 3, 2, 2, 2, 3, 3, 2, 3, 2, 3, 3, 2, 3, 2, 3, 2, 3, 3, 2, 2, 3, 3, 2, 2, 2, 3
chatcmpl-8wX4ZH284V74L2zmLaBNVjholdWvR, 3, 2, 3, 2, 3, 2, 2, 4, 3, 3, 3, 3, 3, 2, 2, 3, 3, 2, 2, 2, 3, 3, 2, 3, 2, 3, 2, 2, 3, 3, 3, 2, 3, 3, 2, 3, 3, 3, 2, 2, 2, 3
chatcmpl-8wX53nUAAxI1yf421XZOfMcDUpEiu, 2, 2, 3, 1, 3, 2, 1, 3, 3, 2, 2, 2, 2, 2, 1, 2, 2, 2, 2, 1, 2, 3, 1, 2, 2, 2, 2, 1, 2, 1, 3, 2, 3, 2, 2, 1, 2, 2, 2, 1, 1, 2
chatcmpl-8wX5X7t3HHNyG47RV3jc5T0NlHMFc, 3, 2, 3, 2, 4, 3, 2, 3, 3, 3, 3, 3, 3, 2, 2, 3, 3, 2, 2, 2, 3, 3, 2, 3, 2, 3, 3, 3, 3, 2, 2, 3, 3, 3, 3, 3, 3, 3, 3, 3, 2, 3
chatcmpl-8wX6FnKW3rX20fh5Ju4lkAvVWLfEk, 2, 2, 2, 1, 3, 2, 1, 3, 2, 2, 2, 3, 2, 2, 1, 2, 2, 2, 1, 1, 2, 3, 1, 2, 1, 2, 2, 1, 3, 1, 2, 1, 2, 2, 1, 1, 2, 2, 2, 1, 1, 2
chatcmpl-8wX6dfG9Va9PX9wZLpxYvURkl5vbD, 2, 2, 2, 1, 3, 2, 1, 3, 2, 2, 2, 3, 2, 2, 1, 2, 2, 2, 1, 1, 2, 3, 1, 2, 1, 2, 2, 1, 3, 2, 2, 2, 3, 2, 2, 1, 2, 2, 3, 1, 1, 2
chatcmpl-8wX72UY0dFcBkba6ryUgfRr0tMzOT, 2, 1, 2, 1, 3, 2, 1, 3, 2, 2, 2, 1, 2, 2, 1, 2, 1, 2, 1, 1, 2, 2, 1, 2, 1, 2, 2, 1, 3, 1, 2, 2, 2, 1, 2, 1, 2, 1, 2, 1, 1, 2
chatcmpl-8wX7Qtz53UHY04d0L4s40euF5LMRL, 2, 2, 3, 1, 3, 2, 1, 3, 2, 2, 2, 2, 2, 2, 1, 2, 2, 2, 1, 1, 2, 3, 1, 2, 1, 2, 2, 1, 3, 2, 2, 2, 3, 2, 2, 1, 2, 2, 2, 1, 1, 3
chatcmpl-8wX7j6K1hCuypREJg03amFCIj2ziW, 2, 1, 2, 1, 3, 2, 1, 3, 2, 2, 2, 3, 2, 1, 1, 2, 2, 2, 1, 1, 1, 3, 1, 2, 1, 2, 2, 1, 2, 2, 2, 2, 3, 2, 2, 1, 2, 1, 2, 1, 1, 2
chatcmpl-8wX803Ru1QixG1C5sgbbBSXfmXrYt, 2, 2, 2, 1, 3, 2, 1, 3, 2, 2, 2, 2, 2, 2, 1, 2, 2, 2, 1, 1, 2, 3, 1, 2, 1, 2, 2, 1, 2, 1, 2, 2, 2, 2, 2, 1, 2, 2, 2, 1, 1, 2
chatcmpl-8wX8OsYEgpJZdGgCalryCKJVPH1zA, 2, 2, 2, 1, 3, 2, 1, 3, 2, 2, 2, 3, 2, 2, 1, 2, 2, 2, 1, 1, 2, 3, 1, 2, 2, 2, 2, 2, 2, 2, 3, 2, 3, 2, 2, 1, 2, 2, 2, 2, 1, 2
chatcmpl-8wX8fTpkwTfX0uULhRngE3Tev0gli, 2, 1, 2, 1, 3, 2, 1, 3, 3, 2, 2, 2, 2, 2, 1, 2, 2, 2, 1, 1, 2, 3, 1, 2, 1, 1, 2, 1, 2, 1, 2, 2, 3, 2, 2, 1, 2, 2, 2, 1, 1, 3
chatcmpl-8wX919RR1sSuIAsSAFNdUg1wX9oFK, 2, 1, 2, 1, 3, 2, 1, 3, 2, 2, 2, 2, 2, 2, 1, 2, 2, 2, 1, 1, 2, 3, 1, 2, 1, 2, 2, 1, 2, 2, 2, 2, 2, 2, 2, 1, 2, 2, 2, 1, 1, 2
chatcmpl-8wX9Ui4VAEOEzIviF1dp6dS4EDW13, 3, 2, 3, 2, 3, 2, 2, 4, 3, 3, 2, 2, 3, 2, 2, 3, 3, 2, 2, 2, 3, 4, 2, 3, 2, 3, 2, 2, 3, 2, 3, 2, 3, 3, 2, 2, 3, 3, 2, 2, 2, 2
chatcmpl-8wX9yvVGC8yalnvTtaEXK8K8xt7Xe, 2, 2, 3, 1, 3, 2, 1, 3, 2, 2, 2, 3, 3, 2, 1, 3, 3, 2, 1, 1, 3, 2, 1, 2, 2, 3, 2, 1, 2, 1, 3, 2, 3, 2, 2, 1, 2, 3, 2, 1, 1, 2
chatcmpl-8wXALxHS1OfToHVG6URiMHS96JQMl, 2, 2, 3, 2, 3, 2, 2, 3, 2, 2, 2, 2, 3, 2, 2, 3, 2, 2, 2, 2, 2, 3, 2, 2, 2, 3, 2, 2, 3, 2, 3, 2, 3, 2, 2, 2, 2, 2, 2, 2, 2, 2
chatcmpl-8wXAxknC3BkTHXOzvAeGv8Fyhe1n8, 2, 1, 2, 1, 3, 2, 1, 3, 2, 2, 2, 2, 2, 2, 1, 2, 2, 2, 1, 1, 2, 3, 1, 2, 1, 2, 2, 1, 3, 2, 2, 2, 2, 2, 2, 1, 2, 2, 3, 2, 1, 3
chatcmpl-8wXBB2s9jefASy4uDhTgcXd9yEuPq, 2, 2, 2, 1, 3, 2, 1, 3, 2, 2, 2, 3, 2, 2, 1, 2, 2, 2, 1, 1, 2, 3, 1, 2, 1, 2, 2, 1, 3, 2, 2, 2, 3, 2, 2, 1, 2, 2, 2, 1, 1, 3
chatcmpl-8wXBYGta9df484GmnYNy6tbEX4JtM, 2, 1, 2, 1, 3, 2, 1, 3, 2, 2, 2, 3, 2, 2, 1, 2, 1, 2, 1, 1, 1, 3, 1, 2, 1, 2, 2, 1, 2, 1, 2, 2, 3, 1, 2, 1, 2, 1, 2, 1, 1, 3
chatcmpl-8wXBukl0MVpJAhE9hdoDACzZH60vS, 2, 2, 2, 1, 3, 2, 1, 3, 2, 2, 2, 2, 2, 2, 1, 2, 2, 2, 1, 1, 2, 2, 1, 2, 1, 2, 2, 1, 2, 2, 2, 2, 2, 2, 2, 1, 2, 2, 2, 1, 1, 2
chatcmpl-8wXCJBnqXrIYkwFfgBNRUt3rI2SAA, 3, 2, 3, 1, 3, 2, 1, 3, 2, 2, 2, 3, 2, 2, 1, 2, 2, 2, 1, 1, 2, 3, 2, 2, 2, 1, 2, 1, 2, 2, 2, 2, 2, 1, 2, 1, 2, 2, 2, 2, 1, 2
chatcmpl-8wXCisY7i1CM0phnssjHdzBxdotIJ, 2, 2, 2, 1, 3, 2, 1, 3, 2, 2, 2, 2, 1, 2, 1, 2, 1, 2, 1, 1, 1, 3, 1, 2, 1, 2, 2, 1, 2, 2, 2, 2, 3, 1, 2, 1, 2, 1, 2, 1, 1, 2
chatcmpl-8wXD6J7qGhY4RHuoZC04mXvPMyPIz, 2, 2, 2, 1, 3, 2, 1, 3, 2, 2, 2, 2, 2, 2, 1, 2, 2, 2, 1, 1, 2, 3, 1, 2, 1, 2, 2, 1, 3, 2, 2, 2, 3, 2, 3, 1, 2, 2, 2, 1, 1, 2
chatcmpl-8wXDQID6T4y6RZqX0KYKSsyqmafhw, 2, 2, 3, 2, 3, 2, 1, 3, 3, 2, 2, 3, 2, 3, 1, 3, 2, 2, 1, 1, 2, 3, 1, 2, 2, 2, 2, 2, 3, 2, 2, 2, 3, 2, 2, 2, 2, 3, 2, 2, 1, 3
chatcmpl-8wXE5IQrYn4kt5DmiOtWPqHpRw5jx, 2, 2, 2, 1, 3, 2, 1, 3, 2, 2, 2, 3, 2, 2, 1, 2, 2, 2, 1, 2, 2, 3, 1, 2, 1, 2, 2, 2, 2, 2, 3, 2, 3, 2, 2, 2, 2, 2, 2, 2, 1, 2
chatcmpl-8wXETugSuEk90orLLOUcMLya1YE1f, 2, 2, 2, 1, 3, 2, 1, 3, 2, 2, 2, 3, 2, 2, 1, 2, 2, 2, 1, 1, 2, 3, 1, 2, 1, 2, 2, 1, 2, 1, 2, 2, 2, 2, 2, 1, 2, 2, 2, 1, 1, 2
chatcmpl-8wXEprsFbflMEKOjBoY2TcAZCG8kd, 2, 1, 2, 1, 3, 2, 1, 3, 2, 2, 2, 2, 2, 2, 1, 2, 2, 1, 1, 1, 2, 3, 1, 2, 1, 2, 1, 1, 2, 1, 2, 2, 2, 1, 2, 1, 2, 1, 1, 1, 1, 2
chatcmpl-8wXF96LtiXEYFY4WOFrNmz0Sshx1o, 2, 1, 2, 1, 3, 2, 1, 4, 2, 2, 2, 3, 2, 2, 1, 2, 2, 2, 1, 1, 2, 3, 1, 2, 1, 2, 2, 1, 3, 2, 2, 2, 3, 2, 2, 1, 2, 2, 2, 1, 1, 3
chatcmpl-8wXFTFEQL9Oq4JVP3g5xEBCqobAD5, 2, 2, 3, 1, 3, 2, 1, 3, 2, 2, 2, 2, 2, 2, 1, 2, 2, 2, 1, 1, 2, 3, 1, 2, 1, 2, 2, 1, 3, 2, 2, 2, 2, 2, 2, 1, 2, 2, 2, 1, 1, 2
chatcmpl-8wXFnC9bg6xf8BiHtKrB0opKdTopD, 2, 1, 2, 1, 3, 2, 1, 3, 2, 2, 2, 3, 1, 2, 1, 1, 1, 2, 1, 1, 2, 3, 1, 1, 1, 1, 2, 1, 3, 2, 2, 2, 3, 1, 2, 1, 2, 1, 2, 1, 1, 3
chatcmpl-8wXG6pcNX1iiNdvG7Wy7ytb1ElS72, 3, 2, 3, 2, 4, 3, 2, 3, 3, 3, 3, 3, 3, 2, 2, 3, 3, 2, 2, 2, 3, 3, 2, 3, 2, 3, 2, 2, 3, 2, 3, 2, 3, 3, 2, 3, 3, 3, 3, 2, 2, 3
chatcmpl-8wXGWcqsqIHa3RjpmIJO1kYitmFwz, 2, 1, 2, 1, 3, 2, 1, 3, 2, 2, 2, 3, 2, 2, 1, 2, 2, 1, 1, 1, 1, 3, 1, 2, 1, 2, 2, 1, 2, 1, 2, 2, 2, 2, 2, 1, 2, 1, 2, 1, 1, 2
chatcmpl-8wXGxCE5p9n0ydAPEK8COuhw4CHIG, 2, 2, 3, 1, 3, 2, 1, 3, 2, 2, 2, 3, 3, 2, 1, 2, 2, 2, 2, 1, 2, 2, 1, 3, 1, 3, 2, 1, 2, 2, 2, 2, 3, 2, 2, 1, 2, 2, 2, 1, 1, 2
chatcmpl-8wXHFDZQxJDNt9Zi4vDMEd8KKVoht, 2, 2, 2, 1, 3, 2, 1, 3, 3, 2, 2, 3, 2, 2, 1, 2, 2, 2, 1, 1, 2, 2, 1, 2, 1, 2, 2, 1, 2, 2, 2, 2, 3, 2, 2, 1, 2, 2, 2, 1, 1, 2
chatcmpl-8wXHeb98xEftR2J9MDUmVUOg9nnA8, 2, 2, 3, 1, 3, 2, 1, 3, 2, 2, 2, 3, 2, 2, 1, 2, 2, 2, 1, 1, 2, 3, 1, 2, 2, 2, 2, 2, 2, 2, 2, 2, 3, 2, 2, 1, 2, 2, 2, 2, 1, 3
chatcmpl-8wXI4n6fTdfCBuQbiEU80hGinSGPt, 2, 2, 3, 1, 3, 3, 1, 3, 2, 3, 2, 2, 2, 2, 1, 3, 3, 2, 1, 1, 3, 2, 1, 3, 2, 2, 2, 3, 2, 2, 3, 2, 3, 3, 2, 1, 3, 3, 2, 2, 1, 2
chatcmpl-8wXIPsL31dBcLTso0fgrMNfWLVkrM, 3, 2, 3, 2, 3, 2, 2, 3, 3, 3, 2, 3, 3, 2, 2, 3, 3, 2, 2, 2, 3, 3, 2, 3, 2, 3, 2, 2, 3, 2, 3, 2, 3, 3, 2, 2, 3, 3, 3, 2, 2, 3
chatcmpl-8wXIl4BoB8GAs8afv56dB8NTQkQjh, 2, 2, 2, 1, 3, 2, 1, 3, 2, 2, 2, 2, 2, 2, 1, 2, 2, 2, 1, 1, 2, 3, 1, 2, 1, 2, 2, 1, 3, 1, 2, 2, 3, 2, 1, 1, 2, 2, 2, 1, 1, 2
chatcmpl-8wXJ5vU113xzqYbeg3J0Mu2I8LpPO, 2, 1, 2, 1, 3, 2, 1, 3, 2, 2, 2, 2, 1, 2, 1, 2, 1, 1, 1, 1, 2, 3, 1, 2, 1, 2, 1, 1, 2, 2, 2, 2, 2, 1, 2, 1, 2, 1, 2, 1, 1, 2
chatcmpl-8wXJSIav6qlWlOMgKg72OZq2plpNN, 2, 3, 3, 1, 3, 2, 1, 3, 2, 3, 2, 3, 2, 2, 1, 2, 2, 2, 1, 1, 2, 3, 1, 2, 1, 2, 2, 2, 3, 2, 2, 3, 3, 2, 3, 1, 2, 3, 2, 2, 1, 3
chatcmpl-8wXJrhuSch9byjti6s3xogIYyCzpT, 2, 1, 2, 1, 3, 2, 1, 3, 2, 2, 2, 3, 1, 2, 1, 2, 1, 2, 1, 1, 2, 3, 1, 2, 1, 1, 2, 1, 2, 2, 2, 2, 2, 1, 2, 1, 2, 2, 2, 1, 1, 2
chatcmpl-8wXK7c1qUH2I761umgQGq0h7GLAma, 2, 1, 2, 1, 3, 2, 1, 3, 2, 2, 2, 3, 2, 2, 1, 2, 2, 2, 1, 1, 2, 3, 1, 2, 1, 2, 2, 1, 3, 2, 2, 2, 3, 2, 2, 1, 2, 2, 2, 1, 1, 3
chatcmpl-8wXKQqtXOfmvKbBR5ndyqMvagx2zm, 3, 2, 3, 2, 3, 2, 2, 3, 2, 3, 2, 2, 2, 2, 2, 3, 2, 2, 2, 2, 3, 3, 2, 3, 2, 3, 2, 3, 3, 2, 3, 2, 3, 2, 2, 2, 3, 3, 2, 2, 2, 2
chatcmpl-8wXKogu5DOAyniW5jyCRQLcK0bY5t, 2, 1, 2, 1, 3, 2, 1, 3, 2, 2, 2, 3, 2, 2, 1, 2, 2, 2, 1, 1, 2, 3, 1, 2, 1, 2, 2, 1, 3, 2, 2, 2, 3, 2, 2, 1, 2, 2, 2, 1, 1, 2
chatcmpl-8wXLB0V9POWlQYaXnfHwRVObBgo1q, 2, 1, 2, 1, 3, 2, 1, 3, 3, 2, 2, 3, 2, 2, 1, 2, 2, 2, 1, 1, 2, 3, 1, 2, 1, 2, 2, 1, 3, 2, 2, 2, 3, 2, 3, 1, 2, 2, 2, 1, 1, 2
chatcmpl-8wXLXkYvESdiAJyKsWQd8KKBkykiS, 2, 1, 2, 1, 3, 2, 1, 3, 2, 2, 2, 2, 1, 2, 1, 2, 1, 2, 1, 1, 2, 3, 1, 2, 1, 1, 2, 1, 3, 2, 2, 2, 2, 1, 2, 1, 2, 1, 2, 1, 1, 2
chatcmpl-8wXLqcZQRVDBsj8qUfHuFYFz12dW6, 2, 1, 2, 1, 3, 2, 1, 3, 2, 2, 2, 2, 1, 2, 1, 2, 1, 2, 1, 1, 2, 3, 1, 2, 1, 1, 2, 1, 2, 1, 2, 2, 2, 1, 2, 1, 2, 1, 2, 1, 1, 3
chatcmpl-8wXM9e9HUTGUMtLBC2cyV3V8LMKqf, 2, 1, 2, 1, 3, 2, 1, 3, 2, 2, 2, 3, 2, 3, 1, 2, 2, 2, 1, 1, 2, 3, 1, 2, 1, 2, 2, 2, 3, 1, 2, 2, 2, 2, 2, 1, 2, 2, 2, 1, 1, 3
chatcmpl-8wXMYAkakGgoOasekJ64nntgG06e6, 2, 1, 2, 1, 3, 2, 1, 3, 2, 2, 2, 2, 2, 2, 1, 2, 1, 2, 1, 1, 2, 3, 1, 2, 1, 1, 2, 1, 3, 1, 2, 2, 2, 1, 2, 1, 2, 1, 2, 1, 1, 2
chatcmpl-8wXMsIBfd0FDssqYVOZj8k3Nsz6jy, 2, 2, 2, 1, 3, 2, 1, 3, 2, 2, 2, 2, 2, 3, 1, 2, 2, 2, 1, 1, 2, 3, 1, 3, 1, 2, 2, 1, 3, 2, 2, 3, 3, 2, 2, 1, 2, 2, 2, 1, 1, 2
chatcmpl-8wXNIFEDHGVHu04R0gnBoqf4A8OG1, 2, 2, 2, 1, 3, 2, 1, 3, 2, 2, 2, 2, 2, 2, 1, 2, 2, 2, 1, 1, 2, 3, 1, 2, 1, 2, 2, 1, 3, 2, 2, 2, 3, 2, 2, 1, 2, 1, 2, 1, 1, 2
chatcmpl-8wXNewgwp4kXk5KbAFdDaiOcOqTVF, 3, 2, 3, 2, 4, 3, 2, 3, 2, 3, 3, 3, 3, 2, 2, 3, 2, 3, 2, 3, 3, 3, 2, 3, 2, 3, 3, 3, 3, 3, 3, 3, 4, 2, 3, 2, 3, 3, 3, 3, 2, 3
chatcmpl-8wXO930r8fCfdvruGDFRVM9gGXxXp, 2, 2, 2, 1, 3, 2, 1, 3, 2, 2, 2, 2, 2, 2, 1, 2, 1, 2, 1, 1, 2, 3, 1, 2, 1, 2, 2, 1, 3, 1, 2, 2, 2, 1, 2, 1, 2, 1, 2, 1, 1, 2
chatcmpl-8wXOTjkz50Q6wPW8qlE1gQcB3tot9, 2, 2, 2, 1, 3, 2, 1, 3, 2, 2, 2, 2, 2, 2, 1, 2, 2, 1, 1, 1, 2, 3, 1, 2, 1, 2, 1, 1, 2, 2, 2, 2, 2, 2, 2, 1, 2, 1, 2, 1, 1, 2
chatcmpl-8wXOpflsq88ZpfCAX815ki5cccv0w, 3, 2, 3, 2, 3, 2, 1, 4, 3, 3, 2, 3, 2, 2, 1, 2, 2, 2, 1, 1, 2, 3, 1, 2, 2, 2, 2, 2, 3, 2, 3, 2, 3, 2, 2, 1, 3, 3, 2, 2, 2, 2
chatcmpl-8wXPKaJpIMo4aLXgHqESwhDiX7l7W, 2, 2, 3, 2, 3, 2, 2, 3, 2, 3, 2, 2, 3, 2, 2, 3, 2, 2, 2, 2, 3, 3, 2, 3, 2, 3, 2, 2, 2, 2, 2, 2, 3, 2, 2, 2, 3, 3, 2, 2, 2, 2
chatcmpl-8wXPg3w1ScUXZm2JocP9A4eTNls98, 2, 1, 2, 1, 3, 2, 1, 3, 2, 2, 2, 2, 2, 2, 1, 2, 2, 2, 1, 1, 2, 2, 1, 2, 1, 2, 2, 2, 2, 2, 2, 2, 2, 2, 2, 1, 2, 2, 2, 2, 1, 2
chatcmpl-8wXPzkLURKQHCMi2Ap7K1wH6EL3dp, 3, 2, 3, 2, 3, 2, 2, 3, 2, 3, 2, 2, 3, 2, 2, 3, 2, 2, 2, 2, 3, 2, 2, 3, 2, 3, 2, 2, 3, 2, 3, 2, 3, 2, 2, 2, 3, 3, 2, 2, 2, 2
chatcmpl-8wXQMU3WUdRQDFvMGpILHgp66EI2N, 2, 2, 2, 1, 3, 2, 1, 3, 2, 2, 2, 2, 2, 2, 1, 2, 2, 2, 1, 1, 2, 3, 1, 2, 1, 2, 2, 1, 2, 2, 3, 2, 2, 2, 2, 1, 2, 2, 2, 1, 1, 3
chatcmpl-8wXQmZoqhbemSl3ruO9NZFA1Sb73K, 3, 2, 3, 2, 3, 2, 1, 3, 3, 3, 2, 2, 3, 2, 1, 3, 3, 2, 1, 2, 3, 3, 1, 3, 2, 3, 2, 2, 3, 2, 3, 2, 3, 3, 2, 2, 3, 3, 2, 2, 1, 3
chatcmpl-8wXRChNB7gtHqEozruagyeTbxfQui, 2, 3, 2, 1, 3, 2, 1, 3, 2, 2, 2, 1, 2, 2, 1, 2, 2, 2, 1, 1, 2, 3, 1, 2, 1, 2, 2, 1, 2, 1, 2, 2, 2, 2, 2, 1, 2, 2, 2, 1, 1, 2
chatcmpl-8wXRmzVp4PhQ8SwGaHjIAbQ85KUcW, 2, 1, 2, 1, 3, 2, 1, 3, 2, 2, 2, 3, 2, 2, 1, 2, 2, 2, 1, 1, 2, 3, 1, 2, 1, 2, 2, 1, 3, 1, 2, 2, 3, 2, 2, 1, 2, 2, 2, 1, 1, 2
chatcmpl-8wXSCaMfbU47xQFlG63gMTi35hplS, 2, 1, 2, 1, 3, 2, 1, 3, 2, 2, 2, 2, 2, 2, 1, 2, 2, 1, 1, 1, 2, 3, 1, 2, 2, 2, 2, 1, 2, 1, 2, 2, 3, 2, 2, 1, 2, 2, 2, 1, 1, 2
chatcmpl-8wXSTWDZahYoY0m5g7JKSfdyr78vW, 2, 1, 2, 1, 3, 2, 1, 4, 3, 2, 2, 3, 2, 2, 1, 2, 1, 2, 1, 1, 2, 3, 1, 2, 1, 2, 2, 1, 3, 1, 2, 2, 2, 1, 2, 1, 2, 1, 2, 1, 1, 2
chatcmpl-8wXSmMm9fjgGvVrSyZO7vW76TaZKj, 2, 2, 3, 2, 3, 2, 1, 4, 2, 2, 2, 3, 2, 2, 1, 2, 2, 2, 1, 1, 2, 3, 1, 2, 1, 2, 2, 1, 3, 2, 2, 2, 3, 2, 2, 1, 2, 2, 2, 1, 1, 3
chatcmpl-8wXT67FiImt6TXeeLIr6fniNqfI7B, 2, 1, 2, 1, 3, 2, 1, 3, 2, 2, 2, 3, 2, 2, 1, 2, 2, 2, 1, 1, 2, 3, 1, 2, 1, 2, 2, 1, 3, 2, 2, 2, 3, 2, 2, 1, 2, 2, 2, 1, 1, 2
chatcmpl-8wXTU4wkEwekLguCVDgr2J2RTNMsN, 2, 1, 2, 1, 3, 2, 1, 3, 2, 2, 2, 3, 2, 2, 1, 2, 2, 2, 1, 1, 2, 3, 1, 2, 1, 2, 2, 1, 2, 1, 2, 2, 3, 2, 2, 1, 2, 2, 2, 1, 1, 2
chatcmpl-8wXTmc3VWMB0neaGNeUlTd2hUwmi6, 2, 1, 2, 1, 3, 2, 1, 3, 2, 2, 2, 1, 2, 2, 1, 2, 1, 2, 1, 1, 2, 3, 1, 2, 1, 2, 2, 1, 3, 2, 2, 2, 3, 1, 2, 1, 2, 1, 2, 1, 1, 2
chatcmpl-8wXU67f6CrA3qZHL9U3KWN1rmMTWU, 2, 2, 3, 1, 3, 2, 1, 3, 2, 3, 2, 2, 2, 2, 1, 2, 2, 2, 1, 1, 2, 2, 1, 2, 1, 2, 2, 2, 2, 2, 2, 2, 3, 2, 2, 1, 2, 2, 2, 1, 1, 2
chatcmpl-8wXUWnsD6REfwMScfZHK8M7IOMmeL, 2, 1, 2, 1, 3, 2, 1, 3, 2, 2, 2, 3, 1, 2, 1, 2, 1, 2, 1, 1, 2, 3, 1, 2, 1, 1, 1, 1, 2, 1, 2, 2, 3, 1, 2, 1, 2, 1, 2, 1, 1, 3
chatcmpl-8wXUqunPZPUDVmjQGKrCiBRESyL8t, 2, 2, 2, 1, 3, 2, 1, 3, 3, 2, 2, 2, 2, 2, 1, 2, 2, 2, 1, 1, 2, 3, 1, 2, 1, 2, 2, 1, 3, 2, 2, 2, 3, 2, 2, 1, 2, 2, 2, 1, 1, 2
chatcmpl-8wXVA47zzF3tRFmHjkBnMzU1pGFw2, 2, 2, 2, 1, 3, 2, 1, 3, 2, 2, 3, 2, 2, 2, 1, 2, 2, 2, 1, 1, 2, 3, 1, 2, 1, 2, 2, 1, 2, 2, 2, 2, 3, 2, 2, 1, 2, 2, 2, 1, 1, 2
chatcmpl-8wXVV0Szg11HtsNmVWskqZGyuw0Au, 3, 2, 3, 1, 3, 2, 1, 4, 2, 3, 2, 3, 4, 2, 1, 3, 3, 2, 1, 2, 3, 4, 1, 3, 2, 3, 2, 3, 3, 2, 3, 2, 3, 3, 2, 2, 3, 3, 3, 2, 1, 3
chatcmpl-8wXVx0EPT5AqozCHT5ppGJu3LpJfL, 2, 2, 2, 1, 3, 2, 1, 3, 2, 2, 2, 2, 2, 2, 1, 2, 2, 2, 1, 1, 2, 3, 1, 2, 1, 2, 2, 1, 3, 2, 2, 2, 2, 2, 2, 1, 2, 2, 2, 1, 1, 2
chatcmpl-8wXWKC1pJG0PEFaWr69QIJe71WTMN, 2, 1, 2, 1, 3, 2, 1, 3, 2, 2, 2, 3, 2, 2, 1, 2, 2, 1, 1, 1, 2, 3, 1, 2, 1, 2, 2, 1, 3, 2, 2, 2, 3, 1, 2, 1, 2, 2, 2, 1, 1, 3
chatcmpl-8wXWia2gELtqg3Gnu7tbk6ATY4exC, 2, 2, 2, 1, 3, 2, 1, 3, 2, 2, 2, 2, 2, 2, 1, 2, 2, 2, 1, 1, 2, 3, 1, 2, 1, 2, 2, 1, 2, 1, 2, 2, 2, 2, 2, 1, 2, 2, 2, 1, 1, 2
chatcmpl-8wXX692p73LaQbWlafMwz0xQPnp8p, 2, 1, 2, 1, 3, 2, 1, 3, 2, 2, 2, 2, 2, 2, 1, 2, 2, 2, 1, 1, 2, 3, 1, 2, 1, 2, 2, 1, 3, 2, 2, 2, 3, 2, 2, 1, 2, 2, 2, 1, 1, 2
chatcmpl-8wXXSYMZpACep3DxakND8Y6GHJJ6x, 3, 2, 3, 1, 4, 3, 2, 4, 3, 3, 2, 3, 2, 2, 1, 3, 2, 2, 2, 2, 3, 3, 2, 3, 2, 3, 2, 2, 3, 3, 2, 3, 3, 2, 3, 2, 3, 3, 2, 3, 2, 3
chatcmpl-8wXXxB05vTWNIqjUZ6pM7hVFDdnaV, 2, 1, 2, 1, 3, 2, 1, 4, 3, 2, 3, 2, 2, 2, 1, 2, 2, 2, 1, 1, 2, 3, 1, 2, 1, 2, 2, 1, 3, 2, 2, 2, 3, 2, 2, 1, 2, 2, 2, 1, 1, 2
chatcmpl-8wXYFfLxksVLL4waGlUXAV7hAuT4U, 2, 1, 2, 1, 3, 2, 1, 3, 2, 2, 2, 3, 2, 1, 1, 2, 2, 2, 1, 1, 2, 3, 1, 2, 1, 2, 2, 1, 3, 2, 3, 2, 3, 2, 2, 1, 2, 2, 2, 1, 1, 3
chatcmpl-8wXYfzuOeY7fuwEiU7SVclLh9CpuP, 2, 2, 2, 2, 3, 2, 2, 3, 2, 3, 2, 2, 3, 2, 2, 3, 2, 2, 2, 2, 3, 4, 2, 3, 2, 3, 2, 2, 3, 2, 3, 2, 2, 2, 2, 2, 3, 3, 2, 2, 2, 3
